borrower_id,business_type,loan_purpose,loan_amount_ksh,loan_term_months,mpesa_transactions_monthly,mpesa_avg_balance_ksh,prev_loans_repaid,prev_loans_defaulted,group_lending_member,dependants,business_age_months,has_mobile_money_savings,loan_defaulted
MFI-00001,Food Vendor,Stock Purchase,76502.0,9,9,3713.0,0,3,1,1,93,0,0
MFI-00002,Kiosk Owner,Equipment,32214.0,9,18,32976.0,1,0,0,4,1,1,0
MFI-00003,Jua Kali Artisan,Equipment,15414.0,12,21,2758.0,2,0,0,2,64,1,0
MFI-00004,Market Trader,Business Expansion,39039.0,18,20,3236.0,0,0,0,4,118,1,0
MFI-00005,Kiosk Owner,Business Expansion,16333.0,6,13,,1,0,1,2,3,0,0
MFI-00006,Food Vendor,Business Expansion,44739.0,3,19,6615.0,1,1,0,3,20,0,1
MFI-00007,Jua Kali Artisan,Equipment,26552.0,18,16,4747.0,3,2,0,4,28,1,0
MFI-00008,Jua Kali Artisan,Equipment,32508.0,18,19,,1,0,0,3,39,1,0
MFI-00009,Food Vendor,Equipment,18814.0,6,12,1968.0,2,0,0,2,1,1,0
MFI-00010,Food Vendor,Stock Purchase,67442.0,9,16,5582.0,3,1,1,0,11,1,1
MFI-00011,Jua Kali Artisan,Business Expansion,32311.0,3,16,22237.0,2,1,0,4,6,1,0
MFI-00012,Market Trader,Stock Purchase,20123.0,3,29,,2,1,1,3,52,1,0
MFI-00013,Jua Kali Artisan,Business Expansion,32972.0,3,13,12425.0,3,1,1,4,86,1,0
MFI-00014,Food Vendor,Medical Emergency,145489.0,12,19,6918.0,2,1,0,5,25,0,1
MFI-00015,Market Trader,Stock Purchase,47470.0,9,17,4187.0,2,0,1,2,23,1,0
MFI-00016,Kiosk Owner,Business Expansion,85879.0,9,21,,1,0,0,3,14,0,0
MFI-00017,Boda Boda Operator,School Fees,10003.0,9,18,7149.0,2,0,1,3,6,1,0
MFI-00018,Boda Boda Operator,Medical Emergency,31011.0,6,11,16844.0,0,0,1,3,5,1,0
MFI-00019,Boda Boda Operator,Stock Purchase,16319.0,12,10,1385.0,1,0,1,1,13,0,0
MFI-00020,Kiosk Owner,Stock Purchase,23969.0,6,19,8707.0,2,0,1,3,4,1,0
MFI-00021,Kiosk Owner,School Fees,19668.0,6,10,,2,0,1,3,11,1,0
MFI-00022,Jua Kali Artisan,Equipment,101876.0,9,22,6991.0,1,0,1,2,28,1,0
MFI-00023,Kiosk Owner,School Fees,64443.0,12,15,2343.0,0,0,1,0,52,1,0
MFI-00024,Kiosk Owner,Equipment,19845.0,12,22,5683.0,2,0,1,3,19,0,0
MFI-00025,Food Vendor,Stock Purchase,25041.0,6,22,1907.0,1,0,0,3,19,1,0
MFI-00026,Kiosk Owner,Equipment,48547.0,9,24,12965.0,1,0,1,1,5,1,0
MFI-00027,Food Vendor,School Fees,74050.0,12,21,5194.0,3,0,0,2,40,0,1
MFI-00028,Jua Kali Artisan,Business Expansion,83516.0,6,15,29402.0,2,1,0,5,21,0,1
MFI-00029,Boda Boda Operator,Medical Emergency,60361.0,6,19,6669.0,1,0,1,3,75,0,0
MFI-00030,Market Trader,Stock Purchase,150000.0,9,16,1810.0,1,0,1,2,25,1,0
MFI-00031,Boda Boda Operator,Medical Emergency,51094.0,12,12,1003.0,3,0,1,5,22,1,0
MFI-00032,Jua Kali Artisan,School Fees,25440.0,6,15,20346.0,1,0,1,4,8,0,0
MFI-00033,Market Trader,Medical Emergency,18924.0,9,13,2703.0,0,0,0,8,22,0,1
MFI-00034,Boda Boda Operator,Business Expansion,15312.0,3,20,1833.0,2,0,1,4,26,0,1
MFI-00035,Jua Kali Artisan,Business Expansion,13797.0,18,15,18853.0,3,0,1,2,8,0,0
MFI-00036,Jua Kali Artisan,Business Expansion,62300.0,12,28,3181.0,1,0,0,5,1,0,0
MFI-00037,Food Vendor,School Fees,129659.0,18,16,12243.0,0,0,0,3,28,0,0
MFI-00038,Kiosk Owner,Business Expansion,39490.0,18,15,6993.0,1,1,1,5,17,1,1
MFI-00039,Food Vendor,Stock Purchase,150000.0,12,20,724.0,3,0,0,2,12,1,1
MFI-00040,Food Vendor,Business Expansion,37124.0,6,23,9323.0,0,0,0,2,30,0,0
MFI-00041,Boda Boda Operator,School Fees,59013.0,9,18,1858.0,1,0,0,6,32,1,0
MFI-00042,Jua Kali Artisan,Business Expansion,10241.0,6,20,1432.0,1,1,1,2,9,1,0
MFI-00043,Kiosk Owner,Medical Emergency,69549.0,3,16,536.0,2,0,1,1,1,1,0
MFI-00044,Jua Kali Artisan,Business Expansion,21814.0,3,22,1548.0,1,0,1,2,6,1,0
MFI-00045,Market Trader,School Fees,70578.0,12,16,,0,0,0,2,61,1,0
MFI-00046,Boda Boda Operator,Medical Emergency,101366.0,12,16,,1,2,1,2,8,1,0
MFI-00047,Food Vendor,Equipment,46344.0,12,18,5714.0,5,0,1,1,4,0,0
MFI-00048,Kiosk Owner,Stock Purchase,51359.0,6,24,11885.0,1,0,0,1,50,0,0
MFI-00049,Kiosk Owner,Business Expansion,39927.0,3,15,897.0,1,0,0,3,1,1,0
MFI-00050,Kiosk Owner,School Fees,60578.0,6,13,613.0,3,0,0,2,40,1,1
MFI-00051,Market Trader,Stock Purchase,150000.0,9,18,50000.0,2,2,0,0,36,1,0
MFI-00052,Food Vendor,Medical Emergency,36651.0,6,17,4642.0,5,0,0,7,20,1,1
MFI-00053,Kiosk Owner,School Fees,41434.0,9,20,8387.0,1,0,1,4,24,0,0
MFI-00054,Jua Kali Artisan,Business Expansion,8754.0,9,24,1165.0,3,0,1,3,4,1,0
MFI-00055,Kiosk Owner,Business Expansion,50902.0,3,20,9719.0,1,1,0,1,20,0,1
MFI-00056,Kiosk Owner,Equipment,19440.0,18,21,14022.0,1,0,1,1,19,0,0
MFI-00057,Kiosk Owner,Stock Purchase,31000.0,9,27,728.0,4,0,0,4,5,0,0
MFI-00058,Market Trader,Business Expansion,53205.0,12,11,8008.0,1,0,0,3,33,1,0
MFI-00059,Food Vendor,Medical Emergency,9968.0,9,10,7864.0,2,0,1,2,1,1,0
MFI-00060,Jua Kali Artisan,Medical Emergency,52706.0,12,21,406.0,2,0,1,4,11,0,0
MFI-00061,Boda Boda Operator,Medical Emergency,44396.0,12,16,5898.0,0,0,1,3,25,1,0
MFI-00062,Kiosk Owner,Medical Emergency,63740.0,9,16,,1,1,0,3,39,1,1
MFI-00063,Food Vendor,Stock Purchase,21790.0,6,24,7791.0,2,1,1,3,20,1,0
MFI-00064,Market Trader,Equipment,88438.0,9,20,,3,1,1,4,61,1,0
MFI-00065,Jua Kali Artisan,Equipment,46347.0,6,17,7854.0,2,0,1,3,11,1,0
MFI-00066,Food Vendor,School Fees,20572.0,12,21,3617.0,1,0,0,4,81,0,0
MFI-00067,Kiosk Owner,Stock Purchase,12142.0,3,12,3188.0,4,0,0,1,6,0,0
MFI-00068,Food Vendor,School Fees,23549.0,9,15,6073.0,2,0,0,1,16,1,0
MFI-00069,Market Trader,Business Expansion,72881.0,9,17,3795.0,1,0,1,3,60,1,0
MFI-00070,Boda Boda Operator,School Fees,51866.0,6,25,1120.0,3,1,1,2,19,1,1
MFI-00071,Market Trader,Medical Emergency,6525.0,9,23,5967.0,5,0,1,5,25,1,0
MFI-00072,Boda Boda Operator,Equipment,27822.0,6,12,4095.0,1,0,1,3,60,0,0
MFI-00073,Kiosk Owner,Equipment,40147.0,3,22,4088.0,1,0,1,5,69,0,0
MFI-00074,Jua Kali Artisan,Equipment,150000.0,6,16,3439.0,3,0,0,4,6,0,0
MFI-00075,Market Trader,Stock Purchase,101747.0,18,12,4032.0,4,0,1,5,38,0,0
MFI-00076,Jua Kali Artisan,Medical Emergency,31481.0,6,17,2564.0,1,0,0,3,76,1,1
MFI-00077,Market Trader,School Fees,41979.0,6,23,11577.0,2,0,1,2,1,1,0
MFI-00078,Jua Kali Artisan,Business Expansion,12208.0,12,19,3178.0,2,0,0,1,17,1,0
MFI-00079,Boda Boda Operator,Stock Purchase,4441.0,6,24,,1,2,0,4,44,1,1
MFI-00080,Food Vendor,Business Expansion,26435.0,6,14,2423.0,1,0,0,1,13,0,0
MFI-00081,Food Vendor,Stock Purchase,81024.0,3,14,1645.0,2,1,1,2,16,1,0
MFI-00082,Boda Boda Operator,Medical Emergency,41975.0,3,16,4386.0,0,0,1,1,75,1,0
MFI-00083,Boda Boda Operator,Stock Purchase,19946.0,9,12,9667.0,1,0,0,5,28,0,0
MFI-00084,Kiosk Owner,Business Expansion,75354.0,3,23,13860.0,1,0,1,1,23,1,0
MFI-00085,Market Trader,Stock Purchase,150000.0,9,15,10049.0,1,0,1,1,36,1,0
MFI-00086,Jua Kali Artisan,Medical Emergency,11035.0,6,15,1911.0,1,0,0,5,38,1,0
MFI-00087,Boda Boda Operator,Equipment,34820.0,3,18,5195.0,4,0,0,3,36,1,0
MFI-00088,Jua Kali Artisan,Stock Purchase,23713.0,6,19,4519.0,2,0,1,4,6,0,0
MFI-00089,Market Trader,Business Expansion,37627.0,6,19,10172.0,2,1,1,1,1,1,0
MFI-00090,Jua Kali Artisan,Business Expansion,25213.0,12,20,8177.0,3,2,0,4,20,1,0
MFI-00091,Food Vendor,Stock Purchase,150000.0,6,19,,0,0,1,2,1,1,0
MFI-00092,Kiosk Owner,Medical Emergency,33007.0,9,26,,1,0,1,4,1,1,0
MFI-00093,Market Trader,School Fees,46174.0,9,14,8702.0,0,0,0,2,120,1,0
MFI-00094,Market Trader,Equipment,41528.0,6,13,6828.0,2,0,1,6,21,1,1
MFI-00095,Kiosk Owner,Medical Emergency,13326.0,9,9,4738.0,3,0,0,3,28,0,0
MFI-00096,Market Trader,School Fees,42737.0,12,21,,3,1,0,6,107,0,1
MFI-00097,Kiosk Owner,Business Expansion,11186.0,3,25,,2,0,1,3,13,0,0
MFI-00098,Boda Boda Operator,Stock Purchase,150000.0,9,22,,4,0,1,1,52,1,0
MFI-00099,Boda Boda Operator,Business Expansion,74803.0,6,14,1504.0,2,0,0,6,31,1,0
MFI-00100,Jua Kali Artisan,Stock Purchase,22892.0,6,23,32273.0,0,0,0,2,9,0,0
MFI-00101,Food Vendor,Equipment,31776.0,9,19,32033.0,2,0,0,3,2,1,0
MFI-00102,Food Vendor,Stock Purchase,82535.0,9,19,1339.0,2,0,1,2,24,1,0
MFI-00103,Market Trader,Business Expansion,45173.0,9,17,2638.0,1,1,0,2,93,0,1
MFI-00104,Market Trader,School Fees,9689.0,9,17,3613.0,2,0,1,1,19,1,0
MFI-00105,Jua Kali Artisan,School Fees,41549.0,12,10,2656.0,4,0,1,5,74,1,0
MFI-00106,Food Vendor,School Fees,86539.0,9,21,2682.0,1,0,0,6,2,0,0
MFI-00107,Boda Boda Operator,Stock Purchase,5614.0,6,18,,2,0,0,9,66,1,0
MFI-00108,Boda Boda Operator,Medical Emergency,40554.0,3,16,6347.0,4,0,1,1,67,0,0
MFI-00109,Kiosk Owner,Business Expansion,18611.0,3,13,,1,1,0,2,12,1,0
MFI-00110,Boda Boda Operator,Business Expansion,100105.0,3,21,4214.0,3,0,0,2,3,1,0
MFI-00111,Food Vendor,Medical Emergency,25277.0,3,17,3931.0,1,1,1,1,80,0,0
MFI-00112,Kiosk Owner,School Fees,23283.0,6,13,,1,0,0,3,50,0,0
MFI-00113,Market Trader,School Fees,70416.0,3,17,7937.0,2,1,0,3,77,0,1
MFI-00114,Jua Kali Artisan,Business Expansion,17712.0,6,12,13616.0,2,1,0,5,8,1,0
MFI-00115,Food Vendor,Stock Purchase,38835.0,12,15,1560.0,2,0,1,3,9,0,0
MFI-00116,Boda Boda Operator,Stock Purchase,45474.0,3,22,10781.0,1,0,0,4,17,1,0
MFI-00117,Kiosk Owner,Equipment,31095.0,12,30,,2,0,1,1,21,0,0
MFI-00118,Boda Boda Operator,School Fees,12797.0,6,12,,1,0,0,7,21,1,0
MFI-00119,Market Trader,Business Expansion,18083.0,6,20,1161.0,3,0,1,6,6,1,0
MFI-00120,Boda Boda Operator,Stock Purchase,32712.0,6,17,3727.0,4,1,1,2,1,0,0
MFI-00121,Boda Boda Operator,Equipment,7980.0,6,18,,0,1,0,3,62,0,0
MFI-00122,Jua Kali Artisan,Medical Emergency,38885.0,9,17,13942.0,2,0,0,4,33,0,0
MFI-00123,Boda Boda Operator,Stock Purchase,29418.0,9,16,3323.0,2,0,1,2,3,1,0
MFI-00124,Jua Kali Artisan,Stock Purchase,57400.0,12,25,2858.0,1,1,1,3,23,0,1
MFI-00125,Kiosk Owner,Business Expansion,61062.0,3,25,3159.0,1,0,1,2,5,0,0
MFI-00126,Market Trader,School Fees,14795.0,3,20,3885.0,3,1,1,2,1,1,0
MFI-00127,Jua Kali Artisan,Business Expansion,23969.0,12,16,6498.0,0,0,0,4,5,1,0
MFI-00128,Boda Boda Operator,Medical Emergency,17288.0,12,11,14268.0,2,2,1,2,31,0,0
MFI-00129,Kiosk Owner,School Fees,23834.0,18,19,,1,0,0,3,16,1,0
MFI-00130,Jua Kali Artisan,Business Expansion,29686.0,6,25,7306.0,4,0,0,2,8,0,0
MFI-00131,Jua Kali Artisan,Stock Purchase,88945.0,6,17,1289.0,2,1,1,4,33,1,0
MFI-00132,Kiosk Owner,Business Expansion,22545.0,9,10,13985.0,2,1,1,4,16,0,0
MFI-00133,Market Trader,School Fees,73812.0,3,21,1038.0,1,0,0,7,11,1,0
MFI-00134,Kiosk Owner,Equipment,44722.0,12,20,16715.0,0,0,0,1,2,0,1
MFI-00135,Market Trader,Equipment,110053.0,9,19,12626.0,2,0,1,4,3,1,0
MFI-00136,Market Trader,Medical Emergency,27372.0,12,11,2243.0,1,0,0,2,8,1,1
MFI-00137,Boda Boda Operator,Business Expansion,18944.0,6,23,2881.0,2,0,1,2,8,1,0
MFI-00138,Jua Kali Artisan,Stock Purchase,40750.0,9,20,738.0,0,1,0,8,6,1,1
MFI-00139,Kiosk Owner,Medical Emergency,10039.0,6,20,845.0,1,1,0,2,3,1,0
MFI-00140,Market Trader,Medical Emergency,41197.0,9,18,3643.0,3,0,1,3,23,1,0
MFI-00141,Kiosk Owner,Medical Emergency,57102.0,9,20,5952.0,4,0,1,2,16,0,0
MFI-00142,Jua Kali Artisan,School Fees,87444.0,9,18,,0,1,0,1,24,0,1
MFI-00143,Kiosk Owner,Equipment,50255.0,12,22,3707.0,4,0,0,0,15,0,1
MFI-00144,Food Vendor,School Fees,32393.0,6,18,4294.0,1,1,0,3,22,0,1
MFI-00145,Kiosk Owner,Equipment,150000.0,6,17,1398.0,2,0,1,4,47,0,0
MFI-00146,Market Trader,Business Expansion,36045.0,3,10,4243.0,5,0,1,4,1,1,0
MFI-00147,Boda Boda Operator,School Fees,15570.0,6,17,5415.0,1,1,1,1,20,1,0
MFI-00148,Food Vendor,Stock Purchase,35329.0,6,26,8843.0,3,1,1,2,8,0,0
MFI-00149,Boda Boda Operator,Business Expansion,12389.0,6,25,4689.0,3,0,1,7,5,0,0
MFI-00150,Boda Boda Operator,School Fees,13534.0,18,11,12571.0,1,0,0,1,8,1,0
MFI-00151,Jua Kali Artisan,Stock Purchase,44060.0,18,25,5021.0,1,0,1,3,49,1,0
MFI-00152,Boda Boda Operator,Business Expansion,12573.0,3,21,4293.0,3,1,0,6,47,0,1
MFI-00153,Boda Boda Operator,Business Expansion,22174.0,6,13,10934.0,4,1,1,7,3,0,1
MFI-00154,Kiosk Owner,Stock Purchase,14259.0,6,17,11012.0,2,1,1,5,54,1,0
MFI-00155,Food Vendor,Stock Purchase,40629.0,6,18,3561.0,2,0,1,1,33,1,0
MFI-00156,Food Vendor,Medical Emergency,20548.0,12,13,,4,1,1,2,1,1,0
MFI-00157,Kiosk Owner,School Fees,55586.0,6,27,6387.0,2,1,1,5,34,1,0
MFI-00158,Market Trader,Equipment,52108.0,12,16,5505.0,2,0,1,0,1,0,0
MFI-00159,Food Vendor,Stock Purchase,12791.0,18,17,3591.0,2,0,1,3,15,1,0
MFI-00160,Food Vendor,Equipment,75863.0,9,18,7690.0,1,0,1,2,7,0,0
MFI-00161,Food Vendor,Medical Emergency,31658.0,6,18,11748.0,2,0,0,3,19,1,0
MFI-00162,Jua Kali Artisan,Equipment,13635.0,3,21,5396.0,1,0,0,4,41,1,0
MFI-00163,Food Vendor,Stock Purchase,48939.0,3,14,6110.0,1,0,0,3,1,0,1
MFI-00164,Market Trader,School Fees,148531.0,12,19,1607.0,3,0,1,1,9,1,0
MFI-00165,Food Vendor,Equipment,31035.0,3,16,2127.0,2,1,1,5,15,1,1
MFI-00166,Market Trader,Business Expansion,9715.0,6,18,2272.0,2,2,1,1,37,0,0
MFI-00167,Food Vendor,Equipment,75983.0,12,19,6293.0,0,0,0,3,12,0,0
MFI-00168,Market Trader,Medical Emergency,128070.0,9,14,1585.0,3,0,1,3,3,1,0
MFI-00169,Kiosk Owner,Medical Emergency,15303.0,6,11,658.0,3,0,1,1,1,1,1
MFI-00170,Food Vendor,Stock Purchase,19215.0,6,19,1215.0,2,0,0,1,23,0,0
MFI-00171,Market Trader,School Fees,37360.0,9,13,8373.0,3,0,0,5,1,1,0
MFI-00172,Jua Kali Artisan,Equipment,7730.0,6,23,26265.0,3,0,0,2,41,0,0
MFI-00173,Jua Kali Artisan,Stock Purchase,150000.0,18,19,12695.0,2,1,1,1,40,1,1
MFI-00174,Kiosk Owner,School Fees,34869.0,3,19,,0,0,0,0,120,0,0
MFI-00175,Boda Boda Operator,Medical Emergency,37534.0,18,22,2086.0,1,1,0,4,16,0,1
MFI-00176,Jua Kali Artisan,Equipment,48335.0,6,14,2618.0,1,1,1,6,11,1,0
MFI-00177,Food Vendor,Stock Purchase,29536.0,9,17,1045.0,0,0,1,3,77,0,0
MFI-00178,Kiosk Owner,Equipment,24046.0,6,25,4011.0,1,1,1,3,39,1,0
MFI-00179,Market Trader,Equipment,17100.0,12,16,7750.0,1,0,1,3,6,1,0
MFI-00180,Market Trader,Business Expansion,14149.0,9,19,,0,2,1,6,42,0,1
MFI-00181,Market Trader,Medical Emergency,50272.0,6,22,1484.0,3,0,1,1,47,0,0
MFI-00182,Market Trader,School Fees,107162.0,9,19,10706.0,0,0,1,2,47,1,0
MFI-00183,Food Vendor,Medical Emergency,77650.0,18,26,1985.0,1,0,1,5,43,0,0
MFI-00184,Jua Kali Artisan,Stock Purchase,28817.0,6,18,2227.0,1,0,0,8,9,1,0
MFI-00185,Market Trader,Medical Emergency,31130.0,12,23,448.0,4,1,1,2,10,1,0
MFI-00186,Food Vendor,Stock Purchase,132538.0,12,15,,1,1,0,5,53,1,1
MFI-00187,Kiosk Owner,Medical Emergency,19169.0,6,15,18323.0,2,0,1,4,7,1,0
MFI-00188,Food Vendor,Stock Purchase,9559.0,3,21,3544.0,1,0,1,2,13,1,0
MFI-00189,Kiosk Owner,Stock Purchase,44408.0,6,13,4603.0,1,0,1,3,2,1,1
MFI-00190,Jua Kali Artisan,Equipment,71826.0,9,16,7936.0,1,1,1,5,32,0,0
MFI-00191,Market Trader,Business Expansion,4962.0,9,23,,1,1,1,7,20,0,1
MFI-00192,Boda Boda Operator,Business Expansion,49942.0,3,25,4535.0,3,0,1,1,28,1,0
MFI-00193,Kiosk Owner,Equipment,14725.0,6,17,2733.0,1,1,0,5,9,0,1
MFI-00194,Boda Boda Operator,Business Expansion,11675.0,6,12,,1,1,1,2,31,1,0
MFI-00195,Food Vendor,School Fees,28815.0,12,15,3336.0,3,0,0,3,20,0,1
MFI-00196,Food Vendor,Equipment,14417.0,12,14,6228.0,0,0,1,1,92,1,0
MFI-00197,Boda Boda Operator,Business Expansion,8813.0,9,21,1664.0,1,0,1,4,1,0,0
MFI-00198,Jua Kali Artisan,Equipment,39601.0,6,15,15787.0,3,1,0,2,26,0,1
MFI-00199,Market Trader,Equipment,35051.0,9,14,35278.0,4,1,1,6,6,1,1
MFI-00200,Food Vendor,Equipment,9188.0,18,19,2384.0,3,0,0,2,4,0,0
MFI-00201,Boda Boda Operator,Business Expansion,11783.0,3,14,2243.0,2,0,1,1,20,1,0
MFI-00202,Boda Boda Operator,Business Expansion,52680.0,6,22,2098.0,4,0,1,2,12,1,0
MFI-00203,Kiosk Owner,School Fees,55426.0,9,13,3056.0,5,1,0,2,17,0,0
MFI-00204,Boda Boda Operator,Equipment,4372.0,6,16,28090.0,2,1,1,2,7,1,1
MFI-00205,Boda Boda Operator,Business Expansion,13216.0,12,23,,2,0,0,2,35,0,0
MFI-00206,Kiosk Owner,School Fees,33992.0,6,12,5586.0,1,0,0,1,24,1,0
MFI-00207,Kiosk Owner,Medical Emergency,50945.0,12,27,3074.0,5,1,0,3,21,1,0
MFI-00208,Food Vendor,School Fees,50446.0,12,23,632.0,1,1,0,3,30,0,0
MFI-00209,Jua Kali Artisan,Business Expansion,58828.0,6,20,2819.0,3,1,1,5,34,1,0
MFI-00210,Food Vendor,Medical Emergency,20408.0,3,21,4687.0,1,0,0,1,20,1,0
MFI-00211,Jua Kali Artisan,Stock Purchase,41869.0,9,12,22498.0,0,0,0,3,4,0,0
MFI-00212,Market Trader,Business Expansion,26500.0,6,20,854.0,1,0,0,2,7,1,1
MFI-00213,Kiosk Owner,School Fees,23193.0,6,13,,3,1,1,1,3,0,0
MFI-00214,Food Vendor,Medical Emergency,10837.0,18,18,,2,0,1,3,4,0,0
MFI-00215,Kiosk Owner,Equipment,46068.0,3,18,4439.0,4,0,1,2,2,1,0
MFI-00216,Kiosk Owner,School Fees,9707.0,12,26,1727.0,1,0,0,3,18,0,0
MFI-00217,Jua Kali Artisan,Business Expansion,14237.0,9,17,16741.0,1,1,0,2,30,1,0
MFI-00218,Boda Boda Operator,School Fees,62893.0,3,21,6844.0,1,0,0,3,4,0,0
MFI-00219,Boda Boda Operator,Equipment,31801.0,6,19,4683.0,0,0,1,5,1,1,0
MFI-00220,Kiosk Owner,Stock Purchase,84223.0,9,21,4414.0,2,1,1,3,15,1,0
MFI-00221,Food Vendor,School Fees,27745.0,6,25,12401.0,1,0,1,1,84,0,0
MFI-00222,Food Vendor,Business Expansion,23286.0,3,21,2074.0,2,0,1,2,22,1,0
MFI-00223,Jua Kali Artisan,Medical Emergency,90906.0,6,23,20393.0,2,0,1,5,40,1,0
MFI-00224,Market Trader,Stock Purchase,26366.0,9,17,43900.0,1,0,0,3,5,1,0
MFI-00225,Food Vendor,Stock Purchase,45479.0,12,15,3602.0,0,0,0,3,63,1,0
MFI-00226,Market Trader,Equipment,31893.0,18,17,,1,0,0,2,14,0,1
MFI-00227,Kiosk Owner,Stock Purchase,39981.0,3,18,2722.0,1,0,0,4,9,0,0
MFI-00228,Jua Kali Artisan,Stock Purchase,30421.0,3,11,1573.0,2,0,1,2,18,0,0
MFI-00229,Jua Kali Artisan,Stock Purchase,73303.0,18,21,2728.0,1,0,1,5,38,1,0
MFI-00230,Kiosk Owner,Business Expansion,38349.0,3,19,7367.0,2,0,1,4,37,1,0
MFI-00231,Kiosk Owner,Stock Purchase,27840.0,12,13,3841.0,2,0,0,1,12,1,0
MFI-00232,Market Trader,School Fees,44499.0,12,22,,2,0,1,2,5,0,0
MFI-00233,Food Vendor,Stock Purchase,10526.0,3,18,6332.0,1,0,1,3,4,1,0
MFI-00234,Food Vendor,Equipment,81645.0,12,9,3181.0,1,2,0,0,8,1,0
MFI-00235,Boda Boda Operator,Stock Purchase,10881.0,6,22,,0,0,0,6,63,0,0
MFI-00236,Market Trader,School Fees,21354.0,12,14,4725.0,1,1,1,2,6,1,1
MFI-00237,Jua Kali Artisan,Equipment,25285.0,6,23,1232.0,2,0,1,4,24,0,0
MFI-00238,Market Trader,Business Expansion,44331.0,12,11,5230.0,1,0,0,5,7,0,1
MFI-00239,Market Trader,Equipment,132747.0,12,18,6817.0,1,0,0,4,43,1,0
MFI-00240,Kiosk Owner,School Fees,82868.0,3,15,475.0,1,0,1,2,28,1,0
MFI-00241,Kiosk Owner,Equipment,11183.0,9,13,17351.0,3,0,0,5,46,1,0
MFI-00242,Kiosk Owner,Medical Emergency,17878.0,6,19,,2,0,1,3,15,1,0
MFI-00243,Kiosk Owner,School Fees,11854.0,12,19,8129.0,1,2,1,5,21,0,0
MFI-00244,Kiosk Owner,Equipment,12837.0,9,15,2542.0,1,0,1,2,6,1,0
MFI-00245,Market Trader,Stock Purchase,22650.0,6,22,3248.0,0,0,1,2,3,1,0
MFI-00246,Kiosk Owner,Equipment,103548.0,3,15,24337.0,0,0,0,3,53,0,0
MFI-00247,Food Vendor,Stock Purchase,29836.0,6,17,1262.0,1,1,1,4,8,1,0
MFI-00248,Food Vendor,Medical Emergency,33101.0,18,20,2932.0,1,2,1,2,32,1,1
MFI-00249,Boda Boda Operator,Business Expansion,43613.0,12,14,,2,0,0,6,6,0,0
MFI-00250,Food Vendor,School Fees,17126.0,6,22,414.0,2,0,0,4,13,1,1
MFI-00251,Boda Boda Operator,Business Expansion,34316.0,9,21,1932.0,2,0,1,2,107,1,0
MFI-00252,Food Vendor,Equipment,44242.0,18,17,11027.0,0,0,1,2,3,1,0
MFI-00253,Jua Kali Artisan,Medical Emergency,150000.0,9,24,1356.0,4,0,1,3,6,1,0
MFI-00254,Boda Boda Operator,Equipment,76050.0,6,23,5726.0,0,0,0,2,32,1,0
MFI-00255,Market Trader,Medical Emergency,135508.0,3,18,6870.0,6,0,1,5,3,1,0
MFI-00256,Kiosk Owner,Business Expansion,37167.0,12,23,8119.0,0,0,1,1,45,1,0
MFI-00257,Boda Boda Operator,Medical Emergency,55424.0,6,14,1701.0,2,1,0,1,1,1,0
MFI-00258,Food Vendor,Equipment,44768.0,3,18,5750.0,1,0,0,4,17,1,0
MFI-00259,Market Trader,Medical Emergency,8683.0,3,17,1517.0,3,0,1,3,11,1,0
MFI-00260,Food Vendor,Stock Purchase,5065.0,3,18,,3,0,1,2,3,1,0
MFI-00261,Market Trader,Stock Purchase,14767.0,3,22,11672.0,4,0,0,2,25,1,0
MFI-00262,Food Vendor,Medical Emergency,98202.0,9,21,2095.0,2,0,1,2,80,0,0
MFI-00263,Kiosk Owner,Medical Emergency,26474.0,12,25,8345.0,3,2,0,5,21,0,1
MFI-00264,Jua Kali Artisan,Medical Emergency,67696.0,12,28,4542.0,3,0,0,0,5,1,0
MFI-00265,Food Vendor,Medical Emergency,103127.0,9,24,,1,2,0,3,2,0,0
MFI-00266,Food Vendor,Medical Emergency,13010.0,3,19,685.0,2,0,1,0,39,1,1
MFI-00267,Boda Boda Operator,Stock Purchase,118269.0,18,26,15931.0,3,0,1,1,45,0,0
MFI-00268,Kiosk Owner,School Fees,14329.0,3,17,808.0,0,0,0,1,23,1,0
MFI-00269,Market Trader,Business Expansion,30789.0,12,18,,0,3,1,3,1,0,1
MFI-00270,Boda Boda Operator,Stock Purchase,15309.0,18,17,,1,0,1,6,2,0,0
MFI-00271,Kiosk Owner,Medical Emergency,43899.0,12,23,,3,0,1,1,28,1,0
MFI-00272,Kiosk Owner,School Fees,31905.0,12,20,3153.0,2,0,1,2,8,1,0
MFI-00273,Boda Boda Operator,School Fees,68708.0,9,20,12596.0,0,0,0,4,8,0,0
MFI-00274,Market Trader,Business Expansion,80801.0,18,12,4318.0,3,0,1,8,11,0,0
MFI-00275,Jua Kali Artisan,Equipment,128560.0,9,19,1822.0,2,1,1,3,39,0,0
MFI-00276,Boda Boda Operator,Equipment,66265.0,12,17,17100.0,1,0,1,3,37,0,0
MFI-00277,Food Vendor,Equipment,69693.0,6,17,6390.0,1,1,0,2,7,1,0
MFI-00278,Jua Kali Artisan,Equipment,25373.0,9,21,1366.0,3,0,1,2,34,0,0
MFI-00279,Market Trader,Stock Purchase,31496.0,3,15,,2,0,1,5,8,1,0
MFI-00280,Market Trader,Stock Purchase,46685.0,12,15,,2,1,0,4,5,0,1
MFI-00281,Boda Boda Operator,Medical Emergency,13458.0,6,27,1504.0,0,2,1,2,58,1,1
MFI-00282,Boda Boda Operator,School Fees,89199.0,6,18,4291.0,3,1,0,5,13,1,1
MFI-00283,Jua Kali Artisan,Stock Purchase,32629.0,6,15,4553.0,1,0,0,3,24,0,1
MFI-00284,Jua Kali Artisan,Stock Purchase,42424.0,18,13,7510.0,1,0,1,4,4,1,1
MFI-00285,Food Vendor,Business Expansion,10780.0,12,18,8600.0,1,1,1,3,3,1,0
MFI-00286,Food Vendor,Stock Purchase,27147.0,12,18,11448.0,1,1,1,5,33,1,0
MFI-00287,Food Vendor,Equipment,72413.0,9,24,13616.0,1,1,0,1,34,0,0
MFI-00288,Jua Kali Artisan,Stock Purchase,50797.0,6,20,7995.0,0,1,0,3,26,1,0
MFI-00289,Kiosk Owner,Equipment,70519.0,9,18,7018.0,4,0,1,3,14,0,0
MFI-00290,Jua Kali Artisan,Stock Purchase,27726.0,9,15,12937.0,0,0,1,3,47,0,0
MFI-00291,Food Vendor,Medical Emergency,40262.0,12,16,7428.0,1,0,1,4,1,0,0
MFI-00292,Kiosk Owner,Medical Emergency,33423.0,18,24,,0,0,1,3,39,0,0
MFI-00293,Food Vendor,Business Expansion,61796.0,18,22,1221.0,3,0,1,2,8,1,0
MFI-00294,Kiosk Owner,School Fees,44742.0,12,15,,4,0,0,2,57,0,0
MFI-00295,Market Trader,Business Expansion,26735.0,6,19,6736.0,3,0,0,1,5,0,0
MFI-00296,Jua Kali Artisan,Stock Purchase,4684.0,12,17,,1,0,0,5,3,1,0
MFI-00297,Market Trader,Stock Purchase,41624.0,12,16,6167.0,1,0,0,5,9,1,1
MFI-00298,Boda Boda Operator,Stock Purchase,9486.0,6,17,3798.0,7,0,0,3,9,1,0
MFI-00299,Market Trader,Stock Purchase,63026.0,12,17,1960.0,0,0,1,2,26,0,0
MFI-00300,Market Trader,Equipment,70655.0,18,17,368.0,3,0,0,2,4,1,0
MFI-00301,Boda Boda Operator,School Fees,5840.0,12,15,1451.0,2,1,0,2,9,1,0
MFI-00302,Jua Kali Artisan,Medical Emergency,46149.0,9,17,28207.0,0,1,1,0,22,1,0
MFI-00303,Food Vendor,School Fees,45249.0,6,26,12873.0,0,1,1,1,8,1,0
MFI-00304,Jua Kali Artisan,Equipment,49064.0,9,18,2324.0,1,0,0,7,12,1,0
MFI-00305,Food Vendor,Stock Purchase,13550.0,9,11,2878.0,2,0,1,3,3,1,0
MFI-00306,Boda Boda Operator,Equipment,53183.0,6,18,2974.0,1,0,0,2,3,1,0
MFI-00307,Kiosk Owner,Medical Emergency,13262.0,3,14,14622.0,2,0,1,3,32,0,0
MFI-00308,Boda Boda Operator,School Fees,63078.0,6,21,12198.0,2,1,1,2,2,0,0
MFI-00309,Jua Kali Artisan,Stock Purchase,51384.0,18,14,12884.0,0,0,1,4,81,0,0
MFI-00310,Kiosk Owner,Business Expansion,27890.0,12,22,1785.0,2,0,1,7,30,0,0
MFI-00311,Boda Boda Operator,Medical Emergency,51013.0,6,24,29311.0,3,1,0,0,37,1,0
MFI-00312,Jua Kali Artisan,Stock Purchase,17025.0,6,18,3675.0,1,0,1,2,16,1,0
MFI-00313,Kiosk Owner,Business Expansion,23228.0,9,20,11358.0,2,0,1,3,6,1,0
MFI-00314,Jua Kali Artisan,Medical Emergency,92153.0,12,15,6583.0,0,0,1,3,66,1,0
MFI-00315,Boda Boda Operator,Stock Purchase,89295.0,9,11,888.0,2,0,0,4,91,0,0
MFI-00316,Market Trader,Business Expansion,15093.0,12,31,2937.0,0,0,1,6,86,1,0
MFI-00317,Market Trader,Stock Purchase,22130.0,6,14,4721.0,2,0,1,2,10,0,0
MFI-00318,Boda Boda Operator,School Fees,23287.0,9,19,2155.0,2,0,1,3,11,1,0
MFI-00319,Food Vendor,School Fees,38164.0,6,14,1118.0,0,0,0,0,10,0,1
MFI-00320,Jua Kali Artisan,Business Expansion,32621.0,12,17,,1,0,1,3,3,1,1
MFI-00321,Boda Boda Operator,School Fees,102073.0,6,16,18171.0,1,1,0,2,23,1,1
MFI-00322,Market Trader,School Fees,123888.0,6,20,,2,0,1,3,35,1,0
MFI-00323,Jua Kali Artisan,Medical Emergency,150000.0,12,16,2821.0,2,1,0,4,49,0,1
MFI-00324,Food Vendor,Equipment,150000.0,12,17,6121.0,0,0,1,0,14,0,1
MFI-00325,Market Trader,School Fees,10262.0,9,17,1259.0,1,0,1,3,1,1,0
MFI-00326,Kiosk Owner,Business Expansion,31220.0,6,13,,2,1,1,3,11,0,0
MFI-00327,Food Vendor,Medical Emergency,20846.0,9,18,702.0,4,1,1,3,4,0,1
MFI-00328,Jua Kali Artisan,Business Expansion,17708.0,18,19,1492.0,4,0,0,3,19,1,0
MFI-00329,Market Trader,School Fees,112085.0,6,23,10869.0,3,1,1,6,28,0,0
MFI-00330,Jua Kali Artisan,Stock Purchase,50849.0,3,21,2679.0,1,1,0,3,12,1,0
MFI-00331,Market Trader,Stock Purchase,10185.0,12,14,3081.0,3,1,1,2,44,0,0
MFI-00332,Market Trader,School Fees,150000.0,6,11,,3,0,0,5,32,1,0
MFI-00333,Kiosk Owner,Stock Purchase,8499.0,18,18,,1,0,1,1,9,1,0
MFI-00334,Kiosk Owner,Equipment,27361.0,12,14,123.0,2,0,1,3,2,1,0
MFI-00335,Market Trader,Business Expansion,38959.0,9,18,1907.0,0,1,1,1,11,1,1
MFI-00336,Kiosk Owner,Equipment,14689.0,12,16,50000.0,5,1,0,6,30,1,1
MFI-00337,Kiosk Owner,Medical Emergency,56393.0,6,17,15322.0,0,0,0,1,48,1,0
MFI-00338,Food Vendor,School Fees,22157.0,12,22,8067.0,3,2,0,4,21,0,1
MFI-00339,Kiosk Owner,Business Expansion,70151.0,9,27,6221.0,3,0,1,1,8,1,0
MFI-00340,Food Vendor,School Fees,49969.0,6,20,3726.0,1,0,0,4,7,0,0
MFI-00341,Boda Boda Operator,School Fees,4898.0,6,17,1210.0,3,0,0,1,2,0,0
MFI-00342,Food Vendor,Equipment,10507.0,12,13,3134.0,3,0,1,2,3,1,0
MFI-00343,Food Vendor,Stock Purchase,71610.0,12,16,4225.0,2,0,1,5,55,1,0
MFI-00344,Market Trader,Stock Purchase,50175.0,12,15,15000.0,4,1,1,7,3,0,0
MFI-00345,Boda Boda Operator,Business Expansion,15982.0,6,21,,1,0,1,4,16,0,0
MFI-00346,Boda Boda Operator,Business Expansion,21260.0,18,11,5093.0,1,0,1,4,2,0,0
MFI-00347,Jua Kali Artisan,Business Expansion,33850.0,9,6,,0,1,1,3,2,1,1
MFI-00348,Boda Boda Operator,Medical Emergency,7186.0,18,16,2979.0,1,0,0,3,12,0,0
MFI-00349,Jua Kali Artisan,Stock Purchase,150000.0,9,18,833.0,2,0,1,7,2,1,1
MFI-00350,Jua Kali Artisan,Medical Emergency,16576.0,6,9,5999.0,3,0,0,4,52,0,0
MFI-00351,Food Vendor,Business Expansion,37221.0,3,16,1379.0,1,0,0,5,2,1,0
MFI-00352,Food Vendor,Equipment,138213.0,9,21,,1,1,1,2,32,0,1
MFI-00353,Market Trader,Business Expansion,31342.0,3,11,13294.0,2,0,0,4,45,1,0
MFI-00354,Market Trader,Equipment,46986.0,12,19,6209.0,2,1,1,6,13,0,0
MFI-00355,Kiosk Owner,Stock Purchase,16889.0,6,14,6664.0,2,1,1,3,2,0,0
MFI-00356,Jua Kali Artisan,School Fees,23420.0,9,30,16263.0,1,0,0,1,3,1,0
MFI-00357,Kiosk Owner,School Fees,17324.0,9,14,9458.0,2,2,1,1,70,1,0
MFI-00358,Market Trader,Business Expansion,101089.0,9,15,4179.0,0,0,1,2,23,1,0
MFI-00359,Boda Boda Operator,Stock Purchase,21293.0,3,14,648.0,3,0,0,4,2,1,0
MFI-00360,Kiosk Owner,Equipment,20040.0,6,15,3146.0,3,0,0,2,23,0,1
MFI-00361,Market Trader,School Fees,18232.0,12,18,,2,0,1,4,2,1,0
MFI-00362,Food Vendor,School Fees,49315.0,6,21,4816.0,1,0,1,3,16,1,0
MFI-00363,Jua Kali Artisan,Stock Purchase,57826.0,9,15,951.0,3,0,1,4,52,1,0
MFI-00364,Kiosk Owner,Equipment,7345.0,9,17,5780.0,2,0,0,2,17,0,0
MFI-00365,Market Trader,School Fees,38340.0,18,18,10005.0,2,0,1,1,11,1,0
MFI-00366,Kiosk Owner,Stock Purchase,46221.0,6,15,3302.0,1,0,1,2,6,0,0
MFI-00367,Kiosk Owner,Stock Purchase,111757.0,12,23,7491.0,1,0,1,6,10,0,0
MFI-00368,Market Trader,Medical Emergency,13643.0,3,19,2449.0,3,0,0,6,53,0,1
MFI-00369,Market Trader,Stock Purchase,14809.0,12,21,6076.0,2,0,0,3,9,1,0
MFI-00370,Jua Kali Artisan,School Fees,60671.0,18,9,31168.0,3,0,1,5,11,0,0
MFI-00371,Kiosk Owner,Equipment,34583.0,12,23,3156.0,2,1,0,4,38,0,0
MFI-00372,Boda Boda Operator,Stock Purchase,109425.0,6,12,1514.0,2,0,1,2,1,1,0
MFI-00373,Kiosk Owner,School Fees,87644.0,3,18,,3,0,0,3,22,1,0
MFI-00374,Food Vendor,Medical Emergency,45409.0,9,19,3638.0,2,0,0,4,1,0,0
MFI-00375,Market Trader,Equipment,34440.0,9,18,2187.0,3,0,1,1,1,0,0
MFI-00376,Food Vendor,Business Expansion,32018.0,12,14,2256.0,0,0,0,5,11,0,0
MFI-00377,Food Vendor,Business Expansion,35455.0,9,16,6060.0,2,0,1,6,5,1,0
MFI-00378,Kiosk Owner,Stock Purchase,38126.0,9,11,4986.0,3,0,0,3,2,0,0
MFI-00379,Kiosk Owner,Business Expansion,113221.0,18,17,,2,1,1,0,35,1,0
MFI-00380,Kiosk Owner,Equipment,7118.0,3,26,7247.0,2,0,1,3,28,0,0
MFI-00381,Kiosk Owner,Equipment,25963.0,6,17,12478.0,1,1,0,6,49,0,0
MFI-00382,Jua Kali Artisan,School Fees,42780.0,6,15,4875.0,1,0,1,3,6,0,0
MFI-00383,Food Vendor,Business Expansion,22421.0,9,20,,1,0,1,2,16,1,0
MFI-00384,Boda Boda Operator,Business Expansion,28886.0,3,24,4545.0,2,0,1,1,107,1,0
MFI-00385,Jua Kali Artisan,School Fees,25516.0,12,22,29175.0,0,0,1,0,16,0,0
MFI-00386,Food Vendor,Business Expansion,103016.0,6,25,7624.0,0,0,1,9,17,0,0
MFI-00387,Market Trader,Business Expansion,25887.0,6,22,1118.0,1,1,1,5,2,1,1
MFI-00388,Kiosk Owner,Equipment,20400.0,9,18,3959.0,2,0,1,1,41,1,0
MFI-00389,Kiosk Owner,Business Expansion,67807.0,3,22,6010.0,4,0,0,2,15,1,1
MFI-00390,Kiosk Owner,Business Expansion,23674.0,6,17,4719.0,3,0,0,1,9,0,0
MFI-00391,Food Vendor,Business Expansion,31740.0,12,13,11013.0,4,0,1,2,29,0,0
MFI-00392,Market Trader,Medical Emergency,14982.0,12,20,2958.0,2,3,1,0,19,0,0
MFI-00393,Market Trader,Business Expansion,26249.0,6,12,4937.0,1,0,1,2,91,0,0
MFI-00394,Jua Kali Artisan,Medical Emergency,35317.0,6,20,11994.0,4,1,0,3,15,0,0
MFI-00395,Jua Kali Artisan,Medical Emergency,13201.0,9,19,1191.0,1,0,0,4,58,0,1
MFI-00396,Food Vendor,Business Expansion,33521.0,9,18,1858.0,2,1,0,5,16,0,0
MFI-00397,Jua Kali Artisan,School Fees,54754.0,6,22,33113.0,0,0,1,8,15,0,0
MFI-00398,Jua Kali Artisan,Business Expansion,7382.0,9,12,3365.0,2,0,1,2,2,0,0
MFI-00399,Kiosk Owner,Medical Emergency,21551.0,12,20,11335.0,1,0,0,3,50,0,0
MFI-00400,Jua Kali Artisan,Business Expansion,150000.0,9,14,14352.0,2,0,0,2,57,1,1
MFI-00401,Jua Kali Artisan,School Fees,30833.0,18,16,1343.0,1,0,0,1,1,0,0
MFI-00402,Jua Kali Artisan,School Fees,90311.0,6,19,2079.0,1,0,1,6,1,0,0
MFI-00403,Food Vendor,Stock Purchase,35523.0,9,24,4960.0,2,0,1,3,11,1,0
MFI-00404,Jua Kali Artisan,Equipment,27890.0,18,13,,2,0,1,5,6,1,0
MFI-00405,Boda Boda Operator,Business Expansion,76625.0,3,14,7348.0,2,0,0,2,10,1,0
MFI-00406,Boda Boda Operator,Stock Purchase,94625.0,9,16,8326.0,2,0,0,5,5,1,1
MFI-00407,Jua Kali Artisan,Stock Purchase,17785.0,18,20,6031.0,2,2,0,5,32,0,0
MFI-00408,Boda Boda Operator,Stock Purchase,15091.0,3,11,,1,0,1,3,1,0,0
MFI-00409,Kiosk Owner,School Fees,12153.0,6,15,,1,1,0,3,48,0,0
MFI-00410,Food Vendor,Business Expansion,17987.0,3,21,16207.0,2,0,1,3,5,0,0
MFI-00411,Jua Kali Artisan,Business Expansion,90129.0,9,11,18065.0,0,0,1,3,20,1,0
MFI-00412,Boda Boda Operator,Business Expansion,37233.0,12,15,6435.0,2,1,1,3,24,1,0
MFI-00413,Kiosk Owner,Medical Emergency,93639.0,6,18,2045.0,0,1,1,8,9,1,1
MFI-00414,Kiosk Owner,Equipment,15887.0,6,12,4124.0,4,0,0,4,19,1,0
MFI-00415,Jua Kali Artisan,Medical Emergency,16279.0,9,14,9671.0,0,0,1,9,18,0,0
MFI-00416,Kiosk Owner,School Fees,26531.0,6,21,14747.0,3,0,0,1,3,0,0
MFI-00417,Kiosk Owner,Stock Purchase,46050.0,12,15,14277.0,0,1,0,4,14,1,0
MFI-00418,Jua Kali Artisan,Stock Purchase,32471.0,3,20,4120.0,1,0,1,9,43,1,0
MFI-00419,Boda Boda Operator,Medical Emergency,63471.0,18,18,6157.0,4,0,1,2,71,0,0
MFI-00420,Market Trader,School Fees,50589.0,12,21,,2,0,0,1,2,0,0
MFI-00421,Food Vendor,Equipment,53639.0,3,15,21183.0,1,1,0,3,6,0,0
MFI-00422,Jua Kali Artisan,Equipment,62812.0,6,19,2309.0,2,1,0,3,22,1,1
MFI-00423,Boda Boda Operator,Stock Purchase,87295.0,18,14,7784.0,3,0,1,6,12,1,0
MFI-00424,Kiosk Owner,Stock Purchase,5073.0,12,19,2938.0,3,1,1,5,3,0,1
MFI-00425,Market Trader,Business Expansion,35958.0,9,18,15811.0,0,1,1,3,2,0,0
MFI-00426,Kiosk Owner,Medical Emergency,71266.0,9,11,4757.0,1,0,1,3,46,0,0
MFI-00427,Market Trader,Stock Purchase,150000.0,3,16,6238.0,1,1,1,5,19,0,0
MFI-00428,Market Trader,School Fees,33520.0,12,26,2126.0,0,2,1,1,10,0,0
MFI-00429,Boda Boda Operator,Equipment,6260.0,3,25,3204.0,2,0,1,1,30,0,0
MFI-00430,Jua Kali Artisan,Equipment,113582.0,9,16,35761.0,3,1,1,5,36,1,0
MFI-00431,Boda Boda Operator,School Fees,13711.0,3,13,9093.0,3,1,1,2,16,1,0
MFI-00432,Jua Kali Artisan,Equipment,52496.0,6,15,5924.0,2,1,1,3,7,0,1
MFI-00433,Boda Boda Operator,Medical Emergency,55844.0,6,18,19367.0,1,0,1,5,8,1,0
MFI-00434,Market Trader,School Fees,40172.0,6,21,,0,0,0,6,5,1,0
MFI-00435,Boda Boda Operator,Business Expansion,6589.0,9,14,4722.0,1,0,0,1,18,1,0
MFI-00436,Food Vendor,Equipment,27160.0,3,21,2290.0,1,0,1,3,13,0,0
MFI-00437,Jua Kali Artisan,Medical Emergency,10346.0,6,13,4220.0,2,0,0,2,14,1,0
MFI-00438,Jua Kali Artisan,Stock Purchase,52208.0,3,11,3426.0,1,0,0,0,18,0,0
MFI-00439,Boda Boda Operator,School Fees,17888.0,9,16,5439.0,2,0,0,3,22,1,0
MFI-00440,Market Trader,Stock Purchase,6639.0,3,19,,4,0,1,3,4,1,0
MFI-00441,Market Trader,Business Expansion,64170.0,9,16,50000.0,5,0,1,4,12,1,0
MFI-00442,Kiosk Owner,Stock Purchase,13175.0,18,18,,0,0,1,3,1,0,0
MFI-00443,Boda Boda Operator,Equipment,40446.0,12,19,1328.0,1,0,1,2,40,1,0
MFI-00444,Kiosk Owner,Equipment,20140.0,6,24,2729.0,1,0,1,1,6,0,0
MFI-00445,Market Trader,Equipment,72717.0,6,24,236.0,0,0,0,5,83,1,0
MFI-00446,Kiosk Owner,Equipment,70330.0,18,22,741.0,0,0,0,2,50,0,0
MFI-00447,Jua Kali Artisan,School Fees,43930.0,6,28,1305.0,2,2,0,6,25,1,0
MFI-00448,Jua Kali Artisan,Medical Emergency,33325.0,6,12,15264.0,5,1,1,3,7,0,0
MFI-00449,Food Vendor,Equipment,25524.0,3,11,1272.0,2,0,0,1,1,0,0
MFI-00450,Jua Kali Artisan,Business Expansion,13850.0,6,21,900.0,1,0,0,4,15,0,0
MFI-00451,Food Vendor,Business Expansion,22685.0,12,26,2113.0,1,2,1,7,17,0,1
MFI-00452,Market Trader,Equipment,53248.0,6,19,7329.0,4,0,1,1,32,0,0
MFI-00453,Food Vendor,Medical Emergency,150000.0,6,23,2944.0,0,1,1,2,1,1,1
MFI-00454,Boda Boda Operator,Business Expansion,57339.0,6,24,3493.0,2,0,1,6,17,1,1
MFI-00455,Boda Boda Operator,School Fees,64345.0,18,21,2768.0,4,0,0,3,34,1,0
MFI-00456,Jua Kali Artisan,Medical Emergency,33314.0,9,19,,2,1,1,4,14,0,0
MFI-00457,Food Vendor,Medical Emergency,55327.0,12,19,1951.0,4,2,1,3,15,0,1
MFI-00458,Boda Boda Operator,Medical Emergency,6514.0,12,16,2170.0,0,0,0,1,40,0,0
MFI-00459,Food Vendor,Business Expansion,20384.0,18,13,9264.0,1,1,1,1,15,1,0
MFI-00460,Market Trader,School Fees,63763.0,9,15,1603.0,2,0,0,2,25,1,0
MFI-00461,Kiosk Owner,Equipment,64685.0,3,15,13633.0,0,0,0,1,35,0,0
MFI-00462,Boda Boda Operator,Business Expansion,23513.0,6,22,9736.0,1,0,1,3,47,1,0
MFI-00463,Food Vendor,Medical Emergency,12750.0,12,18,1028.0,1,0,1,3,30,1,1
MFI-00464,Boda Boda Operator,Medical Emergency,34310.0,6,27,7229.0,0,0,0,8,3,0,1
MFI-00465,Boda Boda Operator,Medical Emergency,25654.0,12,13,5195.0,3,0,1,4,31,1,0
MFI-00466,Market Trader,Medical Emergency,77072.0,12,16,,2,0,1,4,1,0,0
MFI-00467,Boda Boda Operator,Business Expansion,63745.0,6,20,2170.0,0,0,0,5,33,1,0
MFI-00468,Kiosk Owner,Stock Purchase,125394.0,6,20,,1,0,0,1,10,1,0
MFI-00469,Boda Boda Operator,Stock Purchase,88288.0,3,16,10895.0,4,0,1,5,7,1,0
MFI-00470,Market Trader,Business Expansion,29165.0,18,23,858.0,0,0,1,1,61,0,0
MFI-00471,Jua Kali Artisan,Stock Purchase,47998.0,9,23,18200.0,3,0,0,4,61,1,0
MFI-00472,Market Trader,Business Expansion,150000.0,12,18,2358.0,4,0,1,0,8,0,0
MFI-00473,Market Trader,Business Expansion,26363.0,6,20,7856.0,1,0,1,4,19,1,0
MFI-00474,Food Vendor,Business Expansion,41770.0,9,15,3942.0,1,0,0,8,11,1,0
MFI-00475,Food Vendor,Medical Emergency,36189.0,12,18,4059.0,1,0,1,2,3,0,0
MFI-00476,Jua Kali Artisan,Equipment,36801.0,9,14,2196.0,3,0,1,3,12,0,0
MFI-00477,Kiosk Owner,Stock Purchase,18047.0,6,14,2715.0,0,0,1,5,29,1,0
MFI-00478,Boda Boda Operator,Business Expansion,103440.0,9,13,7705.0,2,1,1,4,3,0,0
MFI-00479,Market Trader,School Fees,17435.0,18,18,20280.0,1,0,0,5,8,1,0
MFI-00480,Jua Kali Artisan,Medical Emergency,150000.0,9,19,1454.0,2,0,1,1,3,1,0
MFI-00481,Kiosk Owner,School Fees,134722.0,9,18,2889.0,1,0,1,3,3,1,0
MFI-00482,Boda Boda Operator,Stock Purchase,44388.0,12,16,6383.0,3,0,1,4,2,0,0
MFI-00483,Food Vendor,Stock Purchase,36480.0,9,17,6054.0,0,0,0,6,13,0,1
MFI-00484,Jua Kali Artisan,School Fees,19505.0,9,14,8111.0,1,0,0,2,27,1,0
MFI-00485,Market Trader,Business Expansion,38436.0,9,23,15700.0,0,0,0,2,14,1,0
MFI-00486,Jua Kali Artisan,School Fees,86171.0,6,16,885.0,0,1,1,0,7,1,0
MFI-00487,Boda Boda Operator,Business Expansion,21007.0,3,21,2777.0,8,0,1,3,32,1,0
MFI-00488,Market Trader,Medical Emergency,117513.0,6,15,13966.0,0,0,1,1,9,0,0
MFI-00489,Market Trader,Business Expansion,82458.0,12,11,4109.0,0,0,0,4,1,1,1
MFI-00490,Kiosk Owner,School Fees,33360.0,9,15,1556.0,1,0,1,2,1,1,0
MFI-00491,Market Trader,Equipment,68657.0,12,22,1387.0,2,0,1,4,48,0,0
MFI-00492,Boda Boda Operator,Medical Emergency,17499.0,6,19,4853.0,2,1,0,3,1,0,0
MFI-00493,Boda Boda Operator,Medical Emergency,33443.0,6,15,3250.0,1,0,1,6,7,0,0
MFI-00494,Boda Boda Operator,School Fees,150000.0,9,24,42496.0,3,0,1,1,10,1,0
MFI-00495,Market Trader,Equipment,94396.0,12,28,4201.0,2,1,1,2,10,1,1
MFI-00496,Food Vendor,Equipment,54103.0,9,27,2290.0,2,1,1,6,43,1,0
MFI-00497,Jua Kali Artisan,Stock Purchase,38375.0,6,14,17129.0,1,0,0,4,12,1,0
MFI-00498,Boda Boda Operator,Equipment,34222.0,12,21,4541.0,2,1,0,3,34,0,1
MFI-00499,Kiosk Owner,Stock Purchase,35490.0,9,14,10667.0,2,0,0,3,2,0,0
MFI-00500,Kiosk Owner,Business Expansion,19556.0,12,10,32276.0,3,2,0,2,39,1,0
MFI-00501,Market Trader,Business Expansion,61185.0,18,19,21544.0,1,1,1,2,13,1,0
MFI-00502,Market Trader,Business Expansion,83744.0,9,18,7135.0,1,0,1,5,11,0,0
MFI-00503,Kiosk Owner,Stock Purchase,29682.0,9,16,,3,0,1,0,16,0,0
MFI-00504,Market Trader,Equipment,52782.0,9,18,,2,0,1,1,16,1,0
MFI-00505,Kiosk Owner,School Fees,20290.0,18,16,1889.0,2,0,0,2,71,1,0
MFI-00506,Jua Kali Artisan,Medical Emergency,34427.0,12,12,1332.0,2,1,0,5,16,0,0
MFI-00507,Food Vendor,Equipment,18454.0,3,19,36819.0,6,0,0,2,4,0,0
MFI-00508,Boda Boda Operator,Stock Purchase,30286.0,6,12,,2,1,0,1,2,1,1
MFI-00509,Jua Kali Artisan,School Fees,39955.0,12,23,47493.0,5,0,0,2,19,0,0
MFI-00510,Market Trader,Stock Purchase,58897.0,3,22,2453.0,3,1,1,2,45,0,1
MFI-00511,Jua Kali Artisan,Stock Purchase,22246.0,9,18,1992.0,1,0,0,1,9,1,0
MFI-00512,Food Vendor,Medical Emergency,53153.0,18,19,10869.0,1,0,1,5,42,1,0
MFI-00513,Kiosk Owner,School Fees,16898.0,6,24,,2,1,1,1,9,1,1
MFI-00514,Kiosk Owner,Business Expansion,46803.0,12,21,50000.0,4,0,0,2,19,1,0
MFI-00515,Kiosk Owner,Equipment,150000.0,6,18,33660.0,0,0,0,6,40,1,0
MFI-00516,Market Trader,Business Expansion,26981.0,9,17,22925.0,0,1,0,0,11,0,1
MFI-00517,Food Vendor,Stock Purchase,12494.0,18,14,1069.0,1,1,0,2,10,1,1
MFI-00518,Food Vendor,Medical Emergency,74409.0,6,17,17942.0,2,1,1,3,2,1,0
MFI-00519,Market Trader,School Fees,45653.0,18,15,16145.0,1,0,1,4,62,1,0
MFI-00520,Boda Boda Operator,Medical Emergency,52402.0,6,24,5804.0,0,1,0,7,102,1,1
MFI-00521,Kiosk Owner,Medical Emergency,100459.0,6,24,11398.0,3,0,1,1,21,1,0
MFI-00522,Jua Kali Artisan,School Fees,20566.0,12,18,9113.0,1,0,1,3,41,0,0
MFI-00523,Jua Kali Artisan,School Fees,21058.0,6,23,1464.0,1,0,1,2,23,1,0
MFI-00524,Jua Kali Artisan,School Fees,56143.0,6,14,3175.0,1,0,1,6,9,1,0
MFI-00525,Boda Boda Operator,Medical Emergency,83424.0,6,13,3635.0,1,1,1,1,10,0,1
MFI-00526,Market Trader,Stock Purchase,43907.0,3,20,,2,0,1,4,30,0,0
MFI-00527,Market Trader,Medical Emergency,34298.0,12,20,10442.0,2,0,1,2,27,0,0
MFI-00528,Kiosk Owner,Stock Purchase,47016.0,9,14,15206.0,3,0,1,1,103,1,0
MFI-00529,Boda Boda Operator,Equipment,65306.0,9,9,7730.0,2,0,1,1,1,1,0
MFI-00530,Jua Kali Artisan,Stock Purchase,11403.0,9,17,32005.0,2,0,0,3,32,0,0
MFI-00531,Market Trader,Equipment,16447.0,6,17,6963.0,0,0,0,7,19,1,0
MFI-00532,Boda Boda Operator,Business Expansion,33825.0,6,21,5018.0,3,0,0,2,41,1,0
MFI-00533,Food Vendor,Equipment,63074.0,3,13,2830.0,2,0,0,2,1,0,0
MFI-00534,Boda Boda Operator,Medical Emergency,150000.0,9,13,6479.0,0,0,1,2,31,1,0
MFI-00535,Kiosk Owner,Business Expansion,33167.0,9,16,332.0,2,0,1,1,6,0,0
MFI-00536,Jua Kali Artisan,Medical Emergency,44188.0,3,16,28664.0,3,0,0,2,17,0,0
MFI-00537,Market Trader,Medical Emergency,21332.0,9,17,7275.0,1,0,1,3,30,0,0
MFI-00538,Market Trader,Equipment,61433.0,6,20,15270.0,2,0,1,4,39,1,0
MFI-00539,Food Vendor,School Fees,15088.0,3,15,15464.0,5,0,1,1,32,1,0
MFI-00540,Food Vendor,Medical Emergency,35985.0,18,17,10264.0,2,0,0,6,40,0,0
MFI-00541,Food Vendor,Business Expansion,16983.0,3,17,1770.0,2,0,0,1,1,0,0
MFI-00542,Kiosk Owner,Medical Emergency,6702.0,12,13,171.0,2,0,1,4,13,0,0
MFI-00543,Jua Kali Artisan,School Fees,150000.0,9,23,43605.0,1,0,1,2,2,0,0
MFI-00544,Food Vendor,School Fees,68977.0,9,19,5005.0,0,0,1,5,25,0,1
MFI-00545,Jua Kali Artisan,Medical Emergency,69361.0,3,20,3505.0,3,0,0,4,7,0,0
MFI-00546,Jua Kali Artisan,School Fees,75142.0,6,14,,2,1,1,0,1,0,1
MFI-00547,Food Vendor,Equipment,113556.0,6,20,3098.0,1,1,0,4,1,1,0
MFI-00548,Jua Kali Artisan,Stock Purchase,41353.0,18,20,,0,0,1,3,4,0,0
MFI-00549,Market Trader,School Fees,72733.0,3,20,,0,0,1,4,11,1,0
MFI-00550,Jua Kali Artisan,Medical Emergency,24333.0,3,18,5524.0,0,0,1,1,20,0,0
MFI-00551,Jua Kali Artisan,School Fees,31641.0,6,20,3855.0,1,0,1,2,19,1,0
MFI-00552,Market Trader,Medical Emergency,10636.0,12,21,,1,0,0,6,40,1,1
MFI-00553,Market Trader,Business Expansion,42683.0,12,16,,0,1,1,4,10,0,0
MFI-00554,Boda Boda Operator,Medical Emergency,23766.0,12,14,,1,0,1,3,7,0,0
MFI-00555,Boda Boda Operator,Business Expansion,32647.0,6,14,,0,0,1,3,35,1,0
MFI-00556,Food Vendor,Stock Purchase,70495.0,12,18,1534.0,2,0,0,0,13,1,0
MFI-00557,Kiosk Owner,Equipment,46242.0,9,22,,3,1,1,3,62,1,0
MFI-00558,Jua Kali Artisan,Stock Purchase,82788.0,18,12,26626.0,1,0,0,5,11,0,0
MFI-00559,Jua Kali Artisan,Medical Emergency,22638.0,6,7,11890.0,2,1,1,1,21,1,0
MFI-00560,Kiosk Owner,Stock Purchase,49291.0,6,17,4530.0,1,0,0,1,34,0,0
MFI-00561,Food Vendor,Business Expansion,21772.0,3,18,1870.0,3,0,1,0,23,1,0
MFI-00562,Jua Kali Artisan,Stock Purchase,31545.0,9,16,9747.0,2,0,0,4,115,1,0
MFI-00563,Boda Boda Operator,Equipment,28418.0,18,21,2713.0,1,0,1,0,11,0,0
MFI-00564,Jua Kali Artisan,School Fees,16139.0,12,18,5058.0,1,0,1,4,2,0,0
MFI-00565,Market Trader,Business Expansion,26101.0,12,21,10580.0,2,1,1,4,12,1,0
MFI-00566,Jua Kali Artisan,Stock Purchase,57640.0,9,21,,0,1,1,4,4,1,0
MFI-00567,Jua Kali Artisan,Stock Purchase,17453.0,6,16,5457.0,0,0,1,4,3,0,0
MFI-00568,Market Trader,Stock Purchase,21351.0,6,23,1741.0,2,0,1,6,41,0,1
MFI-00569,Boda Boda Operator,Business Expansion,98218.0,6,19,3556.0,2,0,1,3,10,1,0
MFI-00570,Market Trader,Stock Purchase,112905.0,9,21,3143.0,0,0,1,2,9,1,0
MFI-00571,Kiosk Owner,School Fees,70661.0,12,8,16743.0,0,0,1,7,5,1,0
MFI-00572,Boda Boda Operator,Medical Emergency,142402.0,3,15,6106.0,1,0,0,3,91,0,0
MFI-00573,Jua Kali Artisan,Stock Purchase,108199.0,3,13,2536.0,3,2,1,0,4,0,1
MFI-00574,Market Trader,School Fees,33834.0,9,22,3263.0,3,0,1,5,29,1,0
MFI-00575,Market Trader,Business Expansion,150000.0,12,21,13731.0,1,0,1,0,4,1,0
MFI-00576,Boda Boda Operator,Medical Emergency,126452.0,18,21,1033.0,1,1,1,4,17,1,1
MFI-00577,Market Trader,Business Expansion,34270.0,9,18,2202.0,5,0,0,2,18,0,0
MFI-00578,Kiosk Owner,Medical Emergency,44399.0,6,20,1740.0,2,0,1,7,44,0,0
MFI-00579,Food Vendor,School Fees,21387.0,12,19,5863.0,2,0,0,2,15,0,0
MFI-00580,Jua Kali Artisan,School Fees,33638.0,6,18,5626.0,6,0,0,3,42,1,1
MFI-00581,Kiosk Owner,Medical Emergency,10472.0,12,15,4272.0,3,1,1,4,8,0,0
MFI-00582,Market Trader,School Fees,22716.0,12,26,4583.0,1,0,1,2,5,1,0
MFI-00583,Food Vendor,Equipment,68535.0,6,17,1296.0,0,1,1,0,51,1,0
MFI-00584,Jua Kali Artisan,Medical Emergency,16004.0,6,15,,6,0,0,6,6,1,0
MFI-00585,Kiosk Owner,Stock Purchase,28267.0,3,22,8888.0,1,0,1,3,33,1,0
MFI-00586,Boda Boda Operator,Stock Purchase,56774.0,9,20,1150.0,3,0,0,3,2,1,1
MFI-00587,Jua Kali Artisan,Stock Purchase,28806.0,18,23,3796.0,1,0,1,2,8,1,0
MFI-00588,Boda Boda Operator,Stock Purchase,91235.0,6,23,12924.0,1,0,0,5,3,1,1
MFI-00589,Jua Kali Artisan,Stock Purchase,94616.0,6,21,6127.0,4,0,0,2,12,1,0
MFI-00590,Market Trader,Equipment,22151.0,12,26,2500.0,2,1,1,4,34,0,0
MFI-00591,Kiosk Owner,Stock Purchase,25603.0,12,20,10150.0,0,0,1,0,28,1,0
MFI-00592,Jua Kali Artisan,School Fees,37645.0,3,24,2403.0,5,0,1,1,6,1,0
MFI-00593,Boda Boda Operator,Business Expansion,21332.0,6,16,5224.0,2,0,0,2,18,1,0
MFI-00594,Jua Kali Artisan,School Fees,134183.0,6,22,2273.0,2,0,1,3,15,0,0
MFI-00595,Jua Kali Artisan,School Fees,26110.0,6,15,1119.0,1,1,0,5,33,1,1
MFI-00596,Jua Kali Artisan,Equipment,75259.0,12,15,4383.0,2,0,1,0,2,0,0
MFI-00597,Market Trader,Equipment,10962.0,6,23,16540.0,0,0,0,5,33,0,0
MFI-00598,Kiosk Owner,School Fees,19569.0,12,15,15447.0,1,1,1,2,5,1,0
MFI-00599,Food Vendor,School Fees,15241.0,12,21,10291.0,0,0,1,3,26,0,0
MFI-00600,Jua Kali Artisan,Stock Purchase,13422.0,3,17,10106.0,3,1,0,1,2,1,0
MFI-00601,Jua Kali Artisan,Business Expansion,24027.0,6,18,,5,0,0,2,33,1,0
MFI-00602,Market Trader,Equipment,48727.0,9,11,4026.0,2,1,1,2,29,1,0
MFI-00603,Boda Boda Operator,Business Expansion,123841.0,6,20,1419.0,5,0,1,4,8,0,0
MFI-00604,Food Vendor,Business Expansion,30891.0,12,22,,2,0,0,6,55,0,0
MFI-00605,Food Vendor,Equipment,38774.0,3,27,12604.0,7,0,1,0,15,0,0
MFI-00606,Food Vendor,Business Expansion,47640.0,6,27,11668.0,0,2,1,3,22,1,0
MFI-00607,Market Trader,Stock Purchase,20277.0,9,17,6225.0,7,0,0,7,7,1,0
MFI-00608,Food Vendor,Equipment,35630.0,3,18,6906.0,2,1,0,4,17,1,0
MFI-00609,Boda Boda Operator,School Fees,150000.0,18,13,1214.0,0,0,1,3,1,1,0
MFI-00610,Kiosk Owner,Medical Emergency,49540.0,9,23,23394.0,0,0,1,6,6,0,0
MFI-00611,Food Vendor,Stock Purchase,150000.0,9,22,4387.0,5,0,1,2,4,1,0
MFI-00612,Jua Kali Artisan,Equipment,37020.0,6,16,597.0,1,1,1,4,5,1,0
MFI-00613,Boda Boda Operator,Business Expansion,22110.0,18,14,4286.0,4,0,1,3,2,1,0
MFI-00614,Boda Boda Operator,School Fees,83684.0,6,22,5323.0,4,0,0,3,9,1,0
MFI-00615,Food Vendor,Medical Emergency,99816.0,3,19,8407.0,1,1,0,5,42,1,0
MFI-00616,Jua Kali Artisan,Equipment,24411.0,9,18,4572.0,4,0,1,1,19,1,0
MFI-00617,Boda Boda Operator,Stock Purchase,48610.0,3,14,2760.0,3,3,0,2,20,0,1
MFI-00618,Market Trader,Stock Purchase,34515.0,18,11,2894.0,4,1,1,5,14,0,1
MFI-00619,Food Vendor,School Fees,12033.0,9,14,4923.0,2,1,1,1,31,0,0
MFI-00620,Jua Kali Artisan,Stock Purchase,12602.0,9,17,4094.0,2,0,0,1,58,0,0
MFI-00621,Kiosk Owner,Equipment,30815.0,9,18,,2,1,1,2,32,1,0
MFI-00622,Boda Boda Operator,School Fees,91127.0,6,19,3543.0,1,0,0,3,5,0,0
MFI-00623,Kiosk Owner,Medical Emergency,71700.0,6,18,,0,0,0,2,2,0,1
MFI-00624,Jua Kali Artisan,Equipment,17448.0,18,12,14553.0,0,2,1,0,1,1,0
MFI-00625,Market Trader,Stock Purchase,14795.0,6,16,4925.0,3,1,1,6,48,1,0
MFI-00626,Jua Kali Artisan,Medical Emergency,18053.0,3,17,12219.0,3,1,0,3,12,0,1
MFI-00627,Kiosk Owner,Medical Emergency,16880.0,9,18,4504.0,1,0,0,3,2,0,0
MFI-00628,Jua Kali Artisan,School Fees,17936.0,6,20,10065.0,1,1,1,5,59,1,0
MFI-00629,Jua Kali Artisan,Stock Purchase,7183.0,12,21,17371.0,3,1,1,2,12,1,0
MFI-00630,Boda Boda Operator,Business Expansion,5145.0,6,17,20471.0,6,1,1,4,43,1,0
MFI-00631,Jua Kali Artisan,Medical Emergency,4685.0,18,22,,5,0,1,2,7,1,0
MFI-00632,Market Trader,Medical Emergency,10505.0,6,26,617.0,2,0,1,3,7,1,0
MFI-00633,Boda Boda Operator,Equipment,92332.0,9,18,1082.0,1,0,1,2,88,0,0
MFI-00634,Market Trader,School Fees,150000.0,12,18,6645.0,4,0,1,5,7,0,0
MFI-00635,Kiosk Owner,Business Expansion,150000.0,12,17,1143.0,2,1,1,1,56,1,1
MFI-00636,Jua Kali Artisan,Stock Purchase,44314.0,9,17,1661.0,2,0,0,4,12,1,0
MFI-00637,Food Vendor,Stock Purchase,19523.0,12,14,12078.0,1,0,0,3,7,1,0
MFI-00638,Jua Kali Artisan,Equipment,25720.0,6,19,2530.0,1,0,1,2,16,0,0
MFI-00639,Food Vendor,Business Expansion,40635.0,9,28,2784.0,2,0,1,4,9,1,0
MFI-00640,Boda Boda Operator,Stock Purchase,150000.0,3,14,3310.0,3,1,1,2,1,0,0
MFI-00641,Kiosk Owner,Medical Emergency,16427.0,6,15,16537.0,0,0,1,6,4,1,0
MFI-00642,Food Vendor,Medical Emergency,36401.0,6,19,17372.0,0,1,1,0,3,0,1
MFI-00643,Jua Kali Artisan,Equipment,39257.0,12,14,50000.0,3,1,1,5,16,0,0
MFI-00644,Jua Kali Artisan,Stock Purchase,33841.0,9,22,11569.0,3,0,0,7,6,1,0
MFI-00645,Jua Kali Artisan,Equipment,7281.0,12,19,23809.0,1,1,1,5,3,1,0
MFI-00646,Kiosk Owner,Equipment,29126.0,9,18,2429.0,1,0,1,6,1,0,0
MFI-00647,Food Vendor,School Fees,12309.0,6,17,1202.0,2,0,1,5,5,0,1
MFI-00648,Food Vendor,Stock Purchase,150000.0,18,17,9005.0,0,0,0,1,36,1,0
MFI-00649,Kiosk Owner,Stock Purchase,57342.0,9,22,4056.0,1,1,1,3,35,0,0
MFI-00650,Market Trader,Equipment,88713.0,9,22,,2,0,1,3,66,1,0
MFI-00651,Boda Boda Operator,Equipment,17891.0,9,14,,1,0,1,3,24,1,0
MFI-00652,Kiosk Owner,Medical Emergency,25353.0,6,18,2663.0,0,1,1,1,8,0,0
MFI-00653,Jua Kali Artisan,School Fees,150000.0,12,16,3655.0,2,1,0,7,19,1,1
MFI-00654,Market Trader,Equipment,82393.0,12,13,,4,1,1,5,12,1,1
MFI-00655,Food Vendor,Stock Purchase,50881.0,6,17,5077.0,3,1,0,2,3,1,1
MFI-00656,Boda Boda Operator,School Fees,106397.0,18,23,5712.0,1,0,0,4,4,1,0
MFI-00657,Jua Kali Artisan,Stock Purchase,150000.0,6,19,18896.0,2,0,1,1,30,0,0
MFI-00658,Jua Kali Artisan,School Fees,122274.0,3,8,1554.0,0,1,0,1,82,0,1
MFI-00659,Jua Kali Artisan,Medical Emergency,84087.0,6,27,11909.0,5,1,0,2,26,1,0
MFI-00660,Kiosk Owner,Business Expansion,90822.0,6,19,9890.0,5,0,1,1,27,0,0
MFI-00661,Food Vendor,Business Expansion,27901.0,12,21,6760.0,1,2,1,1,39,0,0
MFI-00662,Market Trader,Equipment,42469.0,12,14,7697.0,5,0,0,2,37,0,1
MFI-00663,Boda Boda Operator,Business Expansion,62601.0,6,16,3140.0,2,1,0,5,29,1,0
MFI-00664,Jua Kali Artisan,Stock Purchase,46844.0,12,21,1221.0,1,1,1,3,40,1,1
MFI-00665,Kiosk Owner,Stock Purchase,54308.0,6,18,7203.0,1,0,1,4,17,0,0
MFI-00666,Kiosk Owner,School Fees,32437.0,12,19,3053.0,1,0,1,5,4,0,0
MFI-00667,Boda Boda Operator,Medical Emergency,4087.0,3,21,8785.0,3,0,1,1,34,1,0
MFI-00668,Market Trader,Equipment,62397.0,6,23,3570.0,0,0,1,4,6,0,0
MFI-00669,Kiosk Owner,Equipment,39595.0,12,21,11544.0,0,0,0,5,58,0,0
MFI-00670,Kiosk Owner,Stock Purchase,40199.0,9,23,14195.0,2,0,1,5,2,1,0
MFI-00671,Food Vendor,Stock Purchase,150000.0,12,21,,4,0,1,3,4,0,0
MFI-00672,Food Vendor,Business Expansion,48308.0,6,13,17206.0,0,0,0,2,14,1,0
MFI-00673,Market Trader,Equipment,19074.0,6,15,4848.0,0,1,0,3,21,0,0
MFI-00674,Boda Boda Operator,School Fees,62965.0,6,18,13375.0,4,0,0,0,19,0,0
MFI-00675,Jua Kali Artisan,Medical Emergency,38888.0,12,15,3396.0,1,0,0,3,7,0,0
MFI-00676,Kiosk Owner,Equipment,88684.0,18,11,,4,0,1,5,8,1,0
MFI-00677,Jua Kali Artisan,School Fees,22530.0,3,18,5340.0,2,0,0,2,11,0,0
MFI-00678,Jua Kali Artisan,Stock Purchase,18921.0,18,19,18255.0,0,0,1,4,13,1,0
MFI-00679,Jua Kali Artisan,School Fees,23577.0,9,19,4013.0,2,0,1,3,42,0,0
MFI-00680,Market Trader,School Fees,9106.0,9,12,12130.0,4,1,1,4,1,1,0
MFI-00681,Boda Boda Operator,Equipment,25588.0,6,18,1806.0,2,0,1,2,38,0,0
MFI-00682,Boda Boda Operator,School Fees,129538.0,6,16,754.0,1,0,0,3,59,0,0
MFI-00683,Food Vendor,Equipment,20304.0,9,20,,2,0,1,0,35,1,1
MFI-00684,Jua Kali Artisan,Business Expansion,12265.0,6,21,4669.0,2,1,1,6,51,1,0
MFI-00685,Jua Kali Artisan,Business Expansion,23803.0,3,18,13305.0,2,0,1,3,25,1,0
MFI-00686,Kiosk Owner,School Fees,43314.0,18,17,3901.0,0,0,1,6,3,1,1
MFI-00687,Market Trader,School Fees,19994.0,9,24,24707.0,1,0,1,3,26,1,0
MFI-00688,Jua Kali Artisan,Medical Emergency,38459.0,12,18,8115.0,2,0,1,2,6,0,0
MFI-00689,Market Trader,Stock Purchase,44404.0,9,23,3894.0,2,1,1,3,23,0,1
MFI-00690,Food Vendor,Business Expansion,36366.0,12,15,6205.0,3,0,1,5,38,1,0
MFI-00691,Market Trader,School Fees,33810.0,3,12,1712.0,2,1,0,4,5,0,1
MFI-00692,Boda Boda Operator,School Fees,148887.0,6,18,3919.0,2,0,1,2,50,1,0
MFI-00693,Market Trader,School Fees,41828.0,18,18,4111.0,2,0,1,3,63,1,0
MFI-00694,Jua Kali Artisan,School Fees,19289.0,18,24,5963.0,1,0,0,2,1,0,0
MFI-00695,Jua Kali Artisan,School Fees,66416.0,18,20,,1,0,1,0,25,1,0
MFI-00696,Jua Kali Artisan,Medical Emergency,34613.0,18,13,7834.0,2,0,0,2,19,1,1
MFI-00697,Jua Kali Artisan,Stock Purchase,38452.0,3,18,985.0,3,1,1,5,2,1,0
MFI-00698,Market Trader,Medical Emergency,81694.0,3,12,14834.0,3,0,0,5,23,0,0
MFI-00699,Jua Kali Artisan,Equipment,106210.0,18,24,4808.0,1,0,1,3,14,1,0
MFI-00700,Boda Boda Operator,Medical Emergency,14598.0,3,17,10548.0,3,2,1,5,1,1,0
MFI-00701,Kiosk Owner,Stock Purchase,145160.0,12,19,13922.0,1,0,1,2,31,0,1
MFI-00702,Jua Kali Artisan,Stock Purchase,34481.0,12,21,5911.0,1,0,1,5,120,0,1
MFI-00703,Food Vendor,Equipment,34673.0,9,19,11697.0,2,0,1,2,32,0,0
MFI-00704,Kiosk Owner,Equipment,16188.0,12,14,7041.0,2,0,1,4,25,1,0
MFI-00705,Market Trader,Stock Purchase,65997.0,9,19,6753.0,0,0,1,3,57,1,0
MFI-00706,Boda Boda Operator,Business Expansion,11645.0,6,17,3015.0,0,0,1,0,34,1,0
MFI-00707,Boda Boda Operator,Stock Purchase,55866.0,12,20,16450.0,2,3,0,3,40,1,1
MFI-00708,Food Vendor,Equipment,136089.0,6,22,5482.0,2,0,1,2,4,1,0
MFI-00709,Jua Kali Artisan,Business Expansion,28234.0,6,16,19830.0,0,0,1,2,2,1,0
MFI-00710,Food Vendor,Equipment,86289.0,18,8,,2,0,1,3,56,0,0
MFI-00711,Jua Kali Artisan,Medical Emergency,38776.0,9,27,2715.0,4,0,1,2,58,0,0
MFI-00712,Jua Kali Artisan,Stock Purchase,11923.0,6,13,1632.0,0,0,0,4,6,1,0
MFI-00713,Boda Boda Operator,Medical Emergency,39966.0,12,18,14580.0,1,0,0,2,43,1,0
MFI-00714,Boda Boda Operator,School Fees,31312.0,12,16,8929.0,1,0,0,7,77,1,0
MFI-00715,Jua Kali Artisan,Medical Emergency,74397.0,3,21,1056.0,1,1,1,4,7,0,0
MFI-00716,Boda Boda Operator,School Fees,27155.0,3,15,2113.0,3,0,1,1,4,1,0
MFI-00717,Boda Boda Operator,Stock Purchase,54129.0,6,14,,2,0,1,4,8,1,0
MFI-00718,Boda Boda Operator,Equipment,15607.0,12,20,13734.0,4,1,1,1,24,0,0
MFI-00719,Jua Kali Artisan,Business Expansion,51204.0,12,22,16446.0,1,1,0,1,58,0,0
MFI-00720,Jua Kali Artisan,Business Expansion,37013.0,18,25,3076.0,1,1,0,4,26,0,0
MFI-00721,Kiosk Owner,School Fees,32794.0,12,24,621.0,1,0,0,3,6,0,0
MFI-00722,Boda Boda Operator,Equipment,37230.0,9,18,678.0,1,1,1,4,10,1,0
MFI-00723,Jua Kali Artisan,School Fees,28741.0,3,20,18226.0,3,1,1,3,17,0,0
MFI-00724,Boda Boda Operator,Business Expansion,40671.0,12,23,16906.0,1,0,1,5,4,0,0
MFI-00725,Kiosk Owner,Business Expansion,31020.0,9,25,23338.0,0,0,1,2,30,1,0
MFI-00726,Kiosk Owner,Stock Purchase,16669.0,6,12,4338.0,3,0,0,5,33,0,0
MFI-00727,Market Trader,School Fees,12875.0,18,12,,1,1,1,1,18,1,0
MFI-00728,Jua Kali Artisan,School Fees,24454.0,9,24,8028.0,3,0,0,2,22,1,0
MFI-00729,Kiosk Owner,Business Expansion,28178.0,12,13,3017.0,1,0,0,1,7,1,0
MFI-00730,Jua Kali Artisan,Business Expansion,3282.0,12,21,28886.0,3,0,0,6,8,1,0
MFI-00731,Jua Kali Artisan,Stock Purchase,36881.0,3,20,,3,1,1,6,4,0,0
MFI-00732,Boda Boda Operator,Equipment,150000.0,6,23,6000.0,2,1,1,2,18,0,0
MFI-00733,Jua Kali Artisan,Equipment,63068.0,12,24,,4,1,1,3,11,1,1
MFI-00734,Boda Boda Operator,Equipment,31662.0,9,24,,0,0,1,2,7,1,0
MFI-00735,Boda Boda Operator,Medical Emergency,18916.0,3,13,2402.0,4,0,0,1,1,0,1
MFI-00736,Boda Boda Operator,Equipment,9336.0,6,25,1228.0,1,0,0,2,19,1,0
MFI-00737,Food Vendor,Stock Purchase,73930.0,6,11,5330.0,1,0,1,3,2,1,0
MFI-00738,Jua Kali Artisan,School Fees,51038.0,12,18,,2,0,1,4,31,0,0
MFI-00739,Kiosk Owner,School Fees,13521.0,3,14,,2,0,0,3,22,1,0
MFI-00740,Jua Kali Artisan,Equipment,78482.0,9,19,,2,0,1,5,11,0,1
MFI-00741,Market Trader,Medical Emergency,71087.0,3,8,17530.0,2,0,0,2,26,0,0
MFI-00742,Jua Kali Artisan,School Fees,21225.0,9,14,4618.0,4,1,1,2,22,1,0
MFI-00743,Food Vendor,Medical Emergency,28752.0,3,15,11032.0,1,0,0,3,17,0,0
MFI-00744,Market Trader,Equipment,44350.0,3,18,1179.0,2,0,0,5,65,0,1
MFI-00745,Market Trader,Medical Emergency,56516.0,9,19,3347.0,3,0,0,7,79,0,0
MFI-00746,Boda Boda Operator,Business Expansion,15127.0,3,17,9394.0,4,0,1,2,38,1,0
MFI-00747,Kiosk Owner,Business Expansion,57157.0,18,17,4918.0,1,0,1,0,47,1,0
MFI-00748,Market Trader,Business Expansion,38077.0,6,17,4354.0,1,0,0,3,13,0,0
MFI-00749,Food Vendor,Stock Purchase,88316.0,3,22,3502.0,1,1,1,7,78,0,0
MFI-00750,Kiosk Owner,Stock Purchase,66845.0,12,17,4942.0,2,1,0,7,14,1,1
MFI-00751,Jua Kali Artisan,Equipment,38036.0,3,16,,3,0,1,5,43,0,0
MFI-00752,Food Vendor,Medical Emergency,75617.0,12,20,1586.0,1,2,1,3,67,1,0
MFI-00753,Kiosk Owner,Medical Emergency,10855.0,12,18,2816.0,1,1,1,3,33,1,0
MFI-00754,Food Vendor,Business Expansion,26920.0,3,14,8903.0,1,0,1,3,4,1,0
MFI-00755,Market Trader,Business Expansion,16677.0,3,19,4308.0,3,0,1,2,48,0,0
MFI-00756,Boda Boda Operator,Business Expansion,23288.0,12,16,8056.0,2,1,0,3,3,1,1
MFI-00757,Boda Boda Operator,Medical Emergency,23062.0,12,24,4164.0,2,0,1,2,58,0,0
MFI-00758,Kiosk Owner,Medical Emergency,13224.0,6,17,,4,0,0,5,81,0,1
MFI-00759,Boda Boda Operator,Business Expansion,77825.0,12,14,13673.0,1,0,1,3,31,0,0
MFI-00760,Market Trader,Medical Emergency,66219.0,6,11,9352.0,0,1,1,5,46,0,0
MFI-00761,Food Vendor,Stock Purchase,22347.0,9,22,4411.0,0,1,1,3,2,0,0
MFI-00762,Boda Boda Operator,Equipment,5698.0,6,16,10674.0,0,0,0,2,8,0,1
MFI-00763,Market Trader,Business Expansion,24243.0,6,29,9145.0,1,0,1,4,26,1,0
MFI-00764,Food Vendor,School Fees,34930.0,9,21,2774.0,2,0,0,0,48,1,0
MFI-00765,Market Trader,Stock Purchase,107533.0,6,19,5799.0,0,0,0,2,55,1,1
MFI-00766,Kiosk Owner,Business Expansion,23130.0,6,19,7166.0,1,1,1,4,16,0,0
MFI-00767,Food Vendor,Business Expansion,79434.0,9,21,8009.0,1,0,1,6,9,0,0
MFI-00768,Food Vendor,Medical Emergency,24249.0,9,16,28557.0,4,0,0,1,11,1,0
MFI-00769,Market Trader,Stock Purchase,57238.0,12,22,9366.0,1,1,1,6,13,0,1
MFI-00770,Boda Boda Operator,Equipment,69292.0,9,13,9485.0,3,1,0,4,21,1,0
MFI-00771,Kiosk Owner,School Fees,57687.0,6,18,1659.0,3,2,0,4,30,0,1
MFI-00772,Boda Boda Operator,Business Expansion,16887.0,9,22,,0,1,0,1,1,0,0
MFI-00773,Jua Kali Artisan,Equipment,27151.0,3,14,1356.0,1,0,1,1,27,0,0
MFI-00774,Kiosk Owner,School Fees,58090.0,6,18,2829.0,4,0,1,4,31,0,0
MFI-00775,Kiosk Owner,Equipment,10260.0,9,15,2952.0,5,1,0,1,27,1,0
MFI-00776,Market Trader,Medical Emergency,68304.0,9,18,3588.0,2,1,1,2,43,1,0
MFI-00777,Market Trader,Stock Purchase,13765.0,9,16,2045.0,2,1,1,0,119,1,1
MFI-00778,Kiosk Owner,Business Expansion,12315.0,9,14,972.0,2,0,0,1,11,1,0
MFI-00779,Kiosk Owner,School Fees,23714.0,6,17,15989.0,2,0,0,1,4,1,0
MFI-00780,Food Vendor,Business Expansion,20993.0,12,9,2935.0,1,0,0,4,44,0,0
MFI-00781,Boda Boda Operator,School Fees,42001.0,12,24,590.0,4,0,1,1,1,1,0
MFI-00782,Market Trader,Equipment,44971.0,9,28,3694.0,2,0,1,3,5,1,0
MFI-00783,Food Vendor,Business Expansion,38417.0,9,23,7667.0,2,0,1,5,80,1,0
MFI-00784,Jua Kali Artisan,Stock Purchase,16541.0,12,17,997.0,2,0,1,2,55,1,0
MFI-00785,Kiosk Owner,School Fees,95523.0,9,28,9123.0,0,0,0,0,11,0,0
MFI-00786,Market Trader,Medical Emergency,38241.0,6,14,6737.0,2,0,1,4,45,0,0
MFI-00787,Kiosk Owner,Equipment,76455.0,9,16,2058.0,3,0,1,3,4,1,0
MFI-00788,Food Vendor,Medical Emergency,5797.0,18,18,,2,0,1,4,56,0,0
MFI-00789,Kiosk Owner,Equipment,55720.0,6,20,24974.0,0,0,0,2,13,1,0
MFI-00790,Kiosk Owner,Stock Purchase,22962.0,12,21,5199.0,1,1,1,6,7,0,0
MFI-00791,Food Vendor,Medical Emergency,66656.0,18,25,2985.0,1,1,0,7,44,1,0
MFI-00792,Boda Boda Operator,Equipment,150000.0,12,9,2158.0,1,0,0,2,7,1,0
MFI-00793,Food Vendor,Medical Emergency,14263.0,6,23,30165.0,3,1,1,2,8,0,0
MFI-00794,Kiosk Owner,Equipment,72157.0,3,26,3989.0,3,0,1,2,19,1,0
MFI-00795,Boda Boda Operator,Stock Purchase,22492.0,9,20,3874.0,3,0,1,3,18,1,0
MFI-00796,Food Vendor,Business Expansion,8126.0,3,19,11852.0,3,1,0,1,10,1,0
MFI-00797,Food Vendor,Equipment,76241.0,9,25,8705.0,0,0,1,10,22,1,0
MFI-00798,Market Trader,School Fees,150000.0,6,19,1239.0,4,0,0,4,6,0,1
MFI-00799,Food Vendor,Business Expansion,150000.0,9,17,6026.0,0,1,0,4,7,0,0
MFI-00800,Kiosk Owner,Medical Emergency,46188.0,6,11,3015.0,2,1,0,5,10,0,0
MFI-00801,Market Trader,Medical Emergency,11436.0,12,16,15969.0,0,0,0,1,16,0,0
MFI-00802,Boda Boda Operator,Medical Emergency,30764.0,6,22,1554.0,0,0,1,2,26,0,0
MFI-00803,Market Trader,School Fees,33277.0,3,18,10871.0,3,0,0,3,12,1,0
MFI-00804,Jua Kali Artisan,School Fees,87291.0,9,17,691.0,2,0,1,6,19,0,0
MFI-00805,Boda Boda Operator,School Fees,35612.0,12,23,9399.0,5,1,1,5,74,0,0
MFI-00806,Jua Kali Artisan,School Fees,6901.0,6,23,10662.0,1,1,0,2,5,0,0
MFI-00807,Kiosk Owner,School Fees,60137.0,9,22,1998.0,1,0,1,1,4,0,0
MFI-00808,Boda Boda Operator,School Fees,38465.0,6,31,11684.0,1,1,1,1,21,1,0
MFI-00809,Boda Boda Operator,Business Expansion,74841.0,6,15,4335.0,1,0,0,4,76,1,1
MFI-00810,Market Trader,Business Expansion,44300.0,9,21,551.0,0,0,0,5,33,0,1
MFI-00811,Jua Kali Artisan,Medical Emergency,63017.0,12,12,6619.0,2,0,1,1,7,0,1
MFI-00812,Jua Kali Artisan,School Fees,36746.0,6,17,2197.0,1,0,1,0,37,1,0
MFI-00813,Market Trader,Stock Purchase,45565.0,12,15,12464.0,0,0,0,2,9,0,1
MFI-00814,Market Trader,Medical Emergency,17375.0,12,15,18223.0,0,0,1,3,10,0,0
MFI-00815,Market Trader,Medical Emergency,48212.0,18,22,,3,0,1,2,8,1,0
MFI-00816,Market Trader,Equipment,31317.0,6,27,1654.0,1,0,1,3,21,0,0
MFI-00817,Food Vendor,Medical Emergency,53742.0,6,14,4790.0,5,1,1,4,1,0,0
MFI-00818,Market Trader,Medical Emergency,14102.0,12,26,10226.0,3,0,0,5,1,0,0
MFI-00819,Market Trader,Medical Emergency,111228.0,9,25,2674.0,1,0,0,1,32,0,0
MFI-00820,Market Trader,Equipment,44297.0,3,10,7768.0,1,0,1,4,1,0,1
MFI-00821,Food Vendor,Stock Purchase,68494.0,9,17,,1,0,0,2,33,0,0
MFI-00822,Kiosk Owner,School Fees,36454.0,12,14,15127.0,2,0,1,6,8,1,0
MFI-00823,Kiosk Owner,Equipment,58841.0,6,13,,2,0,0,6,38,0,1
MFI-00824,Market Trader,School Fees,6026.0,18,22,877.0,2,1,1,3,24,1,0
MFI-00825,Boda Boda Operator,Business Expansion,33322.0,12,14,3657.0,3,1,1,7,36,1,0
MFI-00826,Food Vendor,Medical Emergency,19258.0,9,17,3984.0,3,0,0,5,15,0,1
MFI-00827,Market Trader,Medical Emergency,27229.0,12,11,5367.0,1,1,1,3,46,0,1
MFI-00828,Food Vendor,Medical Emergency,81515.0,3,20,374.0,4,0,1,7,9,1,0
MFI-00829,Food Vendor,Medical Emergency,10100.0,6,23,2212.0,0,0,0,2,8,0,0
MFI-00830,Kiosk Owner,Stock Purchase,65629.0,12,23,4096.0,1,0,1,1,1,1,0
MFI-00831,Jua Kali Artisan,School Fees,52526.0,6,20,7642.0,0,0,0,4,6,1,0
MFI-00832,Jua Kali Artisan,Equipment,101151.0,6,15,47021.0,4,0,1,7,10,1,0
MFI-00833,Jua Kali Artisan,Equipment,6912.0,6,17,9500.0,1,0,0,1,41,1,0
MFI-00834,Market Trader,Stock Purchase,58198.0,9,13,1814.0,1,0,1,2,3,1,0
MFI-00835,Jua Kali Artisan,Stock Purchase,44452.0,3,20,2141.0,1,0,0,1,18,1,0
MFI-00836,Market Trader,Business Expansion,34803.0,3,23,2488.0,1,0,1,4,8,0,0
MFI-00837,Boda Boda Operator,School Fees,115298.0,6,18,3323.0,2,0,1,3,21,0,0
MFI-00838,Kiosk Owner,Medical Emergency,6725.0,12,26,6161.0,2,0,1,3,120,1,0
MFI-00839,Boda Boda Operator,Medical Emergency,40140.0,12,20,1913.0,2,1,1,3,40,1,0
MFI-00840,Market Trader,Stock Purchase,82284.0,6,12,3949.0,3,0,0,4,6,1,0
MFI-00841,Boda Boda Operator,Stock Purchase,9894.0,9,15,4026.0,1,0,0,3,62,0,0
MFI-00842,Jua Kali Artisan,Equipment,58430.0,6,15,,1,0,1,5,10,0,0
MFI-00843,Boda Boda Operator,Equipment,47114.0,3,16,3270.0,3,0,0,3,25,0,0
MFI-00844,Food Vendor,Stock Purchase,6608.0,6,20,2284.0,0,0,0,3,69,1,0
MFI-00845,Food Vendor,Business Expansion,87334.0,3,13,2431.0,5,0,0,3,47,0,1
MFI-00846,Kiosk Owner,Business Expansion,17793.0,18,14,7274.0,0,1,0,2,14,1,0
MFI-00847,Boda Boda Operator,Medical Emergency,128383.0,9,15,2379.0,2,0,1,1,3,1,0
MFI-00848,Market Trader,Business Expansion,57484.0,3,19,9891.0,2,0,1,1,15,1,0
MFI-00849,Kiosk Owner,Medical Emergency,46157.0,12,18,7090.0,1,0,1,3,24,0,1
MFI-00850,Jua Kali Artisan,Business Expansion,81648.0,9,20,1654.0,3,1,0,3,6,1,0
MFI-00851,Jua Kali Artisan,Business Expansion,74269.0,6,13,16961.0,0,1,0,2,3,1,1
MFI-00852,Food Vendor,Stock Purchase,7576.0,9,21,5323.0,4,1,0,5,81,0,0
MFI-00853,Kiosk Owner,Business Expansion,9284.0,9,11,2525.0,0,0,0,1,40,1,0
MFI-00854,Jua Kali Artisan,Medical Emergency,32379.0,6,14,30631.0,2,1,1,3,21,0,1
MFI-00855,Boda Boda Operator,School Fees,15376.0,18,17,4856.0,2,0,0,6,21,0,0
MFI-00856,Kiosk Owner,School Fees,136997.0,3,19,7032.0,3,0,1,7,34,0,0
MFI-00857,Boda Boda Operator,Equipment,16439.0,3,20,,2,0,0,2,33,1,0
MFI-00858,Boda Boda Operator,Medical Emergency,39091.0,12,15,20778.0,0,0,0,5,5,1,1
MFI-00859,Boda Boda Operator,Stock Purchase,57899.0,6,22,29158.0,2,2,0,1,9,0,1
MFI-00860,Kiosk Owner,Stock Purchase,150000.0,3,27,6366.0,1,1,1,4,25,1,0
MFI-00861,Kiosk Owner,Equipment,91077.0,6,21,5278.0,1,0,1,3,34,1,0
MFI-00862,Food Vendor,School Fees,21398.0,6,16,,2,0,0,0,1,1,0
MFI-00863,Kiosk Owner,Medical Emergency,55259.0,9,25,3031.0,1,0,0,4,30,1,0
MFI-00864,Market Trader,Business Expansion,63492.0,12,16,6293.0,1,1,0,2,1,0,0
MFI-00865,Kiosk Owner,Equipment,59729.0,12,14,2561.0,3,0,1,3,8,0,0
MFI-00866,Food Vendor,Medical Emergency,16574.0,6,20,32614.0,2,0,1,4,73,0,1
MFI-00867,Kiosk Owner,Business Expansion,150000.0,9,16,14559.0,1,1,0,2,14,1,0
MFI-00868,Market Trader,Business Expansion,13639.0,18,18,29224.0,1,0,1,4,16,1,0
MFI-00869,Kiosk Owner,Medical Emergency,62578.0,3,15,3009.0,4,0,1,1,32,1,0
MFI-00870,Food Vendor,Stock Purchase,17930.0,9,22,,3,1,1,5,21,0,0
MFI-00871,Market Trader,Medical Emergency,49643.0,9,22,7505.0,1,0,1,2,9,0,0
MFI-00872,Food Vendor,Medical Emergency,31047.0,6,18,6672.0,2,1,1,3,21,0,1
MFI-00873,Jua Kali Artisan,Stock Purchase,12810.0,6,16,25733.0,2,0,1,3,19,0,0
MFI-00874,Boda Boda Operator,Equipment,5015.0,3,18,1974.0,1,0,0,2,3,1,0
MFI-00875,Food Vendor,Stock Purchase,73756.0,18,21,2682.0,2,1,1,4,33,1,0
MFI-00876,Jua Kali Artisan,Business Expansion,23215.0,3,14,2882.0,0,0,1,2,22,0,0
MFI-00877,Kiosk Owner,School Fees,40592.0,9,17,,1,2,0,3,2,0,0
MFI-00878,Market Trader,Equipment,150000.0,6,20,670.0,3,0,1,6,4,0,0
MFI-00879,Food Vendor,Medical Emergency,59816.0,3,17,4147.0,3,0,0,0,3,0,0
MFI-00880,Market Trader,Medical Emergency,3574.0,6,17,10347.0,0,1,1,2,2,0,0
MFI-00881,Jua Kali Artisan,Business Expansion,13633.0,6,21,,0,0,0,5,6,1,0
MFI-00882,Food Vendor,Business Expansion,8325.0,9,21,2170.0,1,1,0,7,20,0,0
MFI-00883,Kiosk Owner,Equipment,18640.0,9,14,16550.0,2,0,1,1,3,0,0
MFI-00884,Kiosk Owner,Equipment,29239.0,9,25,1580.0,1,0,1,5,6,0,0
MFI-00885,Kiosk Owner,Equipment,150000.0,3,26,774.0,2,1,1,3,61,0,0
MFI-00886,Boda Boda Operator,Business Expansion,81244.0,6,14,,0,0,0,3,24,1,0
MFI-00887,Kiosk Owner,School Fees,48298.0,6,16,,0,0,0,4,20,1,0
MFI-00888,Boda Boda Operator,Stock Purchase,51796.0,3,25,4011.0,2,0,1,8,7,0,1
MFI-00889,Food Vendor,Business Expansion,53107.0,12,15,17538.0,4,0,1,3,18,0,0
MFI-00890,Food Vendor,School Fees,8939.0,3,16,16647.0,3,0,1,3,6,0,0
MFI-00891,Jua Kali Artisan,Business Expansion,11760.0,6,17,712.0,1,0,0,1,18,1,0
MFI-00892,Jua Kali Artisan,Stock Purchase,52274.0,9,12,,2,0,1,1,35,0,0
MFI-00893,Market Trader,Equipment,36460.0,18,19,10644.0,0,0,1,0,23,1,0
MFI-00894,Food Vendor,School Fees,46249.0,3,13,1677.0,2,1,0,3,8,1,0
MFI-00895,Market Trader,Equipment,131168.0,6,17,1355.0,0,0,1,2,29,1,0
MFI-00896,Jua Kali Artisan,Stock Purchase,20877.0,6,22,8130.0,2,0,0,2,10,1,0
MFI-00897,Market Trader,Business Expansion,27020.0,9,17,1486.0,2,1,0,5,7,1,0
MFI-00898,Jua Kali Artisan,Medical Emergency,44242.0,6,21,6550.0,2,2,1,1,10,1,0
MFI-00899,Boda Boda Operator,Stock Purchase,9305.0,9,22,10437.0,2,0,1,6,16,1,0
MFI-00900,Jua Kali Artisan,Stock Purchase,11176.0,3,17,11950.0,2,1,0,4,32,0,1
MFI-00901,Food Vendor,School Fees,108063.0,12,15,11015.0,1,1,1,5,101,0,1
MFI-00902,Food Vendor,Medical Emergency,28700.0,3,16,,3,1,0,5,100,1,0
MFI-00903,Boda Boda Operator,School Fees,24533.0,9,15,1795.0,1,0,0,4,30,0,0
MFI-00904,Boda Boda Operator,School Fees,44046.0,12,13,26591.0,1,1,1,3,2,1,0
MFI-00905,Jua Kali Artisan,Equipment,9551.0,3,33,2943.0,0,0,1,2,19,1,0
MFI-00906,Food Vendor,Stock Purchase,28412.0,9,16,1669.0,5,0,1,8,5,0,0
MFI-00907,Jua Kali Artisan,Stock Purchase,22933.0,6,17,14397.0,5,0,1,4,10,1,0
MFI-00908,Jua Kali Artisan,Stock Purchase,48724.0,6,13,9144.0,1,0,1,3,18,1,0
MFI-00909,Boda Boda Operator,Medical Emergency,6712.0,3,15,894.0,4,0,1,3,9,1,0
MFI-00910,Jua Kali Artisan,Equipment,19131.0,6,16,11777.0,4,0,1,3,37,0,0
MFI-00911,Jua Kali Artisan,Medical Emergency,25124.0,12,18,6529.0,2,1,0,6,1,0,1
MFI-00912,Boda Boda Operator,Business Expansion,24640.0,12,19,5081.0,3,0,0,1,12,0,0
MFI-00913,Boda Boda Operator,School Fees,84226.0,9,18,,2,1,0,3,31,1,1
MFI-00914,Kiosk Owner,School Fees,19346.0,12,16,,0,0,0,5,96,0,0
MFI-00915,Jua Kali Artisan,Medical Emergency,150000.0,12,22,23937.0,3,0,1,2,19,1,0
MFI-00916,Kiosk Owner,Medical Emergency,66010.0,9,21,9396.0,6,0,0,2,45,1,1
MFI-00917,Boda Boda Operator,School Fees,24607.0,6,22,,4,0,1,6,16,0,0
MFI-00918,Food Vendor,Equipment,58901.0,12,12,1447.0,0,1,1,1,120,1,1
MFI-00919,Kiosk Owner,Equipment,64942.0,6,19,2152.0,1,1,1,0,53,1,0
MFI-00920,Market Trader,School Fees,28332.0,6,22,12875.0,2,0,0,3,25,0,0
MFI-00921,Market Trader,Business Expansion,91256.0,9,15,,0,1,1,0,19,0,0
MFI-00922,Kiosk Owner,Medical Emergency,16638.0,3,21,9144.0,1,0,1,7,64,1,0
MFI-00923,Market Trader,Stock Purchase,58049.0,6,20,2712.0,1,0,1,4,27,1,0
MFI-00924,Food Vendor,Business Expansion,33392.0,12,17,19949.0,2,1,1,2,54,0,0
MFI-00925,Jua Kali Artisan,Equipment,45780.0,6,17,,4,0,1,3,15,1,0
MFI-00926,Food Vendor,Stock Purchase,43609.0,9,15,3938.0,1,1,0,4,14,0,0
MFI-00927,Market Trader,Stock Purchase,36845.0,9,13,3879.0,2,2,1,2,88,0,0
MFI-00928,Jua Kali Artisan,Business Expansion,150000.0,9,21,9755.0,1,0,1,3,44,1,0
MFI-00929,Market Trader,Business Expansion,22742.0,6,15,7047.0,4,0,0,1,19,0,0
MFI-00930,Kiosk Owner,Medical Emergency,19308.0,18,12,21628.0,1,0,0,3,54,0,0
MFI-00931,Food Vendor,Business Expansion,33834.0,9,22,,4,0,0,5,2,1,0
MFI-00932,Jua Kali Artisan,School Fees,103011.0,9,19,2441.0,3,0,1,1,12,1,0
MFI-00933,Boda Boda Operator,Equipment,37441.0,12,11,5134.0,1,0,1,1,10,1,0
MFI-00934,Food Vendor,Medical Emergency,34296.0,9,22,4877.0,3,0,0,1,51,0,0
MFI-00935,Boda Boda Operator,Medical Emergency,23282.0,3,20,2862.0,0,1,0,0,15,1,1
MFI-00936,Kiosk Owner,School Fees,24608.0,6,17,1053.0,3,0,1,0,15,0,1
MFI-00937,Market Trader,Stock Purchase,85451.0,6,19,4818.0,2,0,1,0,3,1,0
MFI-00938,Kiosk Owner,Business Expansion,34550.0,9,14,,1,0,0,1,22,1,0
MFI-00939,Boda Boda Operator,Stock Purchase,44520.0,12,17,5960.0,2,0,1,1,15,1,0
MFI-00940,Jua Kali Artisan,Equipment,20776.0,9,20,6890.0,3,0,0,3,4,1,0
MFI-00941,Kiosk Owner,Equipment,67609.0,6,8,20626.0,4,0,1,2,41,0,0
MFI-00942,Market Trader,Medical Emergency,96618.0,12,15,2053.0,1,1,1,1,22,0,1
MFI-00943,Jua Kali Artisan,Business Expansion,17291.0,9,20,2220.0,2,0,1,6,67,0,0
MFI-00944,Jua Kali Artisan,Stock Purchase,17645.0,12,16,3201.0,0,0,0,4,17,1,0
MFI-00945,Market Trader,Business Expansion,18481.0,18,30,14447.0,0,0,1,5,24,0,0
MFI-00946,Jua Kali Artisan,Medical Emergency,83162.0,6,14,12038.0,1,0,1,4,10,0,0
MFI-00947,Food Vendor,Medical Emergency,16835.0,6,22,6404.0,2,0,0,1,18,1,0
MFI-00948,Jua Kali Artisan,Stock Purchase,27577.0,6,11,,3,1,1,2,10,1,0
MFI-00949,Boda Boda Operator,Business Expansion,16522.0,3,18,1945.0,2,0,0,1,3,1,0
MFI-00950,Food Vendor,School Fees,140562.0,6,17,3221.0,3,0,0,0,2,0,0
MFI-00951,Kiosk Owner,Equipment,23734.0,9,20,7068.0,1,0,0,5,10,1,0
MFI-00952,Jua Kali Artisan,Equipment,137392.0,6,22,4008.0,2,0,0,3,2,0,0
MFI-00953,Market Trader,Equipment,35553.0,6,16,11470.0,2,0,1,5,5,1,0
MFI-00954,Food Vendor,Medical Emergency,24470.0,6,20,27674.0,0,0,0,4,4,0,1
MFI-00955,Jua Kali Artisan,School Fees,68810.0,3,23,4483.0,3,0,1,3,32,0,0
MFI-00956,Boda Boda Operator,Medical Emergency,35193.0,9,14,7405.0,1,0,0,4,15,0,0
MFI-00957,Jua Kali Artisan,Stock Purchase,112203.0,9,17,12430.0,0,0,1,6,1,1,0
MFI-00958,Jua Kali Artisan,Business Expansion,30540.0,9,19,,0,0,1,2,6,1,0
MFI-00959,Food Vendor,Business Expansion,25301.0,6,15,28869.0,1,1,0,2,2,1,1
MFI-00960,Boda Boda Operator,Business Expansion,25220.0,12,14,7455.0,1,1,1,1,6,0,0
MFI-00961,Jua Kali Artisan,Business Expansion,98149.0,3,21,5185.0,4,0,1,2,26,0,0
MFI-00962,Food Vendor,Medical Emergency,44386.0,3,21,1861.0,2,0,0,2,38,0,0
MFI-00963,Market Trader,Business Expansion,20131.0,3,17,,2,0,1,3,43,0,0
MFI-00964,Jua Kali Artisan,Stock Purchase,11517.0,12,27,1962.0,2,0,0,2,4,0,0
MFI-00965,Kiosk Owner,School Fees,43002.0,12,26,,0,1,1,1,29,0,0
MFI-00966,Market Trader,Medical Emergency,17145.0,12,22,7434.0,3,0,0,4,3,1,0
MFI-00967,Jua Kali Artisan,Stock Purchase,8827.0,6,18,3531.0,1,0,1,4,77,0,0
MFI-00968,Market Trader,Stock Purchase,86766.0,12,18,437.0,2,0,1,3,13,1,0
MFI-00969,Kiosk Owner,Equipment,13549.0,12,18,50000.0,1,4,1,0,1,1,0
MFI-00970,Market Trader,School Fees,8694.0,12,17,1149.0,1,0,0,2,3,1,1
MFI-00971,Jua Kali Artisan,Equipment,32533.0,12,20,3810.0,2,0,0,2,44,0,0
MFI-00972,Kiosk Owner,Business Expansion,28572.0,12,17,1499.0,2,0,0,3,10,0,1
MFI-00973,Boda Boda Operator,Stock Purchase,18058.0,9,15,3808.0,5,0,0,0,1,1,0
MFI-00974,Food Vendor,Equipment,43268.0,18,16,3166.0,1,1,0,5,24,1,0
MFI-00975,Food Vendor,Stock Purchase,28644.0,9,18,2508.0,0,0,1,3,85,0,0
MFI-00976,Jua Kali Artisan,Business Expansion,150000.0,6,15,4462.0,3,0,1,2,1,1,0
MFI-00977,Food Vendor,Business Expansion,31123.0,6,13,,1,0,0,2,29,1,0
MFI-00978,Food Vendor,School Fees,13121.0,6,21,,1,0,0,4,22,1,0
MFI-00979,Jua Kali Artisan,Business Expansion,46174.0,12,27,,5,1,0,2,1,0,0
MFI-00980,Jua Kali Artisan,School Fees,49338.0,3,24,,2,0,1,3,19,0,0
MFI-00981,Market Trader,Business Expansion,27778.0,6,19,8441.0,0,0,1,2,4,1,0
MFI-00982,Food Vendor,Business Expansion,9598.0,3,14,13821.0,0,0,0,4,39,0,0
MFI-00983,Market Trader,School Fees,125152.0,6,23,,1,0,1,3,10,1,0
MFI-00984,Food Vendor,Equipment,13227.0,6,18,24541.0,0,0,0,5,6,0,0
MFI-00985,Food Vendor,Medical Emergency,73636.0,9,13,,1,0,1,5,12,1,0
MFI-00986,Boda Boda Operator,Equipment,97369.0,6,8,11600.0,2,0,1,2,37,0,0
MFI-00987,Food Vendor,Business Expansion,28340.0,3,26,3546.0,0,0,1,6,7,1,0
MFI-00988,Jua Kali Artisan,Stock Purchase,73396.0,6,21,41241.0,1,0,1,5,18,0,0
MFI-00989,Food Vendor,Medical Emergency,78721.0,9,27,15053.0,1,0,0,1,28,1,0
MFI-00990,Kiosk Owner,Business Expansion,15402.0,3,15,1101.0,2,1,1,2,9,1,0
MFI-00991,Boda Boda Operator,School Fees,117811.0,12,19,3374.0,1,0,1,8,25,1,0
MFI-00992,Market Trader,Stock Purchase,47262.0,3,22,8998.0,2,2,1,3,73,0,1
MFI-00993,Food Vendor,Medical Emergency,6428.0,6,16,,0,0,1,1,19,1,0
MFI-00994,Food Vendor,Medical Emergency,42554.0,12,26,14807.0,2,0,0,4,5,1,0
MFI-00995,Market Trader,Medical Emergency,23222.0,9,14,4040.0,1,0,0,4,24,0,0
MFI-00996,Boda Boda Operator,Stock Purchase,51882.0,18,25,1832.0,1,0,0,0,93,1,1
MFI-00997,Market Trader,Stock Purchase,21762.0,6,19,4122.0,2,1,1,3,34,0,0
MFI-00998,Food Vendor,School Fees,21871.0,3,12,2823.0,5,0,1,0,6,1,0
MFI-00999,Market Trader,Stock Purchase,15858.0,3,19,880.0,2,0,0,3,11,1,0
MFI-01000,Market Trader,Stock Purchase,43472.0,18,17,4719.0,2,0,0,2,2,1,0
MFI-01001,Food Vendor,Equipment,55059.0,9,21,3234.0,3,1,1,4,16,1,1
MFI-01002,Boda Boda Operator,School Fees,36235.0,6,13,5518.0,2,0,1,1,9,0,0
MFI-01003,Jua Kali Artisan,School Fees,28703.0,6,17,1670.0,0,0,0,3,19,1,0
MFI-01004,Boda Boda Operator,Medical Emergency,39234.0,12,20,5775.0,2,0,1,3,4,1,0
MFI-01005,Jua Kali Artisan,Business Expansion,84588.0,9,13,50000.0,0,1,1,4,98,1,0
MFI-01006,Food Vendor,Medical Emergency,15803.0,6,14,1409.0,1,0,1,3,11,1,0
MFI-01007,Food Vendor,School Fees,12466.0,9,23,5245.0,1,1,1,2,17,0,1
MFI-01008,Jua Kali Artisan,School Fees,13897.0,6,16,6765.0,2,0,1,3,120,1,0
MFI-01009,Food Vendor,Business Expansion,9786.0,9,21,5250.0,0,1,1,4,10,0,0
MFI-01010,Food Vendor,Business Expansion,16138.0,12,16,4795.0,1,1,1,5,11,0,0
MFI-01011,Jua Kali Artisan,Business Expansion,90486.0,3,18,5314.0,1,0,1,6,39,1,0
MFI-01012,Market Trader,Business Expansion,9325.0,6,19,,1,0,1,5,2,1,0
MFI-01013,Boda Boda Operator,Medical Emergency,29704.0,3,17,26366.0,2,0,0,2,7,1,0
MFI-01014,Boda Boda Operator,Stock Purchase,61898.0,3,22,7432.0,0,1,1,4,16,0,0
MFI-01015,Kiosk Owner,Medical Emergency,36660.0,18,24,2635.0,2,0,1,4,20,0,0
MFI-01016,Food Vendor,Business Expansion,72984.0,9,24,16499.0,0,1,1,0,42,0,1
MFI-01017,Market Trader,Medical Emergency,22831.0,18,12,2383.0,1,0,1,1,33,1,0
MFI-01018,Market Trader,Medical Emergency,24484.0,12,22,1580.0,2,1,0,6,31,0,0
MFI-01019,Food Vendor,Medical Emergency,26587.0,18,17,3225.0,2,0,0,4,12,1,0
MFI-01020,Boda Boda Operator,Business Expansion,56537.0,18,20,20631.0,5,0,1,2,86,0,0
MFI-01021,Kiosk Owner,Business Expansion,150000.0,12,14,1607.0,0,1,0,3,43,1,0
MFI-01022,Kiosk Owner,Business Expansion,36097.0,12,21,3692.0,1,0,0,6,15,0,1
MFI-01023,Kiosk Owner,Equipment,30055.0,12,19,2740.0,1,1,1,1,10,1,1
MFI-01024,Jua Kali Artisan,Stock Purchase,16806.0,18,23,,1,0,1,3,1,0,0
MFI-01025,Jua Kali Artisan,School Fees,146123.0,18,17,1677.0,1,0,1,2,12,0,1
MFI-01026,Food Vendor,Equipment,26650.0,18,13,9232.0,2,0,0,2,1,1,0
MFI-01027,Kiosk Owner,Equipment,22152.0,9,23,1295.0,0,0,0,4,9,0,0
MFI-01028,Market Trader,Equipment,30701.0,12,19,,2,0,1,2,5,0,0
MFI-01029,Jua Kali Artisan,Equipment,150000.0,9,20,8587.0,1,0,1,2,10,1,0
MFI-01030,Jua Kali Artisan,Medical Emergency,23178.0,9,17,10237.0,1,0,1,2,2,0,0
MFI-01031,Food Vendor,Equipment,35592.0,12,17,,6,0,0,3,36,0,0
MFI-01032,Jua Kali Artisan,Stock Purchase,4852.0,12,16,,3,0,1,6,2,1,0
MFI-01033,Food Vendor,Business Expansion,79557.0,12,16,10885.0,5,0,0,3,30,1,0
MFI-01034,Market Trader,School Fees,28882.0,12,18,8849.0,1,0,1,9,66,1,0
MFI-01035,Food Vendor,Stock Purchase,75330.0,6,22,2294.0,2,0,0,4,16,1,0
MFI-01036,Kiosk Owner,Equipment,60302.0,9,15,1425.0,3,0,1,3,37,1,0
MFI-01037,Jua Kali Artisan,Business Expansion,41237.0,6,25,5267.0,1,0,1,4,69,0,0
MFI-01038,Boda Boda Operator,Equipment,25339.0,9,19,5700.0,1,2,0,3,19,1,1
MFI-01039,Food Vendor,School Fees,38203.0,18,24,10204.0,0,0,0,2,7,1,0
MFI-01040,Market Trader,Equipment,12426.0,12,23,2630.0,2,0,0,2,1,0,0
MFI-01041,Kiosk Owner,Medical Emergency,43470.0,6,8,7225.0,1,0,0,4,14,1,0
MFI-01042,Food Vendor,Medical Emergency,56533.0,9,20,13106.0,3,1,1,2,4,0,0
MFI-01043,Kiosk Owner,Equipment,38776.0,6,19,615.0,1,0,1,2,46,0,0
MFI-01044,Market Trader,Business Expansion,37379.0,6,14,479.0,2,0,0,3,38,1,1
MFI-01045,Kiosk Owner,School Fees,22362.0,6,13,5874.0,1,0,0,2,32,0,0
MFI-01046,Market Trader,Equipment,31939.0,6,21,6535.0,1,0,0,6,2,1,1
MFI-01047,Jua Kali Artisan,School Fees,15100.0,9,19,2618.0,1,0,0,4,25,1,0
MFI-01048,Kiosk Owner,Equipment,23472.0,6,31,,1,0,0,3,9,1,1
MFI-01049,Boda Boda Operator,School Fees,150000.0,3,25,30398.0,1,0,1,4,16,0,0
MFI-01050,Boda Boda Operator,Equipment,38987.0,12,17,5254.0,0,0,0,5,85,0,0
MFI-01051,Boda Boda Operator,Medical Emergency,53548.0,12,24,5494.0,2,1,0,5,2,1,1
MFI-01052,Food Vendor,Equipment,35560.0,12,12,,0,0,1,2,26,1,0
MFI-01053,Jua Kali Artisan,Medical Emergency,38272.0,12,17,4227.0,0,0,1,1,63,0,0
MFI-01054,Jua Kali Artisan,Business Expansion,40438.0,6,15,3738.0,2,0,1,3,1,0,0
MFI-01055,Market Trader,Equipment,29948.0,9,13,19401.0,4,0,0,0,23,0,0
MFI-01056,Market Trader,School Fees,58375.0,18,25,50000.0,0,0,0,5,21,1,0
MFI-01057,Food Vendor,Business Expansion,20484.0,12,21,2232.0,0,0,1,2,22,0,0
MFI-01058,Kiosk Owner,Medical Emergency,11086.0,6,22,14642.0,1,0,0,8,8,0,1
MFI-01059,Food Vendor,Business Expansion,42505.0,9,17,24647.0,2,0,0,2,31,1,0
MFI-01060,Boda Boda Operator,Equipment,88844.0,3,20,2148.0,0,1,0,3,45,0,0
MFI-01061,Jua Kali Artisan,Stock Purchase,21603.0,6,26,,3,0,1,1,9,0,0
MFI-01062,Market Trader,Equipment,68015.0,6,23,1487.0,2,1,1,4,5,0,1
MFI-01063,Market Trader,Medical Emergency,62191.0,6,14,,1,0,1,2,73,1,0
MFI-01064,Jua Kali Artisan,Business Expansion,126523.0,12,10,2065.0,1,0,1,0,42,0,0
MFI-01065,Boda Boda Operator,Stock Purchase,150000.0,18,21,3944.0,1,1,1,1,65,1,0
MFI-01066,Boda Boda Operator,School Fees,57764.0,9,18,1372.0,3,0,0,4,3,0,1
MFI-01067,Boda Boda Operator,Business Expansion,32996.0,6,24,8971.0,0,0,0,2,50,1,0
MFI-01068,Jua Kali Artisan,Business Expansion,9966.0,3,20,11410.0,5,0,0,3,44,0,0
MFI-01069,Food Vendor,Equipment,79318.0,6,19,3189.0,1,0,0,4,14,0,0
MFI-01070,Boda Boda Operator,School Fees,89778.0,3,23,,4,1,1,9,12,1,0
MFI-01071,Food Vendor,Stock Purchase,29555.0,6,14,6018.0,1,0,1,2,13,1,0
MFI-01072,Kiosk Owner,Business Expansion,48128.0,12,16,6441.0,2,0,1,2,22,0,0
MFI-01073,Market Trader,Equipment,15974.0,3,18,2417.0,1,0,0,4,22,0,0
MFI-01074,Food Vendor,Equipment,22503.0,12,20,3238.0,6,0,0,2,39,1,0
MFI-01075,Kiosk Owner,Stock Purchase,12615.0,12,13,3089.0,2,0,0,2,11,1,0
MFI-01076,Jua Kali Artisan,School Fees,45036.0,6,13,10871.0,1,0,1,1,1,1,0
MFI-01077,Kiosk Owner,School Fees,26378.0,9,20,5984.0,2,0,1,2,9,0,0
MFI-01078,Kiosk Owner,Equipment,98690.0,3,20,,5,0,1,8,27,0,0
MFI-01079,Market Trader,School Fees,43818.0,12,17,,0,0,0,2,47,0,1
MFI-01080,Kiosk Owner,School Fees,48169.0,12,15,3185.0,3,1,0,1,8,0,0
MFI-01081,Kiosk Owner,Equipment,36649.0,6,31,10443.0,2,1,0,3,31,1,0
MFI-01082,Market Trader,Business Expansion,128517.0,6,18,5230.0,1,1,1,2,14,1,1
MFI-01083,Jua Kali Artisan,Business Expansion,116059.0,9,19,2974.0,4,0,1,2,2,1,0
MFI-01084,Boda Boda Operator,School Fees,31657.0,6,10,12781.0,3,0,1,0,2,0,0
MFI-01085,Food Vendor,Equipment,46109.0,12,22,29901.0,2,0,0,4,4,0,0
MFI-01086,Food Vendor,Business Expansion,112626.0,12,13,1605.0,3,0,1,0,29,1,0
MFI-01087,Kiosk Owner,Business Expansion,14175.0,18,21,2246.0,3,0,0,4,44,1,1
MFI-01088,Boda Boda Operator,Equipment,46239.0,6,16,23081.0,2,0,1,1,2,0,0
MFI-01089,Boda Boda Operator,Stock Purchase,27446.0,3,17,38910.0,1,0,1,6,8,0,0
MFI-01090,Kiosk Owner,School Fees,117955.0,12,21,7144.0,0,1,0,5,54,1,1
MFI-01091,Food Vendor,School Fees,55520.0,3,20,18949.0,1,0,1,3,25,0,0
MFI-01092,Food Vendor,Business Expansion,9043.0,6,18,3063.0,2,0,1,4,10,0,0
MFI-01093,Boda Boda Operator,Equipment,26041.0,6,17,928.0,2,0,1,0,23,0,0
MFI-01094,Boda Boda Operator,Medical Emergency,111632.0,6,15,4591.0,2,0,1,2,10,1,1
MFI-01095,Kiosk Owner,Medical Emergency,74132.0,6,21,20520.0,2,1,1,1,4,0,0
MFI-01096,Food Vendor,Equipment,15772.0,9,19,2390.0,2,0,1,3,1,1,1
MFI-01097,Food Vendor,Equipment,16597.0,9,18,24849.0,1,0,1,1,33,1,0
MFI-01098,Kiosk Owner,Stock Purchase,38657.0,6,12,17132.0,2,1,1,1,14,1,0
MFI-01099,Kiosk Owner,Medical Emergency,34769.0,9,19,5848.0,3,0,0,6,45,1,0
MFI-01100,Jua Kali Artisan,Equipment,29573.0,3,23,50000.0,2,0,0,2,39,0,0
MFI-01101,Boda Boda Operator,Equipment,26302.0,12,12,4221.0,1,0,1,2,1,1,0
MFI-01102,Boda Boda Operator,School Fees,22691.0,9,20,1339.0,1,0,0,3,18,1,0
MFI-01103,Boda Boda Operator,Medical Emergency,150000.0,9,23,3543.0,4,0,0,0,10,0,0
MFI-01104,Market Trader,Equipment,27102.0,6,14,7167.0,2,0,1,5,58,0,0
MFI-01105,Market Trader,Medical Emergency,21434.0,18,15,2524.0,2,1,1,5,91,0,0
MFI-01106,Kiosk Owner,Equipment,54435.0,9,16,2474.0,1,1,1,6,7,1,0
MFI-01107,Jua Kali Artisan,Medical Emergency,33488.0,6,21,,3,0,1,1,6,0,0
MFI-01108,Market Trader,Stock Purchase,17375.0,6,16,11550.0,4,0,0,3,4,1,0
MFI-01109,Boda Boda Operator,Stock Purchase,29731.0,6,25,,1,1,1,3,55,0,1
MFI-01110,Jua Kali Artisan,Stock Purchase,34611.0,12,19,4715.0,3,1,0,6,14,0,0
MFI-01111,Food Vendor,Business Expansion,51238.0,6,19,2781.0,0,0,0,4,6,1,1
MFI-01112,Kiosk Owner,Equipment,46650.0,3,21,2406.0,3,0,1,3,9,1,0
MFI-01113,Market Trader,School Fees,16117.0,6,11,3791.0,0,3,1,5,12,0,0
MFI-01114,Jua Kali Artisan,Business Expansion,59098.0,6,16,1399.0,0,0,0,4,95,1,0
MFI-01115,Market Trader,Medical Emergency,74139.0,18,14,2710.0,2,0,0,7,54,0,1
MFI-01116,Market Trader,Equipment,15357.0,6,25,6690.0,3,1,0,1,16,1,0
MFI-01117,Kiosk Owner,Equipment,19509.0,6,19,1549.0,1,0,1,3,48,1,0
MFI-01118,Market Trader,Business Expansion,31558.0,6,15,622.0,2,0,0,2,7,1,1
MFI-01119,Kiosk Owner,Equipment,43289.0,3,22,3095.0,0,0,0,3,18,1,0
MFI-01120,Kiosk Owner,Equipment,44626.0,9,20,1484.0,3,0,1,4,37,1,0
MFI-01121,Food Vendor,Medical Emergency,35095.0,18,25,2893.0,1,0,1,3,4,1,0
MFI-01122,Boda Boda Operator,School Fees,11554.0,6,18,11478.0,1,1,0,2,18,1,0
MFI-01123,Food Vendor,Medical Emergency,81606.0,18,21,,1,0,1,2,10,0,1
MFI-01124,Market Trader,Business Expansion,16427.0,3,20,,1,0,1,3,36,1,0
MFI-01125,Food Vendor,Equipment,106987.0,9,16,8760.0,2,0,0,4,47,1,1
MFI-01126,Jua Kali Artisan,Equipment,92412.0,6,13,35187.0,1,1,0,1,3,1,0
MFI-01127,Food Vendor,School Fees,14901.0,12,13,3812.0,1,0,0,3,39,1,0
MFI-01128,Food Vendor,School Fees,48145.0,12,18,1864.0,0,0,1,2,25,1,0
MFI-01129,Food Vendor,Stock Purchase,107888.0,12,19,9601.0,3,0,1,4,120,0,0
MFI-01130,Kiosk Owner,School Fees,58167.0,9,19,2970.0,4,0,1,5,11,0,0
MFI-01131,Boda Boda Operator,Medical Emergency,9338.0,9,14,,0,1,0,2,14,1,0
MFI-01132,Food Vendor,Equipment,35243.0,9,15,3832.0,0,0,0,0,19,0,1
MFI-01133,Food Vendor,Medical Emergency,70757.0,9,14,7287.0,2,0,1,1,38,1,0
MFI-01134,Boda Boda Operator,Medical Emergency,139353.0,12,17,7064.0,0,1,1,7,16,1,1
MFI-01135,Food Vendor,Medical Emergency,32583.0,9,22,1231.0,3,0,0,3,5,0,0
MFI-01136,Boda Boda Operator,Medical Emergency,9576.0,6,9,,0,0,0,4,43,1,0
MFI-01137,Food Vendor,Medical Emergency,150000.0,12,24,1141.0,1,0,1,1,6,1,0
MFI-01138,Food Vendor,Medical Emergency,32927.0,18,21,1351.0,3,0,1,2,4,1,0
MFI-01139,Jua Kali Artisan,Equipment,115335.0,18,20,18768.0,2,0,0,4,13,1,0
MFI-01140,Jua Kali Artisan,Medical Emergency,29540.0,6,15,,4,0,1,2,20,0,0
MFI-01141,Jua Kali Artisan,Business Expansion,56378.0,6,20,,2,1,0,2,42,0,0
MFI-01142,Kiosk Owner,Medical Emergency,20986.0,18,20,7623.0,1,0,0,4,4,0,0
MFI-01143,Market Trader,Stock Purchase,21314.0,6,17,2697.0,1,0,1,2,3,1,0
MFI-01144,Jua Kali Artisan,Medical Emergency,150000.0,3,23,3322.0,4,0,0,5,78,1,0
MFI-01145,Market Trader,Stock Purchase,77017.0,9,16,,1,0,0,8,36,0,0
MFI-01146,Boda Boda Operator,Equipment,35513.0,6,17,14275.0,3,0,1,5,13,0,0
MFI-01147,Market Trader,Business Expansion,76697.0,9,20,12517.0,0,0,1,3,32,1,0
MFI-01148,Boda Boda Operator,Equipment,21114.0,3,21,5056.0,0,0,0,6,4,0,0
MFI-01149,Market Trader,Equipment,36361.0,6,17,8209.0,1,0,1,6,2,1,0
MFI-01150,Boda Boda Operator,Medical Emergency,39411.0,12,13,3028.0,3,0,1,1,12,1,0
MFI-01151,Jua Kali Artisan,Stock Purchase,19796.0,6,20,,3,0,1,2,41,0,0
MFI-01152,Jua Kali Artisan,Business Expansion,17827.0,18,19,4888.0,1,0,0,2,6,1,0
MFI-01153,Jua Kali Artisan,Medical Emergency,8016.0,9,22,9019.0,0,1,1,3,3,0,1
MFI-01154,Boda Boda Operator,Stock Purchase,16747.0,3,17,23197.0,2,0,1,3,21,1,0
MFI-01155,Kiosk Owner,Medical Emergency,150000.0,18,25,14365.0,2,0,1,5,79,0,1
MFI-01156,Market Trader,Equipment,8764.0,6,18,9620.0,2,0,1,2,7,0,0
MFI-01157,Boda Boda Operator,Stock Purchase,35324.0,6,11,4377.0,1,2,1,3,19,0,0
MFI-01158,Jua Kali Artisan,School Fees,41031.0,18,22,3783.0,2,1,0,2,32,1,1
MFI-01159,Market Trader,Medical Emergency,29738.0,12,22,6176.0,2,0,0,5,10,0,0
MFI-01160,Jua Kali Artisan,Equipment,73093.0,9,16,5866.0,2,1,1,1,10,1,0
MFI-01161,Kiosk Owner,Stock Purchase,29143.0,3,29,1685.0,2,0,1,4,26,0,1
MFI-01162,Food Vendor,Equipment,77869.0,3,21,3374.0,1,0,1,1,14,1,0
MFI-01163,Jua Kali Artisan,Medical Emergency,56348.0,6,21,5055.0,0,1,1,3,61,1,0
MFI-01164,Food Vendor,Medical Emergency,12300.0,12,9,9352.0,2,1,1,2,4,1,0
MFI-01165,Kiosk Owner,Medical Emergency,91972.0,12,14,4610.0,2,1,0,2,12,1,1
MFI-01166,Food Vendor,Business Expansion,28254.0,6,17,33675.0,1,0,0,3,1,1,0
MFI-01167,Jua Kali Artisan,Business Expansion,8666.0,3,15,2669.0,5,0,1,1,5,1,0
MFI-01168,Kiosk Owner,Medical Emergency,52946.0,6,14,6273.0,2,0,0,4,13,0,1
MFI-01169,Market Trader,Business Expansion,28864.0,18,18,4345.0,2,1,0,3,11,1,0
MFI-01170,Food Vendor,Equipment,133645.0,9,17,7439.0,2,1,1,3,10,1,1
MFI-01171,Food Vendor,Stock Purchase,87246.0,12,18,4958.0,2,0,1,2,1,0,1
MFI-01172,Boda Boda Operator,Business Expansion,17645.0,12,18,3608.0,4,1,1,2,21,1,0
MFI-01173,Jua Kali Artisan,Business Expansion,77590.0,12,12,8572.0,3,0,1,4,53,0,0
MFI-01174,Jua Kali Artisan,Business Expansion,20810.0,18,15,2169.0,4,0,0,5,8,1,0
MFI-01175,Food Vendor,Business Expansion,9646.0,18,22,1321.0,1,0,1,3,9,1,0
MFI-01176,Food Vendor,School Fees,22211.0,9,17,,2,0,0,1,27,0,0
MFI-01177,Food Vendor,Stock Purchase,12540.0,6,14,5023.0,1,0,0,2,36,0,0
MFI-01178,Jua Kali Artisan,Equipment,35921.0,12,24,22176.0,2,1,0,1,61,0,0
MFI-01179,Boda Boda Operator,Business Expansion,150000.0,12,13,4951.0,6,0,1,6,9,1,0
MFI-01180,Food Vendor,School Fees,38676.0,12,19,1151.0,1,1,1,6,10,1,0
MFI-01181,Jua Kali Artisan,Medical Emergency,52529.0,6,23,7500.0,3,0,1,3,21,0,0
MFI-01182,Jua Kali Artisan,Medical Emergency,16276.0,9,20,818.0,6,0,1,3,7,0,1
MFI-01183,Boda Boda Operator,School Fees,23570.0,6,21,985.0,0,1,0,0,6,0,0
MFI-01184,Boda Boda Operator,Equipment,56174.0,6,22,5017.0,2,0,0,1,10,1,0
MFI-01185,Boda Boda Operator,School Fees,34377.0,6,16,,1,1,1,2,5,0,1
MFI-01186,Market Trader,Medical Emergency,20402.0,12,14,5618.0,3,0,1,2,4,1,0
MFI-01187,Market Trader,Business Expansion,81003.0,6,18,2298.0,2,0,1,1,35,0,0
MFI-01188,Food Vendor,Medical Emergency,40635.0,6,23,,1,0,1,3,42,1,0
MFI-01189,Jua Kali Artisan,Stock Purchase,150000.0,12,23,50000.0,1,0,1,3,101,0,0
MFI-01190,Boda Boda Operator,Stock Purchase,61540.0,18,26,1589.0,5,1,1,6,10,0,0
MFI-01191,Market Trader,Medical Emergency,14651.0,12,16,2201.0,5,0,0,3,44,1,0
MFI-01192,Food Vendor,Medical Emergency,39836.0,6,14,20995.0,2,0,1,1,2,1,0
MFI-01193,Jua Kali Artisan,Business Expansion,13861.0,9,21,2199.0,4,1,0,3,17,0,1
MFI-01194,Boda Boda Operator,Business Expansion,150000.0,12,21,3790.0,2,0,0,6,3,0,0
MFI-01195,Market Trader,Stock Purchase,16463.0,12,24,5129.0,1,0,1,4,7,1,0
MFI-01196,Market Trader,Equipment,88550.0,6,15,3484.0,2,2,0,3,5,0,1
MFI-01197,Jua Kali Artisan,Medical Emergency,77919.0,6,17,15509.0,4,1,1,1,14,0,1
MFI-01198,Market Trader,Business Expansion,21036.0,9,18,13530.0,0,1,0,5,13,0,0
MFI-01199,Jua Kali Artisan,Medical Emergency,47227.0,9,17,,2,0,0,6,13,1,0
MFI-01200,Boda Boda Operator,Stock Purchase,44563.0,3,20,21078.0,1,0,1,1,6,0,0
MFI-01201,Jua Kali Artisan,Business Expansion,70699.0,9,20,4373.0,4,0,1,2,42,1,0
MFI-01202,Boda Boda Operator,School Fees,41839.0,9,13,17506.0,5,0,0,4,4,1,0
MFI-01203,Kiosk Owner,Stock Purchase,21280.0,3,9,,1,0,0,0,35,1,0
MFI-01204,Market Trader,Medical Emergency,56875.0,3,16,1984.0,1,0,1,2,56,0,0
MFI-01205,Kiosk Owner,Business Expansion,57031.0,6,17,8054.0,2,1,1,4,10,0,1
MFI-01206,Jua Kali Artisan,Stock Purchase,17242.0,6,17,3172.0,1,1,1,3,28,1,0
MFI-01207,Boda Boda Operator,Medical Emergency,5743.0,12,14,1088.0,2,1,0,1,35,1,0
MFI-01208,Market Trader,Equipment,58293.0,6,15,1088.0,1,0,1,1,11,1,0
MFI-01209,Food Vendor,Business Expansion,48956.0,12,21,1875.0,4,0,0,2,15,0,1
MFI-01210,Market Trader,Equipment,51300.0,9,15,23442.0,1,1,1,6,1,1,0
MFI-01211,Food Vendor,Stock Purchase,104319.0,6,10,323.0,1,0,1,9,6,1,0
MFI-01212,Market Trader,Business Expansion,73195.0,12,16,3769.0,1,0,0,5,18,0,1
MFI-01213,Boda Boda Operator,Medical Emergency,102201.0,12,13,8470.0,1,0,0,4,6,0,0
MFI-01214,Jua Kali Artisan,Equipment,67944.0,3,13,4249.0,4,0,0,2,7,1,0
MFI-01215,Boda Boda Operator,Stock Purchase,40748.0,12,18,3475.0,2,0,1,3,11,0,0
MFI-01216,Market Trader,Medical Emergency,13580.0,9,21,2192.0,2,0,0,5,25,0,0
MFI-01217,Food Vendor,Medical Emergency,124611.0,6,16,,1,0,1,1,18,1,0
MFI-01218,Boda Boda Operator,Medical Emergency,30710.0,9,13,3128.0,4,0,0,5,3,1,0
MFI-01219,Boda Boda Operator,Medical Emergency,22366.0,6,19,1440.0,4,0,1,2,15,1,0
MFI-01220,Food Vendor,Equipment,60455.0,9,14,3000.0,0,1,1,4,4,1,0
MFI-01221,Kiosk Owner,Medical Emergency,8362.0,6,30,6420.0,1,0,1,2,14,1,0
MFI-01222,Market Trader,School Fees,20106.0,3,16,2281.0,2,0,0,1,55,0,0
MFI-01223,Boda Boda Operator,Business Expansion,21952.0,6,19,,3,0,0,1,17,0,0
MFI-01224,Boda Boda Operator,Medical Emergency,21456.0,3,18,,2,0,1,3,120,0,0
MFI-01225,Market Trader,Medical Emergency,150000.0,3,15,,4,0,0,1,12,0,0
MFI-01226,Food Vendor,School Fees,34001.0,12,12,20000.0,1,0,1,3,5,1,0
MFI-01227,Market Trader,Business Expansion,21783.0,12,14,825.0,1,0,1,5,48,0,0
MFI-01228,Jua Kali Artisan,Medical Emergency,34938.0,12,16,3236.0,1,1,0,4,5,1,0
MFI-01229,Jua Kali Artisan,Medical Emergency,71895.0,12,27,,3,0,0,6,20,1,0
MFI-01230,Boda Boda Operator,Medical Emergency,7903.0,6,19,,3,1,1,3,13,1,1
MFI-01231,Jua Kali Artisan,School Fees,39797.0,9,19,5546.0,0,0,1,2,70,0,0
MFI-01232,Market Trader,Business Expansion,25277.0,12,16,4825.0,2,0,1,7,61,1,0
MFI-01233,Boda Boda Operator,Stock Purchase,45055.0,9,16,,2,0,0,5,25,0,0
MFI-01234,Jua Kali Artisan,Business Expansion,14521.0,12,12,,1,0,1,0,48,0,0
MFI-01235,Food Vendor,School Fees,31450.0,6,24,14899.0,0,0,1,2,6,1,0
MFI-01236,Jua Kali Artisan,Business Expansion,32556.0,6,12,1253.0,3,0,1,3,15,0,0
MFI-01237,Food Vendor,Medical Emergency,13142.0,12,11,9781.0,1,0,0,3,80,1,0
MFI-01238,Jua Kali Artisan,School Fees,150000.0,6,23,713.0,2,0,1,2,11,0,0
MFI-01239,Food Vendor,School Fees,50611.0,9,26,965.0,1,0,1,2,24,1,0
MFI-01240,Market Trader,Business Expansion,75888.0,3,14,,2,0,0,2,7,0,0
MFI-01241,Market Trader,Business Expansion,27359.0,9,24,21881.0,3,1,1,3,20,1,0
MFI-01242,Kiosk Owner,Equipment,43122.0,9,13,12884.0,3,1,1,4,13,1,0
MFI-01243,Market Trader,Business Expansion,13885.0,6,20,2914.0,1,1,1,2,1,1,0
MFI-01244,Jua Kali Artisan,Business Expansion,21762.0,9,15,2318.0,6,0,1,1,31,1,0
MFI-01245,Boda Boda Operator,Medical Emergency,17693.0,6,21,7524.0,1,0,1,3,5,1,1
MFI-01246,Food Vendor,Stock Purchase,46038.0,6,24,962.0,1,0,0,4,23,1,0
MFI-01247,Market Trader,Stock Purchase,142283.0,6,15,7652.0,3,0,1,6,24,0,1
MFI-01248,Boda Boda Operator,Stock Purchase,74814.0,12,17,2816.0,1,0,1,4,32,1,0
MFI-01249,Food Vendor,Business Expansion,150000.0,12,25,,1,0,0,6,16,1,0
MFI-01250,Food Vendor,Stock Purchase,68530.0,9,21,6611.0,0,1,1,6,42,1,0
MFI-01251,Food Vendor,Equipment,50827.0,9,17,4127.0,1,0,1,2,12,0,0
MFI-01252,Market Trader,School Fees,17362.0,12,19,6167.0,2,0,0,3,11,1,0
MFI-01253,Food Vendor,Equipment,47035.0,9,16,3430.0,0,0,0,4,14,1,0
MFI-01254,Kiosk Owner,Equipment,24852.0,12,20,8065.0,2,0,1,2,50,1,0
MFI-01255,Market Trader,Stock Purchase,70661.0,6,23,2031.0,3,0,1,1,31,0,0
MFI-01256,Boda Boda Operator,Stock Purchase,12242.0,9,23,,0,0,1,4,23,0,0
MFI-01257,Kiosk Owner,Equipment,33306.0,6,20,,2,0,1,1,29,1,0
MFI-01258,Kiosk Owner,Equipment,36826.0,3,15,11289.0,3,1,0,3,34,1,0
MFI-01259,Market Trader,Equipment,150000.0,12,14,10559.0,3,0,1,3,24,0,0
MFI-01260,Food Vendor,Equipment,16018.0,9,20,,1,0,1,5,15,0,0
MFI-01261,Kiosk Owner,Equipment,92459.0,9,17,9813.0,2,0,0,1,6,1,0
MFI-01262,Jua Kali Artisan,Business Expansion,70174.0,9,21,3152.0,2,0,1,3,62,1,0
MFI-01263,Boda Boda Operator,Equipment,29595.0,9,19,9357.0,0,0,0,2,31,0,0
MFI-01264,Jua Kali Artisan,School Fees,50399.0,9,21,990.0,2,1,0,4,7,0,1
MFI-01265,Market Trader,Stock Purchase,29737.0,12,16,1711.0,1,0,1,3,52,1,0
MFI-01266,Kiosk Owner,School Fees,36742.0,18,25,4105.0,2,1,1,1,32,1,0
MFI-01267,Food Vendor,Medical Emergency,66330.0,9,11,741.0,1,0,0,8,23,1,0
MFI-01268,Food Vendor,Stock Purchase,150000.0,6,18,5365.0,2,0,1,4,13,0,0
MFI-01269,Kiosk Owner,School Fees,78538.0,9,13,,3,0,1,1,16,1,0
MFI-01270,Kiosk Owner,Equipment,44268.0,12,16,,3,0,0,4,16,1,0
MFI-01271,Food Vendor,Equipment,113432.0,9,6,5139.0,1,1,1,1,21,1,1
MFI-01272,Boda Boda Operator,Stock Purchase,11656.0,6,16,1884.0,0,0,1,2,11,0,0
MFI-01273,Market Trader,Business Expansion,26274.0,9,14,14470.0,2,0,0,4,13,0,0
MFI-01274,Boda Boda Operator,Equipment,38321.0,12,19,3933.0,4,0,1,2,10,1,0
MFI-01275,Food Vendor,School Fees,15822.0,3,17,4849.0,5,1,0,3,86,1,0
MFI-01276,Market Trader,Stock Purchase,23557.0,3,22,3979.0,2,1,1,5,16,1,0
MFI-01277,Market Trader,Business Expansion,9655.0,18,20,3794.0,0,0,0,7,33,1,0
MFI-01278,Food Vendor,Equipment,13056.0,12,22,,1,0,0,4,13,1,0
MFI-01279,Food Vendor,Business Expansion,29852.0,6,14,5885.0,0,0,0,7,45,0,0
MFI-01280,Kiosk Owner,School Fees,17112.0,3,25,,4,0,0,5,9,0,0
MFI-01281,Kiosk Owner,Stock Purchase,50850.0,18,17,1110.0,2,0,0,3,8,1,1
MFI-01282,Kiosk Owner,Equipment,44990.0,12,15,,3,0,0,3,1,1,0
MFI-01283,Food Vendor,Business Expansion,48323.0,9,18,4157.0,1,0,0,2,15,1,0
MFI-01284,Boda Boda Operator,Stock Purchase,24257.0,12,18,3632.0,1,1,0,2,34,1,0
MFI-01285,Market Trader,School Fees,86326.0,9,19,1316.0,2,0,0,3,7,1,0
MFI-01286,Boda Boda Operator,Stock Purchase,54209.0,9,14,,1,0,0,3,10,0,0
MFI-01287,Jua Kali Artisan,Equipment,43461.0,18,12,2917.0,0,0,0,4,5,0,0
MFI-01288,Boda Boda Operator,Medical Emergency,43750.0,6,27,8582.0,4,0,1,3,3,0,0
MFI-01289,Jua Kali Artisan,Stock Purchase,30760.0,9,14,2122.0,3,0,0,1,51,1,0
MFI-01290,Jua Kali Artisan,Equipment,104280.0,12,10,3374.0,2,1,0,3,20,0,0
MFI-01291,Market Trader,Business Expansion,90520.0,6,27,,4,0,1,3,50,0,0
MFI-01292,Market Trader,Stock Purchase,27112.0,9,14,3351.0,0,0,0,1,1,0,0
MFI-01293,Jua Kali Artisan,Stock Purchase,41438.0,6,16,6146.0,2,0,1,4,1,0,0
MFI-01294,Food Vendor,Medical Emergency,26443.0,3,13,3738.0,1,0,0,4,20,1,0
MFI-01295,Jua Kali Artisan,Medical Emergency,150000.0,6,16,,2,0,1,4,17,0,0
MFI-01296,Kiosk Owner,Medical Emergency,29609.0,3,19,,4,0,0,4,10,1,0
MFI-01297,Market Trader,Medical Emergency,94488.0,9,12,,3,1,1,2,12,1,1
MFI-01298,Boda Boda Operator,Equipment,150000.0,3,16,6897.0,2,0,0,4,1,0,0
MFI-01299,Market Trader,Medical Emergency,46796.0,9,16,12080.0,5,0,1,2,36,0,0
MFI-01300,Food Vendor,Medical Emergency,9014.0,12,21,5360.0,2,0,1,0,13,0,0
MFI-01301,Kiosk Owner,School Fees,121563.0,9,16,10346.0,2,1,1,1,31,0,0
MFI-01302,Food Vendor,Medical Emergency,24115.0,12,18,2016.0,1,1,0,4,66,1,0
MFI-01303,Boda Boda Operator,Equipment,20960.0,9,24,3022.0,2,0,0,2,1,0,0
MFI-01304,Market Trader,Equipment,150000.0,12,23,8712.0,0,1,1,2,32,0,1
MFI-01305,Boda Boda Operator,Equipment,12819.0,12,14,3418.0,2,0,1,3,51,1,0
MFI-01306,Kiosk Owner,Business Expansion,114430.0,6,16,3109.0,3,1,0,3,47,0,0
MFI-01307,Boda Boda Operator,Business Expansion,30362.0,12,26,3350.0,3,0,0,1,60,0,0
MFI-01308,Jua Kali Artisan,School Fees,8247.0,18,13,1467.0,1,0,1,2,5,1,0
MFI-01309,Kiosk Owner,Business Expansion,73661.0,12,9,1717.0,0,0,0,1,2,0,0
MFI-01310,Food Vendor,School Fees,5995.0,18,18,2465.0,2,0,1,6,1,0,0
MFI-01311,Food Vendor,Business Expansion,35007.0,3,14,20509.0,2,0,1,9,20,0,0
MFI-01312,Boda Boda Operator,Stock Purchase,9822.0,6,19,3215.0,1,0,0,5,42,0,0
MFI-01313,Kiosk Owner,School Fees,27933.0,18,16,3452.0,1,1,0,2,30,1,0
MFI-01314,Boda Boda Operator,Business Expansion,63424.0,3,19,9556.0,5,0,1,4,34,1,0
MFI-01315,Jua Kali Artisan,Stock Purchase,50924.0,9,18,,1,0,1,1,8,0,0
MFI-01316,Kiosk Owner,School Fees,42890.0,6,15,,2,0,1,2,55,0,0
MFI-01317,Market Trader,School Fees,81422.0,9,15,4498.0,2,1,0,3,45,1,0
MFI-01318,Food Vendor,Stock Purchase,36314.0,6,25,1981.0,4,0,1,2,2,1,0
MFI-01319,Boda Boda Operator,School Fees,30544.0,6,14,1483.0,4,1,1,7,46,1,0
MFI-01320,Jua Kali Artisan,Stock Purchase,45627.0,9,18,,2,0,1,3,42,1,0
MFI-01321,Food Vendor,Stock Purchase,21391.0,6,15,6724.0,1,0,0,3,16,0,0
MFI-01322,Kiosk Owner,School Fees,72421.0,6,16,708.0,1,0,1,1,28,1,0
MFI-01323,Food Vendor,School Fees,38427.0,12,21,10927.0,1,0,0,4,5,1,0
MFI-01324,Food Vendor,Medical Emergency,64384.0,9,20,3979.0,4,0,1,1,45,1,0
MFI-01325,Market Trader,Medical Emergency,31513.0,9,20,3784.0,2,2,0,6,41,0,1
MFI-01326,Market Trader,Equipment,54132.0,9,15,12373.0,2,0,0,1,54,0,0
MFI-01327,Jua Kali Artisan,Equipment,61824.0,6,15,1838.0,1,0,0,2,1,0,0
MFI-01328,Jua Kali Artisan,Stock Purchase,7219.0,6,24,5189.0,2,0,1,4,44,1,0
MFI-01329,Boda Boda Operator,School Fees,11284.0,9,18,20576.0,1,0,0,2,3,1,0
MFI-01330,Market Trader,Stock Purchase,23234.0,6,13,3662.0,3,0,1,2,6,1,0
MFI-01331,Kiosk Owner,Medical Emergency,32698.0,9,16,3224.0,0,1,0,2,1,0,1
MFI-01332,Boda Boda Operator,Equipment,100738.0,9,23,25443.0,0,0,1,4,3,0,0
MFI-01333,Kiosk Owner,Stock Purchase,52216.0,6,19,2853.0,1,1,0,3,23,0,1
MFI-01334,Market Trader,School Fees,55196.0,6,16,9803.0,5,0,1,2,4,1,0
MFI-01335,Kiosk Owner,Equipment,124664.0,3,18,1364.0,4,0,1,7,42,1,0
MFI-01336,Kiosk Owner,Stock Purchase,109191.0,12,17,10866.0,0,0,1,1,9,0,0
MFI-01337,Market Trader,Equipment,16207.0,18,13,,1,0,1,2,15,0,0
MFI-01338,Market Trader,School Fees,97381.0,12,19,12241.0,2,0,1,2,46,0,0
MFI-01339,Food Vendor,Equipment,39493.0,9,23,2836.0,4,0,1,2,12,0,0
MFI-01340,Kiosk Owner,Stock Purchase,24048.0,18,15,8301.0,1,0,1,5,18,1,0
MFI-01341,Boda Boda Operator,Stock Purchase,28716.0,9,18,717.0,1,0,0,3,1,1,0
MFI-01342,Jua Kali Artisan,Equipment,22018.0,3,21,4401.0,1,0,0,4,11,0,1
MFI-01343,Food Vendor,School Fees,40657.0,6,22,5321.0,3,0,0,3,11,0,0
MFI-01344,Jua Kali Artisan,Stock Purchase,33984.0,6,24,1831.0,1,0,1,4,41,1,1
MFI-01345,Boda Boda Operator,Business Expansion,97615.0,9,25,5091.0,0,1,0,6,3,1,1
MFI-01346,Boda Boda Operator,Equipment,150000.0,6,16,50000.0,0,1,1,5,3,1,0
MFI-01347,Market Trader,Medical Emergency,26261.0,9,21,,2,0,1,1,31,1,0
MFI-01348,Kiosk Owner,Stock Purchase,12880.0,18,24,7731.0,1,0,0,3,34,0,0
MFI-01349,Market Trader,Medical Emergency,61962.0,18,16,2721.0,2,0,0,2,18,0,0
MFI-01350,Kiosk Owner,Medical Emergency,77144.0,9,23,16403.0,0,1,0,5,10,1,1
MFI-01351,Food Vendor,School Fees,49236.0,6,10,6403.0,2,0,0,0,21,1,0
MFI-01352,Market Trader,School Fees,10604.0,6,18,2981.0,1,1,1,3,29,1,0
MFI-01353,Market Trader,School Fees,19268.0,12,14,5577.0,0,0,0,2,4,1,0
MFI-01354,Boda Boda Operator,Equipment,40854.0,6,23,26712.0,1,1,1,4,15,0,1
MFI-01355,Kiosk Owner,Medical Emergency,22185.0,3,22,3047.0,2,2,1,5,32,1,1
MFI-01356,Boda Boda Operator,Stock Purchase,16347.0,12,23,,1,0,1,1,7,1,0
MFI-01357,Market Trader,Medical Emergency,150000.0,9,20,1681.0,1,0,1,2,17,1,0
MFI-01358,Kiosk Owner,Business Expansion,16321.0,12,18,,2,0,0,3,13,0,0
MFI-01359,Kiosk Owner,Medical Emergency,95343.0,9,22,,0,1,1,3,3,0,0
MFI-01360,Food Vendor,Medical Emergency,50521.0,3,23,16202.0,2,0,1,4,38,1,0
MFI-01361,Boda Boda Operator,Equipment,59079.0,12,21,4655.0,0,0,0,2,2,1,0
MFI-01362,Food Vendor,Stock Purchase,90247.0,6,17,17555.0,0,0,1,3,19,0,0
MFI-01363,Boda Boda Operator,Business Expansion,20929.0,3,15,2200.0,4,0,1,3,1,1,0
MFI-01364,Boda Boda Operator,Equipment,28572.0,9,16,1484.0,3,0,0,2,9,0,0
MFI-01365,Kiosk Owner,Business Expansion,53002.0,6,25,1871.0,3,0,1,6,1,1,0
MFI-01366,Kiosk Owner,Medical Emergency,8272.0,6,14,7845.0,0,0,0,3,76,1,0
MFI-01367,Jua Kali Artisan,Stock Purchase,135904.0,9,20,1669.0,1,0,0,1,10,1,0
MFI-01368,Market Trader,Medical Emergency,39846.0,12,18,531.0,0,1,0,2,89,0,1
MFI-01369,Food Vendor,Equipment,17093.0,9,8,3502.0,1,0,1,4,16,0,0
MFI-01370,Jua Kali Artisan,Stock Purchase,87121.0,12,24,5775.0,2,0,0,3,57,1,1
MFI-01371,Food Vendor,Business Expansion,39077.0,6,18,,0,0,1,1,5,0,0
MFI-01372,Food Vendor,Stock Purchase,20390.0,9,15,1587.0,1,0,1,2,1,1,0
MFI-01373,Market Trader,Stock Purchase,77394.0,9,25,15778.0,2,0,1,0,5,0,0
MFI-01374,Food Vendor,Equipment,5651.0,6,13,,2,1,0,3,22,1,1
MFI-01375,Food Vendor,Equipment,50800.0,6,17,6903.0,3,0,1,2,80,0,0
MFI-01376,Kiosk Owner,Medical Emergency,103592.0,9,17,,3,0,1,3,1,0,0
MFI-01377,Kiosk Owner,Stock Purchase,18651.0,12,22,1995.0,2,0,1,2,25,1,0
MFI-01378,Kiosk Owner,Stock Purchase,13024.0,9,17,3980.0,2,1,0,3,3,0,1
MFI-01379,Market Trader,School Fees,50947.0,3,18,15840.0,1,1,1,5,19,1,0
MFI-01380,Kiosk Owner,Medical Emergency,21133.0,12,14,5776.0,2,1,0,5,25,1,1
MFI-01381,Jua Kali Artisan,School Fees,150000.0,9,22,26941.0,2,0,1,4,20,0,0
MFI-01382,Jua Kali Artisan,Equipment,23764.0,6,25,854.0,1,1,1,2,19,0,0
MFI-01383,Jua Kali Artisan,Business Expansion,31085.0,9,16,798.0,0,0,1,2,42,1,0
MFI-01384,Market Trader,Medical Emergency,55113.0,6,23,2992.0,3,1,1,3,14,1,0
MFI-01385,Boda Boda Operator,Stock Purchase,8479.0,12,13,8808.0,1,0,0,2,2,0,0
MFI-01386,Boda Boda Operator,School Fees,38092.0,12,14,10006.0,1,0,1,8,17,1,0
MFI-01387,Jua Kali Artisan,Stock Purchase,88926.0,6,16,3871.0,1,1,1,3,17,0,0
MFI-01388,Boda Boda Operator,Business Expansion,34034.0,12,16,13786.0,3,0,1,2,42,0,0
MFI-01389,Food Vendor,Stock Purchase,14496.0,6,9,7448.0,2,1,1,8,68,1,0
MFI-01390,Market Trader,School Fees,25659.0,9,22,5249.0,2,0,0,1,59,0,0
MFI-01391,Jua Kali Artisan,Medical Emergency,7849.0,6,16,18591.0,4,0,0,2,47,1,0
MFI-01392,Jua Kali Artisan,Stock Purchase,28776.0,12,17,5246.0,0,0,1,0,13,0,0
MFI-01393,Jua Kali Artisan,School Fees,88264.0,3,12,2376.0,4,0,0,2,5,0,0
MFI-01394,Food Vendor,Equipment,22038.0,6,12,3953.0,0,0,0,3,5,1,0
MFI-01395,Kiosk Owner,Stock Purchase,63535.0,9,25,1771.0,0,0,0,5,36,0,0
MFI-01396,Jua Kali Artisan,Stock Purchase,11094.0,12,16,,1,0,0,3,73,1,0
MFI-01397,Boda Boda Operator,Business Expansion,150000.0,9,20,2168.0,0,0,1,6,34,0,0
MFI-01398,Kiosk Owner,Stock Purchase,89774.0,18,15,1296.0,2,0,1,3,38,1,0
MFI-01399,Food Vendor,School Fees,24496.0,9,11,3046.0,2,0,1,4,80,1,0
MFI-01400,Jua Kali Artisan,Business Expansion,12601.0,6,22,1091.0,0,0,1,4,66,1,0
MFI-01401,Kiosk Owner,Business Expansion,24185.0,6,23,10393.0,0,0,1,3,3,0,0
MFI-01402,Jua Kali Artisan,Stock Purchase,45505.0,3,16,9289.0,2,1,0,3,48,1,0
MFI-01403,Jua Kali Artisan,Medical Emergency,86579.0,3,22,13582.0,3,0,0,4,56,0,0
MFI-01404,Food Vendor,Equipment,6713.0,9,21,2888.0,1,0,0,3,3,0,0
MFI-01405,Boda Boda Operator,Medical Emergency,95263.0,18,22,7732.0,2,0,1,2,52,1,0
MFI-01406,Food Vendor,School Fees,44600.0,6,15,1570.0,0,0,0,1,29,1,0
MFI-01407,Food Vendor,Stock Purchase,14318.0,12,21,2777.0,0,0,1,2,31,0,0
MFI-01408,Boda Boda Operator,Stock Purchase,4726.0,6,25,13700.0,2,1,1,5,79,0,0
MFI-01409,Kiosk Owner,Equipment,40537.0,3,23,15908.0,1,0,0,8,11,0,0
MFI-01410,Food Vendor,Medical Emergency,43300.0,6,18,5561.0,1,0,1,4,33,0,0
MFI-01411,Jua Kali Artisan,Medical Emergency,22180.0,9,21,9687.0,0,1,0,3,32,1,0
MFI-01412,Food Vendor,Medical Emergency,75333.0,6,14,3895.0,2,0,1,4,35,1,1
MFI-01413,Boda Boda Operator,Medical Emergency,150000.0,12,16,13438.0,0,0,0,6,17,1,0
MFI-01414,Kiosk Owner,Business Expansion,26381.0,6,16,1977.0,3,0,1,3,18,1,0
MFI-01415,Boda Boda Operator,Equipment,19984.0,6,18,5543.0,1,0,0,4,48,0,0
MFI-01416,Jua Kali Artisan,School Fees,143408.0,12,19,16059.0,2,0,1,6,6,1,0
MFI-01417,Kiosk Owner,Medical Emergency,30438.0,6,17,2963.0,5,0,0,3,23,0,0
MFI-01418,Food Vendor,Equipment,61540.0,18,14,4847.0,2,0,1,5,17,1,0
MFI-01419,Kiosk Owner,Equipment,22342.0,6,15,7575.0,0,1,1,2,13,0,0
MFI-01420,Food Vendor,Stock Purchase,90422.0,12,12,12575.0,3,1,0,3,53,0,0
MFI-01421,Food Vendor,School Fees,13419.0,9,13,2342.0,0,0,1,6,1,1,0
MFI-01422,Market Trader,School Fees,40785.0,12,13,7157.0,4,0,0,5,11,0,0
MFI-01423,Food Vendor,School Fees,46017.0,3,13,13086.0,1,0,1,3,31,0,0
MFI-01424,Food Vendor,Business Expansion,31381.0,6,22,13043.0,0,0,1,5,14,0,0
MFI-01425,Food Vendor,Medical Emergency,21828.0,6,17,4707.0,3,0,0,1,37,1,0
MFI-01426,Market Trader,Medical Emergency,150000.0,3,17,3469.0,2,1,0,3,16,1,0
MFI-01427,Kiosk Owner,Medical Emergency,69362.0,6,15,4854.0,0,0,1,2,4,0,0
MFI-01428,Market Trader,Equipment,18177.0,12,22,2423.0,2,1,0,2,24,1,0
MFI-01429,Boda Boda Operator,Business Expansion,8046.0,12,16,8400.0,3,0,1,1,10,1,0
MFI-01430,Food Vendor,School Fees,118517.0,6,20,5622.0,2,0,1,3,4,0,1
MFI-01431,Market Trader,Stock Purchase,17311.0,6,18,428.0,2,0,0,3,23,0,0
MFI-01432,Market Trader,School Fees,38156.0,12,21,7070.0,1,0,0,4,45,1,0
MFI-01433,Kiosk Owner,Equipment,39085.0,12,16,3015.0,2,1,1,6,14,0,0
MFI-01434,Kiosk Owner,Medical Emergency,45648.0,6,16,5791.0,0,1,0,4,9,1,1
MFI-01435,Kiosk Owner,Stock Purchase,9408.0,12,17,22415.0,3,1,1,4,75,1,0
MFI-01436,Jua Kali Artisan,Equipment,27466.0,9,20,1977.0,1,0,1,3,28,1,0
MFI-01437,Kiosk Owner,Stock Purchase,35860.0,18,20,3311.0,1,1,1,3,12,0,0
MFI-01438,Food Vendor,Business Expansion,34738.0,9,16,3897.0,3,0,0,1,9,0,0
MFI-01439,Market Trader,Stock Purchase,64335.0,12,19,1336.0,1,0,1,2,4,1,0
MFI-01440,Boda Boda Operator,Stock Purchase,41439.0,12,21,,1,0,1,1,15,1,0
MFI-01441,Boda Boda Operator,Equipment,51854.0,3,9,,1,1,1,2,10,0,0
MFI-01442,Boda Boda Operator,Stock Purchase,22495.0,6,20,,1,0,1,2,120,0,0
MFI-01443,Food Vendor,Equipment,142297.0,9,14,8529.0,0,0,1,2,13,0,0
MFI-01444,Market Trader,Medical Emergency,28811.0,6,16,,2,0,1,3,4,0,0
MFI-01445,Jua Kali Artisan,Equipment,47260.0,6,13,2465.0,5,1,0,3,8,1,0
MFI-01446,Jua Kali Artisan,Medical Emergency,39791.0,9,14,4219.0,0,0,1,0,1,0,0
MFI-01447,Kiosk Owner,Business Expansion,52094.0,6,24,,2,1,0,2,20,0,1
MFI-01448,Jua Kali Artisan,School Fees,94882.0,9,20,28972.0,1,0,1,2,53,0,0
MFI-01449,Market Trader,Medical Emergency,18533.0,3,14,8714.0,3,0,0,1,22,0,0
MFI-01450,Kiosk Owner,Business Expansion,70300.0,3,23,14339.0,3,0,0,2,2,0,0
MFI-01451,Food Vendor,Medical Emergency,65498.0,6,12,4075.0,1,0,1,4,36,0,0
MFI-01452,Boda Boda Operator,Stock Purchase,41718.0,12,15,,1,0,1,5,4,1,0
MFI-01453,Boda Boda Operator,School Fees,43539.0,9,32,13406.0,0,0,1,2,8,1,0
MFI-01454,Kiosk Owner,Business Expansion,14408.0,9,18,,2,1,1,1,5,0,1
MFI-01455,Kiosk Owner,Business Expansion,27675.0,6,19,1491.0,4,0,0,5,70,1,0
MFI-01456,Kiosk Owner,Stock Purchase,7897.0,9,26,5204.0,1,0,0,4,17,1,0
MFI-01457,Market Trader,Medical Emergency,28427.0,9,14,,2,2,1,3,32,0,0
MFI-01458,Kiosk Owner,Business Expansion,34523.0,6,16,,1,0,1,2,39,0,0
MFI-01459,Market Trader,Medical Emergency,11860.0,3,26,2360.0,2,0,1,1,18,1,0
MFI-01460,Kiosk Owner,Medical Emergency,46133.0,12,19,12943.0,1,0,1,2,26,1,0
MFI-01461,Market Trader,Stock Purchase,95391.0,18,18,7065.0,5,0,0,3,8,1,0
MFI-01462,Market Trader,Medical Emergency,43146.0,9,18,4547.0,0,0,1,2,91,0,0
MFI-01463,Jua Kali Artisan,School Fees,36157.0,6,19,2363.0,2,0,0,1,4,0,0
MFI-01464,Jua Kali Artisan,Stock Purchase,23853.0,12,20,4600.0,3,0,1,0,2,1,0
MFI-01465,Kiosk Owner,Stock Purchase,48887.0,3,19,2310.0,1,0,1,3,10,1,0
MFI-01466,Kiosk Owner,Equipment,16107.0,3,19,12317.0,3,0,1,7,74,1,0
MFI-01467,Market Trader,School Fees,5274.0,6,24,10359.0,2,1,0,2,16,1,0
MFI-01468,Market Trader,Business Expansion,128498.0,3,17,,1,0,1,3,2,0,0
MFI-01469,Jua Kali Artisan,Medical Emergency,78321.0,3,17,1965.0,0,0,1,2,28,0,0
MFI-01470,Food Vendor,Medical Emergency,15072.0,18,23,18163.0,1,0,0,4,110,0,0
MFI-01471,Boda Boda Operator,Stock Purchase,11420.0,6,18,10978.0,0,0,1,6,1,0,0
MFI-01472,Boda Boda Operator,Medical Emergency,39541.0,9,19,9835.0,3,0,1,4,16,0,0
MFI-01473,Food Vendor,School Fees,38236.0,9,27,,2,1,1,3,38,0,0
MFI-01474,Food Vendor,Business Expansion,69770.0,6,20,,1,1,1,8,14,1,0
MFI-01475,Boda Boda Operator,Medical Emergency,27778.0,9,13,3964.0,2,0,1,2,10,1,0
MFI-01476,Jua Kali Artisan,Stock Purchase,91488.0,6,23,32744.0,4,0,1,5,6,0,0
MFI-01477,Boda Boda Operator,School Fees,30537.0,9,14,22446.0,2,0,0,3,3,0,0
MFI-01478,Food Vendor,Business Expansion,95837.0,6,14,,5,0,0,3,2,1,1
MFI-01479,Boda Boda Operator,School Fees,31409.0,18,17,6057.0,1,1,0,1,36,0,1
MFI-01480,Boda Boda Operator,School Fees,18190.0,18,20,8541.0,1,0,0,3,9,1,0
MFI-01481,Food Vendor,School Fees,26915.0,6,14,4567.0,2,1,1,2,15,1,0
MFI-01482,Jua Kali Artisan,Medical Emergency,61291.0,6,20,2451.0,2,0,0,2,45,1,0
MFI-01483,Boda Boda Operator,School Fees,48198.0,12,22,2190.0,1,0,0,3,12,0,0
MFI-01484,Kiosk Owner,Medical Emergency,37874.0,6,24,43657.0,0,0,1,3,2,0,1
MFI-01485,Kiosk Owner,School Fees,15756.0,9,15,2737.0,2,0,0,8,13,1,1
MFI-01486,Boda Boda Operator,Business Expansion,34614.0,9,19,13988.0,1,1,1,3,20,0,0
MFI-01487,Food Vendor,Stock Purchase,21541.0,18,18,570.0,0,0,1,1,1,1,0
MFI-01488,Kiosk Owner,Medical Emergency,21099.0,6,16,2918.0,2,0,1,2,21,1,0
MFI-01489,Boda Boda Operator,Stock Purchase,80519.0,6,22,4390.0,0,1,1,2,4,0,1
MFI-01490,Food Vendor,Business Expansion,19671.0,3,24,2841.0,3,0,0,6,3,1,0
MFI-01491,Kiosk Owner,Stock Purchase,18798.0,9,16,2277.0,3,1,0,4,30,1,0
MFI-01492,Jua Kali Artisan,School Fees,46689.0,6,11,,2,1,1,4,4,0,0
MFI-01493,Food Vendor,Business Expansion,17449.0,9,22,6953.0,3,0,1,2,3,1,0
MFI-01494,Kiosk Owner,Medical Emergency,23310.0,6,18,2847.0,0,0,0,3,14,1,0
MFI-01495,Market Trader,Business Expansion,150000.0,18,18,2607.0,0,0,1,3,13,1,0
MFI-01496,Market Trader,Medical Emergency,31766.0,3,16,1267.0,2,0,0,2,25,1,0
MFI-01497,Food Vendor,School Fees,62360.0,18,21,,1,0,0,4,72,0,0
MFI-01498,Kiosk Owner,Equipment,150000.0,9,9,1693.0,0,0,0,5,2,1,0
MFI-01499,Jua Kali Artisan,School Fees,42599.0,18,14,3140.0,3,1,1,4,67,1,0
MFI-01500,Food Vendor,School Fees,55259.0,9,18,50000.0,1,1,0,0,32,0,0
MFI-01501,Food Vendor,Stock Purchase,46633.0,3,18,2841.0,1,0,0,0,8,0,1
MFI-01502,Jua Kali Artisan,Equipment,27994.0,6,22,3140.0,2,2,1,2,54,0,1
MFI-01503,Boda Boda Operator,Business Expansion,40164.0,6,18,2818.0,3,0,1,0,1,1,0
MFI-01504,Boda Boda Operator,Equipment,31478.0,18,22,7731.0,2,1,0,4,98,0,0
MFI-01505,Jua Kali Artisan,School Fees,17523.0,12,17,1372.0,4,0,0,5,36,0,0
MFI-01506,Jua Kali Artisan,Stock Purchase,70720.0,9,17,1795.0,0,0,1,3,10,0,0
MFI-01507,Kiosk Owner,Equipment,8540.0,6,19,14710.0,2,0,1,4,28,1,0
MFI-01508,Jua Kali Artisan,Business Expansion,36538.0,6,13,6405.0,4,1,0,1,87,0,1
MFI-01509,Market Trader,Equipment,29044.0,9,14,5836.0,3,0,1,2,10,0,0
MFI-01510,Market Trader,Medical Emergency,15852.0,12,25,11963.0,2,0,1,2,14,0,0
MFI-01511,Boda Boda Operator,Medical Emergency,59771.0,9,25,5114.0,2,1,1,4,44,0,0
MFI-01512,Market Trader,Business Expansion,16036.0,12,22,1492.0,0,0,0,1,14,1,0
MFI-01513,Market Trader,Equipment,26206.0,9,13,,1,0,0,6,3,1,0
MFI-01514,Kiosk Owner,Stock Purchase,65004.0,9,16,8636.0,1,0,0,1,25,0,0
MFI-01515,Boda Boda Operator,Business Expansion,7784.0,9,20,1076.0,2,0,0,1,10,1,0
MFI-01516,Kiosk Owner,School Fees,85992.0,12,26,6672.0,3,1,1,2,69,1,1
MFI-01517,Food Vendor,School Fees,35273.0,9,17,9425.0,1,1,1,6,3,1,0
MFI-01518,Market Trader,Business Expansion,28360.0,18,18,9856.0,3,0,0,7,16,0,0
MFI-01519,Market Trader,School Fees,12046.0,12,27,11349.0,0,0,0,4,32,0,0
MFI-01520,Kiosk Owner,Medical Emergency,39040.0,12,19,7423.0,5,1,1,7,54,1,1
MFI-01521,Food Vendor,Stock Purchase,37044.0,9,18,13316.0,2,0,0,4,33,1,0
MFI-01522,Market Trader,Stock Purchase,56231.0,9,19,1812.0,0,0,1,4,66,0,0
MFI-01523,Jua Kali Artisan,Stock Purchase,24943.0,9,13,,3,0,1,1,33,0,0
MFI-01524,Kiosk Owner,Equipment,16643.0,3,22,744.0,2,0,1,6,9,0,0
MFI-01525,Boda Boda Operator,Business Expansion,46676.0,9,13,11601.0,1,0,1,4,44,1,0
MFI-01526,Food Vendor,School Fees,22878.0,18,17,1892.0,1,0,0,1,19,1,0
MFI-01527,Market Trader,Equipment,54371.0,9,20,17092.0,2,0,1,4,30,0,0
MFI-01528,Market Trader,School Fees,15916.0,6,16,10111.0,1,1,1,2,8,1,0
MFI-01529,Boda Boda Operator,Business Expansion,68543.0,9,21,2834.0,2,0,0,5,96,1,0
MFI-01530,Market Trader,School Fees,119613.0,3,23,,2,0,0,2,23,1,1
MFI-01531,Jua Kali Artisan,Equipment,31785.0,12,24,3149.0,0,0,1,6,47,1,0
MFI-01532,Jua Kali Artisan,Equipment,106834.0,9,17,10215.0,4,0,1,5,59,0,0
MFI-01533,Food Vendor,Equipment,66356.0,9,19,1202.0,0,0,1,2,18,0,0
MFI-01534,Jua Kali Artisan,Stock Purchase,47535.0,6,18,3886.0,3,1,1,3,34,1,0
MFI-01535,Food Vendor,Medical Emergency,35927.0,6,15,7971.0,4,0,1,5,64,1,0
MFI-01536,Food Vendor,Equipment,23496.0,6,13,732.0,1,0,1,2,7,0,1
MFI-01537,Kiosk Owner,Medical Emergency,94675.0,18,16,1348.0,2,0,1,6,9,0,0
MFI-01538,Market Trader,Equipment,80557.0,6,17,,0,0,1,5,47,1,0
MFI-01539,Market Trader,School Fees,15736.0,9,14,,3,1,1,2,9,0,1
MFI-01540,Jua Kali Artisan,Business Expansion,39817.0,9,13,,2,0,1,5,6,1,0
MFI-01541,Market Trader,Equipment,18937.0,9,18,25455.0,4,0,1,2,1,1,0
MFI-01542,Food Vendor,Stock Purchase,53107.0,18,21,7115.0,0,0,1,2,12,1,0
MFI-01543,Food Vendor,Equipment,66123.0,9,18,17839.0,1,0,1,3,50,1,0
MFI-01544,Boda Boda Operator,School Fees,10396.0,6,22,2234.0,1,0,0,3,7,0,0
MFI-01545,Market Trader,School Fees,33969.0,9,21,1210.0,0,0,1,2,113,0,0
MFI-01546,Market Trader,School Fees,50999.0,3,19,5421.0,1,0,1,2,1,1,0
MFI-01547,Jua Kali Artisan,School Fees,39069.0,18,15,7654.0,2,0,1,4,6,1,0
MFI-01548,Jua Kali Artisan,Equipment,150000.0,6,17,943.0,1,1,1,3,21,1,0
MFI-01549,Kiosk Owner,Medical Emergency,10318.0,9,13,4938.0,1,0,0,4,38,1,0
MFI-01550,Jua Kali Artisan,School Fees,107383.0,6,15,2134.0,1,1,1,2,19,0,0
MFI-01551,Food Vendor,School Fees,17911.0,12,25,5250.0,2,1,0,2,1,0,0
MFI-01552,Food Vendor,Equipment,6538.0,18,26,13517.0,2,2,1,1,12,0,0
MFI-01553,Market Trader,Business Expansion,46919.0,3,16,3730.0,0,0,1,1,47,0,0
MFI-01554,Boda Boda Operator,Stock Purchase,32846.0,6,23,,0,0,1,1,2,0,0
MFI-01555,Market Trader,Stock Purchase,39094.0,12,20,3887.0,1,0,1,3,17,1,0
MFI-01556,Boda Boda Operator,Stock Purchase,55115.0,9,14,12145.0,1,1,0,4,25,1,0
MFI-01557,Jua Kali Artisan,Business Expansion,56371.0,9,15,11667.0,0,0,0,1,120,0,0
MFI-01558,Kiosk Owner,Equipment,23750.0,6,16,9318.0,1,0,1,3,6,1,0
MFI-01559,Kiosk Owner,Business Expansion,69524.0,9,18,6134.0,1,0,1,5,69,0,1
MFI-01560,Kiosk Owner,School Fees,7235.0,6,16,,0,0,1,1,15,0,0
MFI-01561,Jua Kali Artisan,Equipment,33670.0,9,14,6101.0,1,0,0,5,1,0,0
MFI-01562,Boda Boda Operator,Equipment,89632.0,6,12,,4,0,1,0,46,1,0
MFI-01563,Market Trader,Stock Purchase,45641.0,9,15,1134.0,0,0,1,6,2,0,0
MFI-01564,Kiosk Owner,School Fees,37797.0,9,11,10245.0,3,0,1,1,2,0,0
MFI-01565,Market Trader,Medical Emergency,27580.0,3,20,13587.0,1,0,0,4,1,0,1
MFI-01566,Kiosk Owner,Equipment,47945.0,6,19,3312.0,1,0,1,2,12,1,0
MFI-01567,Boda Boda Operator,Equipment,29015.0,3,13,17296.0,3,0,0,4,6,0,0
MFI-01568,Jua Kali Artisan,Equipment,59968.0,6,23,,1,0,0,2,4,1,0
MFI-01569,Boda Boda Operator,Medical Emergency,23969.0,6,24,1893.0,2,0,1,4,47,0,1
MFI-01570,Boda Boda Operator,Stock Purchase,123070.0,3,22,7321.0,3,0,1,4,16,0,0
MFI-01571,Food Vendor,School Fees,56249.0,9,24,,2,1,0,2,14,1,0
MFI-01572,Kiosk Owner,Medical Emergency,150000.0,12,8,2865.0,2,0,1,4,39,1,0
MFI-01573,Boda Boda Operator,Equipment,26628.0,9,18,1438.0,4,1,0,2,13,1,0
MFI-01574,Food Vendor,Stock Purchase,96714.0,6,15,15938.0,5,0,1,3,3,0,0
MFI-01575,Market Trader,School Fees,13197.0,9,22,1017.0,0,1,1,2,3,0,0
MFI-01576,Boda Boda Operator,Business Expansion,64707.0,6,21,,6,0,1,2,10,1,0
MFI-01577,Jua Kali Artisan,Stock Purchase,33104.0,3,22,2116.0,2,1,1,1,32,1,0
MFI-01578,Food Vendor,School Fees,39946.0,18,18,6437.0,0,0,0,3,22,0,0
MFI-01579,Jua Kali Artisan,Equipment,65087.0,12,13,4331.0,2,0,1,0,50,0,0
MFI-01580,Food Vendor,School Fees,65819.0,6,22,25519.0,4,0,0,4,4,1,0
MFI-01581,Kiosk Owner,Equipment,71027.0,6,17,19803.0,1,1,1,4,16,0,0
MFI-01582,Market Trader,Stock Purchase,48122.0,12,18,4139.0,3,0,0,3,43,0,0
MFI-01583,Jua Kali Artisan,Business Expansion,56021.0,6,16,,0,0,0,8,31,0,1
MFI-01584,Boda Boda Operator,Stock Purchase,30411.0,3,14,767.0,2,0,1,1,8,0,0
MFI-01585,Market Trader,Equipment,21691.0,12,24,4293.0,1,1,0,4,8,0,0
MFI-01586,Market Trader,Medical Emergency,41496.0,9,16,3745.0,1,0,0,3,13,1,1
MFI-01587,Boda Boda Operator,Stock Purchase,6527.0,9,22,635.0,0,1,1,5,1,1,0
MFI-01588,Jua Kali Artisan,Business Expansion,50779.0,9,17,,1,0,1,0,4,1,0
MFI-01589,Jua Kali Artisan,Medical Emergency,72828.0,9,9,15700.0,2,0,1,4,11,1,0
MFI-01590,Kiosk Owner,Medical Emergency,59633.0,18,15,5899.0,1,0,1,5,31,1,0
MFI-01591,Food Vendor,Equipment,22270.0,12,21,8359.0,2,1,0,5,24,1,1
MFI-01592,Market Trader,School Fees,7074.0,6,24,1644.0,1,0,0,4,120,0,0
MFI-01593,Market Trader,Business Expansion,61387.0,9,18,1999.0,2,1,0,6,10,0,1
MFI-01594,Kiosk Owner,Equipment,19324.0,9,12,4343.0,2,0,0,0,47,1,0
MFI-01595,Food Vendor,Business Expansion,12966.0,12,14,6974.0,2,0,1,2,10,0,0
MFI-01596,Food Vendor,School Fees,77550.0,18,16,,0,1,0,4,7,0,1
MFI-01597,Food Vendor,Equipment,12280.0,3,13,,5,1,1,1,16,1,0
MFI-01598,Boda Boda Operator,Stock Purchase,31659.0,3,17,2804.0,0,0,1,4,16,1,0
MFI-01599,Kiosk Owner,Stock Purchase,150000.0,3,14,2928.0,1,0,1,6,9,1,1
MFI-01600,Boda Boda Operator,Medical Emergency,21294.0,9,13,2478.0,1,1,0,4,53,1,0
MFI-01601,Food Vendor,School Fees,15482.0,18,22,2352.0,4,0,1,2,63,1,0
MFI-01602,Boda Boda Operator,Equipment,54492.0,9,26,2078.0,1,0,0,1,18,0,0
MFI-01603,Market Trader,School Fees,47176.0,9,27,8423.0,2,0,0,6,25,1,0
MFI-01604,Boda Boda Operator,School Fees,9644.0,12,26,5178.0,1,0,1,0,28,1,0
MFI-01605,Boda Boda Operator,Stock Purchase,37876.0,18,13,8355.0,2,0,1,4,8,1,0
MFI-01606,Jua Kali Artisan,Equipment,93201.0,18,15,3668.0,2,0,1,2,27,0,0
MFI-01607,Kiosk Owner,Medical Emergency,111294.0,9,23,4514.0,1,0,0,3,12,1,0
MFI-01608,Food Vendor,Equipment,29485.0,18,22,781.0,1,0,1,6,13,0,0
MFI-01609,Kiosk Owner,Stock Purchase,53994.0,12,21,10454.0,3,0,0,4,50,0,0
MFI-01610,Market Trader,Medical Emergency,56031.0,12,15,7240.0,0,1,1,2,20,0,0
MFI-01611,Food Vendor,Medical Emergency,81352.0,3,9,5583.0,0,1,0,3,65,0,1
MFI-01612,Market Trader,Business Expansion,33771.0,6,20,12286.0,2,0,0,4,31,1,1
MFI-01613,Boda Boda Operator,Equipment,102360.0,9,9,26945.0,0,0,0,2,19,0,0
MFI-01614,Jua Kali Artisan,Business Expansion,20257.0,9,21,,1,0,1,7,29,0,0
MFI-01615,Food Vendor,Stock Purchase,67790.0,6,17,20248.0,3,1,1,3,10,1,0
MFI-01616,Market Trader,Equipment,16291.0,12,8,,1,1,0,3,15,0,0
MFI-01617,Boda Boda Operator,Equipment,8672.0,12,15,3249.0,0,0,0,3,14,1,0
MFI-01618,Food Vendor,Equipment,59267.0,12,19,1650.0,1,0,0,2,42,1,0
MFI-01619,Food Vendor,Business Expansion,150000.0,9,21,6511.0,0,0,0,6,9,0,1
MFI-01620,Kiosk Owner,School Fees,46927.0,6,14,15234.0,2,0,0,4,19,1,0
MFI-01621,Food Vendor,School Fees,30720.0,12,16,1395.0,5,1,1,0,13,1,0
MFI-01622,Market Trader,School Fees,98093.0,12,16,1412.0,1,0,0,2,69,0,0
MFI-01623,Jua Kali Artisan,Business Expansion,25445.0,3,26,,2,0,0,3,46,1,0
MFI-01624,Food Vendor,Business Expansion,8850.0,9,17,5643.0,1,1,1,3,64,1,0
MFI-01625,Market Trader,Medical Emergency,77199.0,12,21,,4,0,1,5,14,1,0
MFI-01626,Boda Boda Operator,School Fees,125964.0,9,14,6578.0,6,0,1,0,12,1,0
MFI-01627,Boda Boda Operator,Business Expansion,40260.0,6,18,7109.0,0,0,0,3,8,1,0
MFI-01628,Food Vendor,Medical Emergency,46633.0,3,17,5777.0,0,0,0,2,7,0,1
MFI-01629,Jua Kali Artisan,Stock Purchase,22313.0,6,13,5115.0,2,1,1,3,14,0,0
MFI-01630,Food Vendor,Stock Purchase,31887.0,9,14,,1,0,1,3,4,1,0
MFI-01631,Kiosk Owner,Business Expansion,43385.0,6,16,1271.0,1,0,0,4,120,0,0
MFI-01632,Food Vendor,Medical Emergency,37646.0,3,18,,1,1,0,5,5,1,1
MFI-01633,Kiosk Owner,Medical Emergency,37371.0,3,12,3164.0,1,2,1,4,33,0,1
MFI-01634,Kiosk Owner,Business Expansion,2944.0,6,17,,1,1,1,4,43,0,0
MFI-01635,Kiosk Owner,Equipment,41437.0,9,10,9197.0,1,0,1,6,77,1,0
MFI-01636,Kiosk Owner,Stock Purchase,12556.0,12,11,11113.0,1,0,1,3,9,1,0
MFI-01637,Kiosk Owner,Stock Purchase,53132.0,9,17,10782.0,2,0,1,2,50,1,0
MFI-01638,Boda Boda Operator,Equipment,84626.0,12,26,11072.0,1,0,1,2,8,0,0
MFI-01639,Food Vendor,Stock Purchase,56851.0,3,16,6490.0,1,0,1,5,17,1,0
MFI-01640,Food Vendor,Stock Purchase,14495.0,6,21,1178.0,1,0,1,2,21,1,0
MFI-01641,Kiosk Owner,Stock Purchase,18633.0,9,10,3833.0,3,0,1,4,17,1,0
MFI-01642,Kiosk Owner,Stock Purchase,34427.0,3,21,,3,0,1,3,4,0,0
MFI-01643,Kiosk Owner,School Fees,71878.0,18,21,5705.0,2,0,0,3,109,1,0
MFI-01644,Food Vendor,Business Expansion,80468.0,18,18,11987.0,2,1,1,3,5,1,0
MFI-01645,Kiosk Owner,Equipment,48460.0,9,19,6677.0,1,0,1,1,2,0,0
MFI-01646,Kiosk Owner,Stock Purchase,16791.0,6,16,,1,0,0,3,1,1,0
MFI-01647,Jua Kali Artisan,School Fees,92887.0,3,13,2218.0,0,2,1,2,33,0,1
MFI-01648,Food Vendor,Business Expansion,35574.0,12,19,3515.0,0,0,1,3,1,1,0
MFI-01649,Jua Kali Artisan,Equipment,26420.0,6,21,13678.0,0,1,1,4,6,1,0
MFI-01650,Market Trader,Stock Purchase,24602.0,6,16,3624.0,3,1,1,5,18,1,0
MFI-01651,Jua Kali Artisan,Stock Purchase,10747.0,6,17,10955.0,2,0,1,4,6,1,0
MFI-01652,Jua Kali Artisan,Stock Purchase,87537.0,6,19,850.0,1,0,1,2,42,0,1
MFI-01653,Market Trader,Medical Emergency,32856.0,12,27,2147.0,4,1,1,3,16,1,1
MFI-01654,Jua Kali Artisan,School Fees,20874.0,9,15,979.0,5,1,0,3,53,0,0
MFI-01655,Jua Kali Artisan,Business Expansion,59031.0,12,15,504.0,1,0,1,3,52,0,0
MFI-01656,Kiosk Owner,Equipment,68177.0,6,12,789.0,3,1,1,2,15,0,1
MFI-01657,Market Trader,Equipment,9081.0,6,21,,3,0,1,7,6,1,0
MFI-01658,Kiosk Owner,School Fees,125557.0,9,19,21030.0,2,0,0,6,11,1,0
MFI-01659,Boda Boda Operator,School Fees,150000.0,9,23,989.0,2,0,0,2,52,1,0
MFI-01660,Food Vendor,Stock Purchase,39403.0,18,14,5023.0,1,1,1,3,42,1,0
MFI-01661,Jua Kali Artisan,Equipment,43980.0,9,15,3921.0,0,0,1,4,7,0,0
MFI-01662,Boda Boda Operator,Stock Purchase,150000.0,6,15,5165.0,1,0,1,2,16,0,0
MFI-01663,Market Trader,School Fees,15150.0,6,18,,2,0,1,4,32,1,0
MFI-01664,Boda Boda Operator,School Fees,23925.0,9,13,2500.0,3,0,1,6,9,0,0
MFI-01665,Market Trader,School Fees,57817.0,9,15,522.0,3,1,0,5,29,0,0
MFI-01666,Market Trader,Business Expansion,90957.0,9,23,8674.0,0,1,1,1,2,0,0
MFI-01667,Market Trader,Business Expansion,37438.0,18,17,13679.0,2,0,0,3,18,0,0
MFI-01668,Jua Kali Artisan,Stock Purchase,18942.0,9,16,4767.0,1,2,0,4,12,1,1
MFI-01669,Market Trader,School Fees,101773.0,6,17,5176.0,0,0,1,4,2,1,1
MFI-01670,Jua Kali Artisan,Stock Purchase,36092.0,6,14,1264.0,0,0,0,0,44,1,0
MFI-01671,Boda Boda Operator,Stock Purchase,36356.0,18,26,2977.0,2,1,1,5,8,0,0
MFI-01672,Boda Boda Operator,Business Expansion,76408.0,18,16,8350.0,3,0,0,7,5,1,0
MFI-01673,Jua Kali Artisan,Medical Emergency,121121.0,9,23,1784.0,3,1,1,2,21,1,0
MFI-01674,Boda Boda Operator,Business Expansion,43992.0,12,18,4398.0,2,0,1,2,53,0,0
MFI-01675,Kiosk Owner,Stock Purchase,53243.0,6,18,42075.0,2,1,0,6,42,1,0
MFI-01676,Boda Boda Operator,Business Expansion,83875.0,12,18,6089.0,4,1,0,5,3,1,0
MFI-01677,Kiosk Owner,School Fees,30299.0,6,23,1592.0,0,1,0,3,13,0,1
MFI-01678,Boda Boda Operator,School Fees,23417.0,3,17,50000.0,3,0,1,2,72,0,0
MFI-01679,Boda Boda Operator,Equipment,27060.0,3,10,7133.0,4,0,0,6,5,0,0
MFI-01680,Market Trader,Medical Emergency,17391.0,12,11,2161.0,0,0,1,1,19,1,1
MFI-01681,Kiosk Owner,Business Expansion,15211.0,6,20,4444.0,3,0,1,6,1,0,0
MFI-01682,Jua Kali Artisan,Medical Emergency,150000.0,18,6,897.0,2,0,1,3,2,1,0
MFI-01683,Market Trader,Equipment,17752.0,6,16,2163.0,3,0,1,5,8,1,0
MFI-01684,Kiosk Owner,School Fees,45125.0,18,19,,3,1,0,2,7,0,1
MFI-01685,Market Trader,Stock Purchase,33909.0,9,16,1428.0,2,0,1,3,20,1,0
MFI-01686,Food Vendor,Business Expansion,84031.0,12,20,1195.0,4,1,0,0,5,1,1
MFI-01687,Market Trader,School Fees,39852.0,6,10,12595.0,1,1,1,6,23,0,0
MFI-01688,Jua Kali Artisan,Equipment,110152.0,9,19,44198.0,2,1,1,3,50,1,0
MFI-01689,Food Vendor,Stock Purchase,32745.0,6,17,8525.0,4,0,0,2,41,0,0
MFI-01690,Jua Kali Artisan,School Fees,44190.0,9,17,28816.0,4,0,1,3,31,1,0
MFI-01691,Jua Kali Artisan,School Fees,66217.0,6,19,1560.0,3,0,0,4,3,1,1
MFI-01692,Kiosk Owner,School Fees,42588.0,6,11,7814.0,4,0,0,3,7,1,0
MFI-01693,Boda Boda Operator,Business Expansion,55355.0,9,15,15207.0,2,0,1,5,10,0,0
MFI-01694,Market Trader,Business Expansion,45567.0,6,24,2955.0,0,0,0,6,26,0,1
MFI-01695,Jua Kali Artisan,Stock Purchase,11720.0,6,25,1898.0,2,0,0,3,9,0,1
MFI-01696,Food Vendor,Business Expansion,67000.0,6,16,4425.0,0,0,1,4,1,1,0
MFI-01697,Kiosk Owner,Equipment,93159.0,9,19,6989.0,3,2,0,2,36,1,0
MFI-01698,Market Trader,Stock Purchase,32740.0,6,17,3916.0,0,0,1,5,54,1,0
MFI-01699,Market Trader,School Fees,30816.0,6,20,6054.0,1,0,1,4,29,1,0
MFI-01700,Kiosk Owner,Equipment,45921.0,3,23,1405.0,2,0,0,2,10,0,1
MFI-01701,Market Trader,School Fees,150000.0,9,21,6626.0,3,0,1,4,25,0,0
MFI-01702,Boda Boda Operator,Stock Purchase,28921.0,12,23,,3,0,0,3,30,0,0
MFI-01703,Boda Boda Operator,School Fees,59751.0,12,13,6478.0,2,0,1,2,4,0,0
MFI-01704,Market Trader,Medical Emergency,31574.0,9,19,,1,0,1,3,44,0,0
MFI-01705,Market Trader,Equipment,58573.0,6,20,979.0,0,1,0,4,32,0,1
MFI-01706,Kiosk Owner,Stock Purchase,13088.0,6,18,5407.0,4,0,0,2,18,0,0
MFI-01707,Food Vendor,Stock Purchase,150000.0,9,21,2775.0,5,0,1,1,3,0,0
MFI-01708,Jua Kali Artisan,School Fees,48723.0,9,26,24834.0,1,0,1,4,42,0,0
MFI-01709,Jua Kali Artisan,School Fees,29056.0,6,16,,5,0,1,2,10,1,0
MFI-01710,Food Vendor,Equipment,29693.0,9,15,760.0,2,1,1,4,5,1,0
MFI-01711,Market Trader,Business Expansion,45367.0,18,22,3773.0,5,1,1,1,116,0,0
MFI-01712,Jua Kali Artisan,Equipment,150000.0,3,17,2302.0,1,0,1,1,23,1,0
MFI-01713,Boda Boda Operator,Medical Emergency,125148.0,18,21,,3,1,1,3,38,0,0
MFI-01714,Kiosk Owner,Equipment,29287.0,9,14,4150.0,3,0,1,2,4,0,0
MFI-01715,Food Vendor,School Fees,39157.0,12,16,2230.0,2,0,1,3,23,1,0
MFI-01716,Jua Kali Artisan,Business Expansion,40763.0,18,13,1972.0,3,0,1,1,32,1,0
MFI-01717,Food Vendor,Business Expansion,7620.0,18,21,,2,1,1,1,8,0,0
MFI-01718,Market Trader,Equipment,30202.0,6,14,18525.0,0,0,1,2,4,0,0
MFI-01719,Jua Kali Artisan,Medical Emergency,42963.0,9,22,,5,1,0,3,34,1,1
MFI-01720,Food Vendor,Equipment,17567.0,9,16,4617.0,2,1,1,3,8,1,0
MFI-01721,Jua Kali Artisan,Stock Purchase,144590.0,9,19,17346.0,1,1,1,2,21,1,1
MFI-01722,Jua Kali Artisan,Business Expansion,14755.0,6,17,3582.0,1,1,0,2,36,0,1
MFI-01723,Jua Kali Artisan,Stock Purchase,16120.0,18,14,6768.0,2,0,1,5,3,1,0
MFI-01724,Food Vendor,Medical Emergency,63152.0,12,25,2384.0,2,0,1,4,18,0,0
MFI-01725,Kiosk Owner,Medical Emergency,45389.0,3,17,2991.0,0,2,0,3,35,0,0
MFI-01726,Kiosk Owner,School Fees,25288.0,18,24,5552.0,1,2,1,4,4,1,0
MFI-01727,Food Vendor,Equipment,81290.0,18,17,6004.0,4,0,1,4,1,0,0
MFI-01728,Boda Boda Operator,Equipment,44135.0,6,14,10358.0,3,2,0,2,10,1,0
MFI-01729,Market Trader,Equipment,150000.0,12,22,14344.0,1,1,1,2,43,0,0
MFI-01730,Food Vendor,Stock Purchase,8754.0,6,15,4659.0,1,0,1,2,6,1,0
MFI-01731,Boda Boda Operator,Medical Emergency,23924.0,6,22,14476.0,1,0,1,6,7,0,0
MFI-01732,Food Vendor,Medical Emergency,136415.0,12,17,2159.0,1,0,0,1,1,0,0
MFI-01733,Market Trader,Stock Purchase,53335.0,9,10,9960.0,1,0,0,3,7,0,0
MFI-01734,Food Vendor,Equipment,33383.0,3,17,2356.0,1,0,1,6,19,1,0
MFI-01735,Jua Kali Artisan,Equipment,26297.0,12,17,2440.0,3,1,1,2,40,1,0
MFI-01736,Food Vendor,Stock Purchase,48043.0,6,18,13783.0,2,0,0,3,5,1,0
MFI-01737,Boda Boda Operator,School Fees,14533.0,6,15,527.0,0,0,1,6,8,1,0
MFI-01738,Food Vendor,School Fees,11527.0,9,17,9533.0,4,2,1,4,8,0,0
MFI-01739,Kiosk Owner,Equipment,56990.0,9,22,5993.0,3,1,1,4,20,1,0
MFI-01740,Food Vendor,Equipment,71989.0,12,19,5815.0,1,0,1,4,19,0,0
MFI-01741,Boda Boda Operator,Stock Purchase,77087.0,9,17,24792.0,2,1,0,2,11,1,0
MFI-01742,Food Vendor,Business Expansion,25759.0,9,25,1680.0,0,0,1,0,53,1,0
MFI-01743,Kiosk Owner,Medical Emergency,24955.0,6,13,1515.0,0,0,0,3,34,0,0
MFI-01744,Food Vendor,Equipment,36219.0,3,19,14910.0,1,0,1,2,18,0,0
MFI-01745,Market Trader,Equipment,16403.0,3,16,3980.0,3,0,1,0,22,1,0
MFI-01746,Kiosk Owner,Business Expansion,61772.0,6,11,16532.0,2,0,0,4,8,1,0
MFI-01747,Market Trader,School Fees,28656.0,9,15,9497.0,6,1,0,2,88,1,0
MFI-01748,Kiosk Owner,Medical Emergency,34432.0,3,19,6839.0,3,0,1,3,8,1,0
MFI-01749,Boda Boda Operator,Business Expansion,31562.0,6,14,3991.0,2,0,1,3,24,1,0
MFI-01750,Food Vendor,Stock Purchase,54789.0,6,16,3818.0,1,0,1,5,42,0,0
MFI-01751,Food Vendor,School Fees,45657.0,9,18,35824.0,0,0,0,1,96,0,1
MFI-01752,Market Trader,Medical Emergency,150000.0,12,25,2665.0,2,1,0,4,33,1,0
MFI-01753,Kiosk Owner,School Fees,26707.0,9,27,,1,1,1,0,1,1,0
MFI-01754,Boda Boda Operator,Business Expansion,150000.0,9,13,1953.0,2,0,0,1,5,1,0
MFI-01755,Kiosk Owner,Medical Emergency,8524.0,18,21,,2,0,1,4,24,1,0
MFI-01756,Jua Kali Artisan,Equipment,53724.0,9,15,5900.0,4,0,1,2,4,1,0
MFI-01757,Market Trader,Stock Purchase,10214.0,12,15,4219.0,0,0,1,4,19,0,0
MFI-01758,Kiosk Owner,School Fees,16009.0,6,23,12847.0,1,0,1,2,31,0,0
MFI-01759,Market Trader,Stock Purchase,16652.0,9,20,3724.0,0,2,1,2,33,0,0
MFI-01760,Jua Kali Artisan,School Fees,15647.0,12,9,,1,0,0,3,15,0,0
MFI-01761,Kiosk Owner,School Fees,22327.0,12,17,1378.0,3,0,1,0,2,1,0
MFI-01762,Kiosk Owner,School Fees,150000.0,6,8,50000.0,2,0,1,0,12,0,0
MFI-01763,Market Trader,Stock Purchase,17990.0,6,9,,2,0,1,4,7,0,0
MFI-01764,Jua Kali Artisan,Equipment,9986.0,6,22,50000.0,3,0,1,2,44,1,0
MFI-01765,Boda Boda Operator,School Fees,53904.0,6,17,9609.0,0,0,0,2,63,1,0
MFI-01766,Food Vendor,Business Expansion,44083.0,9,14,7709.0,1,0,0,4,55,1,0
MFI-01767,Market Trader,Business Expansion,150000.0,12,18,1089.0,1,0,1,4,15,1,0
MFI-01768,Market Trader,Stock Purchase,35150.0,6,21,,3,0,0,1,9,0,0
MFI-01769,Food Vendor,Stock Purchase,5826.0,6,16,1041.0,1,1,1,6,41,1,1
MFI-01770,Kiosk Owner,Business Expansion,25798.0,12,19,4168.0,1,0,0,1,15,0,0
MFI-01771,Market Trader,Equipment,25391.0,12,25,14745.0,1,0,0,5,33,1,0
MFI-01772,Boda Boda Operator,Equipment,13544.0,6,15,1161.0,2,0,0,6,9,1,0
MFI-01773,Jua Kali Artisan,Medical Emergency,23154.0,9,25,9455.0,2,0,0,0,57,1,1
MFI-01774,Kiosk Owner,School Fees,32220.0,18,20,3421.0,1,0,0,2,65,1,0
MFI-01775,Market Trader,Business Expansion,34591.0,9,20,8639.0,2,0,0,3,6,1,0
MFI-01776,Boda Boda Operator,Stock Purchase,12036.0,6,16,1283.0,1,0,0,4,18,0,0
MFI-01777,Food Vendor,Business Expansion,59130.0,9,19,18516.0,2,0,0,4,28,1,0
MFI-01778,Kiosk Owner,Business Expansion,134424.0,6,20,9838.0,1,0,1,0,7,0,0
MFI-01779,Boda Boda Operator,Stock Purchase,45454.0,9,24,,1,0,1,5,5,0,1
MFI-01780,Market Trader,Business Expansion,88000.0,12,19,,3,0,0,4,6,0,0
MFI-01781,Food Vendor,Equipment,41984.0,3,16,17503.0,2,0,1,1,44,0,0
MFI-01782,Market Trader,School Fees,15722.0,6,17,3207.0,3,0,0,2,9,0,0
MFI-01783,Jua Kali Artisan,Equipment,45104.0,9,21,,3,0,1,4,17,1,1
MFI-01784,Market Trader,Business Expansion,24293.0,9,17,8280.0,1,0,1,2,1,0,0
MFI-01785,Food Vendor,Equipment,14950.0,12,13,9357.0,1,0,0,0,7,1,0
MFI-01786,Jua Kali Artisan,Medical Emergency,34117.0,6,20,2820.0,1,1,0,2,18,0,1
MFI-01787,Jua Kali Artisan,Business Expansion,70003.0,12,24,20581.0,2,0,1,2,10,0,0
MFI-01788,Kiosk Owner,Medical Emergency,27654.0,18,22,4906.0,0,1,0,5,51,1,1
MFI-01789,Market Trader,Equipment,150000.0,6,25,,3,0,1,2,19,0,0
MFI-01790,Kiosk Owner,Stock Purchase,77709.0,3,15,12202.0,1,1,1,5,32,1,0
MFI-01791,Food Vendor,School Fees,23429.0,18,16,1308.0,2,0,1,4,23,1,0
MFI-01792,Kiosk Owner,Stock Purchase,22866.0,6,18,15647.0,2,0,0,2,87,1,0
MFI-01793,Kiosk Owner,Medical Emergency,150000.0,9,13,13668.0,1,1,1,4,15,1,0
MFI-01794,Food Vendor,Stock Purchase,27750.0,6,15,6871.0,2,0,0,2,7,0,0
MFI-01795,Jua Kali Artisan,Medical Emergency,48600.0,3,18,,2,0,1,3,3,1,0
MFI-01796,Market Trader,Stock Purchase,50891.0,3,22,6213.0,1,0,1,3,73,0,0
MFI-01797,Kiosk Owner,School Fees,9144.0,6,14,,1,0,1,2,2,0,0
MFI-01798,Boda Boda Operator,Business Expansion,9240.0,18,21,1255.0,1,0,1,3,11,1,0
MFI-01799,Jua Kali Artisan,School Fees,72045.0,12,16,,3,0,1,0,1,1,0
MFI-01800,Kiosk Owner,Equipment,15711.0,6,11,556.0,2,0,1,6,16,0,0
MFI-01801,Boda Boda Operator,Equipment,36662.0,6,21,4430.0,5,0,0,1,3,0,0
MFI-01802,Food Vendor,Stock Purchase,10850.0,3,20,,0,0,1,3,5,1,0
MFI-01803,Kiosk Owner,School Fees,27924.0,9,25,8511.0,3,0,1,5,32,0,0
MFI-01804,Market Trader,Equipment,43088.0,18,17,,1,0,0,5,2,1,0
MFI-01805,Jua Kali Artisan,Business Expansion,6988.0,18,26,3576.0,4,0,0,6,25,1,0
MFI-01806,Kiosk Owner,Stock Purchase,37921.0,18,19,7732.0,2,0,1,5,64,0,0
MFI-01807,Market Trader,Medical Emergency,39632.0,3,19,1655.0,3,0,1,1,43,1,0
MFI-01808,Kiosk Owner,Stock Purchase,24964.0,6,15,702.0,2,0,1,6,19,0,0
MFI-01809,Boda Boda Operator,School Fees,15058.0,3,17,1618.0,2,0,1,2,1,1,0
MFI-01810,Jua Kali Artisan,School Fees,26869.0,6,13,2346.0,0,0,0,5,72,0,0
MFI-01811,Market Trader,Business Expansion,26899.0,3,17,2253.0,3,1,0,3,5,1,1
MFI-01812,Market Trader,Stock Purchase,150000.0,3,15,16781.0,7,0,0,3,37,1,0
MFI-01813,Food Vendor,Stock Purchase,32969.0,6,19,4224.0,2,0,1,6,9,0,0
MFI-01814,Jua Kali Artisan,School Fees,25048.0,6,22,41879.0,3,0,0,3,15,0,0
MFI-01815,Kiosk Owner,Stock Purchase,32916.0,3,26,22583.0,3,0,1,3,13,0,0
MFI-01816,Boda Boda Operator,Equipment,50968.0,9,9,1792.0,1,0,1,3,40,0,0
MFI-01817,Kiosk Owner,Equipment,49486.0,6,15,13714.0,0,0,0,1,9,0,0
MFI-01818,Boda Boda Operator,Stock Purchase,52045.0,3,11,13999.0,3,0,0,1,4,0,0
MFI-01819,Food Vendor,Equipment,58832.0,9,27,3430.0,1,0,1,1,1,1,0
MFI-01820,Market Trader,School Fees,11291.0,6,14,5013.0,6,0,1,4,1,0,0
MFI-01821,Boda Boda Operator,Medical Emergency,54896.0,12,15,2542.0,0,0,0,3,22,0,0
MFI-01822,Market Trader,Stock Purchase,42079.0,12,20,50000.0,2,1,0,2,64,0,0
MFI-01823,Market Trader,Business Expansion,22060.0,18,18,24745.0,4,1,0,4,11,0,0
MFI-01824,Kiosk Owner,Stock Purchase,39543.0,6,21,3674.0,1,0,1,4,11,0,0
MFI-01825,Boda Boda Operator,School Fees,33258.0,9,17,23444.0,1,0,0,5,11,1,0
MFI-01826,Boda Boda Operator,Business Expansion,35716.0,3,23,3149.0,5,0,1,2,32,1,0
MFI-01827,Market Trader,Business Expansion,41751.0,9,18,12720.0,1,0,1,5,47,1,0
MFI-01828,Boda Boda Operator,Medical Emergency,9484.0,6,19,6348.0,0,0,0,1,6,1,0
MFI-01829,Jua Kali Artisan,Stock Purchase,44823.0,6,19,4498.0,3,0,1,0,10,1,0
MFI-01830,Food Vendor,Stock Purchase,61104.0,12,14,,2,0,1,4,7,1,0
MFI-01831,Jua Kali Artisan,Business Expansion,44136.0,18,19,2749.0,1,0,1,4,32,1,0
MFI-01832,Kiosk Owner,Equipment,20332.0,6,14,9037.0,1,1,1,5,9,0,0
MFI-01833,Kiosk Owner,Stock Purchase,18205.0,6,13,5270.0,2,0,0,7,10,1,0
MFI-01834,Jua Kali Artisan,Stock Purchase,42014.0,6,18,3524.0,4,0,1,8,89,1,0
MFI-01835,Food Vendor,Equipment,69041.0,9,21,,4,0,1,1,21,0,0
MFI-01836,Boda Boda Operator,Medical Emergency,103458.0,3,16,5593.0,1,0,0,5,15,0,1
MFI-01837,Food Vendor,Stock Purchase,66960.0,3,12,4922.0,3,1,0,5,7,1,1
MFI-01838,Food Vendor,School Fees,54686.0,6,17,2870.0,3,0,0,3,11,1,0
MFI-01839,Boda Boda Operator,Equipment,4750.0,9,19,6602.0,3,0,1,3,5,0,0
MFI-01840,Boda Boda Operator,Stock Purchase,22228.0,6,13,8893.0,2,0,1,6,5,0,1
MFI-01841,Boda Boda Operator,Equipment,46645.0,18,21,,2,0,1,3,55,0,0
MFI-01842,Boda Boda Operator,Equipment,21078.0,6,17,8853.0,2,0,1,5,61,1,0
MFI-01843,Market Trader,Medical Emergency,17255.0,9,20,2540.0,3,0,0,2,55,1,1
MFI-01844,Jua Kali Artisan,Medical Emergency,15523.0,3,16,,1,1,0,2,12,0,1
MFI-01845,Market Trader,Business Expansion,149025.0,12,8,3795.0,1,0,1,2,21,1,0
MFI-01846,Jua Kali Artisan,Stock Purchase,12836.0,12,17,,4,0,1,3,22,1,0
MFI-01847,Jua Kali Artisan,Medical Emergency,30643.0,6,17,13805.0,4,0,1,4,17,1,0
MFI-01848,Jua Kali Artisan,Stock Purchase,20286.0,12,20,45965.0,1,0,1,3,9,1,0
MFI-01849,Food Vendor,Business Expansion,18196.0,6,13,,3,1,0,3,10,1,0
MFI-01850,Jua Kali Artisan,Medical Emergency,50471.0,12,15,646.0,4,0,0,1,82,1,1
MFI-01851,Boda Boda Operator,Medical Emergency,70149.0,9,17,15866.0,2,1,0,4,42,1,0
MFI-01852,Food Vendor,Business Expansion,14164.0,6,15,7453.0,1,3,1,4,21,0,0
MFI-01853,Food Vendor,School Fees,37874.0,12,21,2459.0,0,0,0,3,2,1,0
MFI-01854,Market Trader,School Fees,33161.0,9,23,11202.0,4,1,0,5,14,1,0
MFI-01855,Kiosk Owner,Business Expansion,25292.0,9,20,7494.0,1,0,0,3,13,1,0
MFI-01856,Food Vendor,School Fees,17206.0,6,17,3032.0,1,0,0,1,17,1,0
MFI-01857,Boda Boda Operator,School Fees,88157.0,12,26,5550.0,0,0,1,2,10,1,0
MFI-01858,Food Vendor,School Fees,15880.0,6,16,2007.0,2,0,0,1,41,1,0
MFI-01859,Market Trader,School Fees,12807.0,6,15,4028.0,1,0,1,0,17,0,0
MFI-01860,Food Vendor,Equipment,87466.0,6,22,1332.0,1,0,0,1,57,1,0
MFI-01861,Kiosk Owner,Equipment,42615.0,18,15,7522.0,3,0,1,2,69,0,0
MFI-01862,Jua Kali Artisan,Medical Emergency,14117.0,9,15,7118.0,4,0,1,4,14,1,0
MFI-01863,Food Vendor,Stock Purchase,34143.0,9,21,15277.0,0,0,1,4,7,0,0
MFI-01864,Market Trader,Equipment,22043.0,18,16,13403.0,1,0,1,6,38,1,0
MFI-01865,Kiosk Owner,Stock Purchase,119499.0,6,20,2541.0,2,1,0,1,51,0,1
MFI-01866,Jua Kali Artisan,Business Expansion,29935.0,3,16,7235.0,0,0,1,3,4,0,0
MFI-01867,Food Vendor,Business Expansion,55564.0,6,16,,0,0,0,1,18,1,1
MFI-01868,Boda Boda Operator,Business Expansion,35652.0,12,13,2209.0,0,0,0,1,1,1,0
MFI-01869,Food Vendor,Stock Purchase,114643.0,6,20,12175.0,3,0,1,8,7,1,0
MFI-01870,Boda Boda Operator,Business Expansion,42732.0,6,19,3582.0,1,1,1,2,46,1,1
MFI-01871,Market Trader,Medical Emergency,91678.0,9,13,2575.0,4,2,1,2,22,0,1
MFI-01872,Jua Kali Artisan,Stock Purchase,56001.0,9,11,4154.0,2,0,1,6,15,0,0
MFI-01873,Food Vendor,Medical Emergency,23330.0,9,21,911.0,0,0,1,3,12,1,0
MFI-01874,Jua Kali Artisan,Medical Emergency,36370.0,6,26,837.0,1,1,1,4,2,1,1
MFI-01875,Boda Boda Operator,School Fees,30630.0,6,17,8802.0,1,0,1,3,18,0,0
MFI-01876,Kiosk Owner,Medical Emergency,22954.0,12,17,2533.0,1,0,0,4,61,0,0
MFI-01877,Market Trader,Equipment,15343.0,9,14,1447.0,1,0,1,3,25,1,0
MFI-01878,Food Vendor,Medical Emergency,107759.0,6,18,967.0,1,0,1,4,11,1,0
MFI-01879,Kiosk Owner,Business Expansion,6982.0,6,19,1379.0,2,0,1,3,30,1,0
MFI-01880,Market Trader,School Fees,105367.0,12,15,2278.0,1,0,1,3,22,1,0
MFI-01881,Boda Boda Operator,Stock Purchase,12455.0,3,11,670.0,4,1,0,2,12,1,0
MFI-01882,Market Trader,Medical Emergency,56080.0,9,18,9484.0,3,1,1,4,6,0,1
MFI-01883,Jua Kali Artisan,School Fees,22732.0,9,17,7443.0,0,0,0,3,11,1,0
MFI-01884,Boda Boda Operator,Medical Emergency,9572.0,12,17,2216.0,1,0,1,3,22,0,0
MFI-01885,Market Trader,Medical Emergency,90787.0,3,15,18143.0,3,0,0,4,24,0,0
MFI-01886,Jua Kali Artisan,Business Expansion,5327.0,6,18,2410.0,1,1,1,2,14,1,0
MFI-01887,Jua Kali Artisan,Equipment,68660.0,18,19,,0,0,0,3,16,1,1
MFI-01888,Food Vendor,School Fees,40293.0,9,28,18609.0,0,0,1,5,120,1,0
MFI-01889,Food Vendor,School Fees,84183.0,6,23,3475.0,3,1,1,4,32,0,0
MFI-01890,Market Trader,Medical Emergency,59939.0,6,17,10937.0,4,0,1,0,11,1,0
MFI-01891,Jua Kali Artisan,School Fees,59299.0,3,16,,0,0,1,4,20,0,0
MFI-01892,Kiosk Owner,Stock Purchase,74483.0,6,25,,3,0,0,5,58,1,1
MFI-01893,Jua Kali Artisan,Stock Purchase,70973.0,12,17,3720.0,3,0,1,0,12,1,0
MFI-01894,Boda Boda Operator,Medical Emergency,52080.0,6,19,,2,0,0,4,23,0,0
MFI-01895,Market Trader,School Fees,27787.0,6,20,300.0,0,0,1,2,3,1,0
MFI-01896,Market Trader,Medical Emergency,30232.0,6,25,2266.0,2,0,0,4,27,0,0
MFI-01897,Food Vendor,Stock Purchase,39554.0,12,24,6231.0,5,0,1,3,17,1,0
MFI-01898,Jua Kali Artisan,School Fees,29349.0,6,14,1450.0,2,0,0,4,24,0,1
MFI-01899,Food Vendor,Equipment,150000.0,3,10,9080.0,1,0,1,2,1,1,0
MFI-01900,Jua Kali Artisan,Medical Emergency,33887.0,9,13,3147.0,2,0,1,3,2,0,1
MFI-01901,Market Trader,Stock Purchase,14475.0,6,28,13255.0,2,0,0,4,14,0,0
MFI-01902,Boda Boda Operator,Stock Purchase,32976.0,9,12,1679.0,1,0,0,1,6,1,1
MFI-01903,Boda Boda Operator,Equipment,18569.0,12,26,4638.0,0,0,1,3,26,1,0
MFI-01904,Boda Boda Operator,Medical Emergency,150000.0,6,19,1469.0,1,1,0,3,6,0,1
MFI-01905,Market Trader,Business Expansion,39270.0,6,21,729.0,1,1,0,1,5,0,0
MFI-01906,Food Vendor,Business Expansion,60345.0,18,29,3779.0,2,0,0,2,30,1,0
MFI-01907,Jua Kali Artisan,Stock Purchase,54839.0,12,15,1481.0,1,0,0,4,2,0,1
MFI-01908,Food Vendor,Business Expansion,77385.0,6,13,4632.0,1,0,1,3,4,0,0
MFI-01909,Market Trader,Stock Purchase,43948.0,3,20,7482.0,1,1,1,2,3,1,0
MFI-01910,Food Vendor,Business Expansion,26397.0,18,16,1147.0,1,0,1,5,11,0,0
MFI-01911,Kiosk Owner,Stock Purchase,37714.0,3,21,11272.0,2,0,1,2,2,1,0
MFI-01912,Jua Kali Artisan,School Fees,13613.0,6,16,1474.0,3,1,0,5,23,1,1
MFI-01913,Market Trader,Equipment,32215.0,6,15,2405.0,4,0,1,4,66,1,0
MFI-01914,Kiosk Owner,Stock Purchase,150000.0,3,12,,1,0,1,3,8,1,0
MFI-01915,Food Vendor,Business Expansion,65393.0,3,30,6095.0,1,0,1,3,1,1,0
MFI-01916,Boda Boda Operator,Medical Emergency,33355.0,6,22,8665.0,1,0,0,4,25,1,0
MFI-01917,Food Vendor,Business Expansion,150000.0,6,19,8274.0,2,0,0,3,10,1,1
MFI-01918,Market Trader,Equipment,22302.0,18,19,2451.0,1,0,1,2,18,0,0
MFI-01919,Boda Boda Operator,Business Expansion,47772.0,9,14,8357.0,1,0,0,2,2,1,1
MFI-01920,Food Vendor,Business Expansion,28499.0,18,20,,4,1,0,3,11,1,1
MFI-01921,Market Trader,Medical Emergency,30832.0,3,14,2707.0,1,1,1,2,47,1,1
MFI-01922,Kiosk Owner,Stock Purchase,49770.0,6,15,1031.0,2,1,1,2,9,0,0
MFI-01923,Kiosk Owner,School Fees,57574.0,6,9,,4,1,0,4,26,0,1
MFI-01924,Boda Boda Operator,Medical Emergency,30879.0,6,14,15400.0,1,1,1,1,32,0,0
MFI-01925,Food Vendor,Equipment,18604.0,18,22,,1,0,1,3,8,0,0
MFI-01926,Kiosk Owner,Medical Emergency,150000.0,6,24,581.0,2,2,1,3,34,1,0
MFI-01927,Food Vendor,Stock Purchase,39386.0,9,15,6409.0,3,0,1,3,18,1,0
MFI-01928,Kiosk Owner,Equipment,15841.0,18,18,7099.0,1,0,1,3,10,1,0
MFI-01929,Market Trader,School Fees,16029.0,9,14,21207.0,0,0,0,5,6,1,0
MFI-01930,Boda Boda Operator,School Fees,150000.0,9,18,,1,0,1,5,7,1,0
MFI-01931,Boda Boda Operator,Business Expansion,150000.0,9,28,5913.0,0,0,1,1,8,0,0
MFI-01932,Jua Kali Artisan,Business Expansion,47539.0,6,13,,4,0,1,3,11,0,1
MFI-01933,Kiosk Owner,Equipment,22223.0,6,9,1893.0,1,0,1,6,40,0,0
MFI-01934,Kiosk Owner,School Fees,47385.0,12,18,2789.0,0,0,0,3,31,1,1
MFI-01935,Jua Kali Artisan,Stock Purchase,28438.0,6,27,7275.0,2,0,1,0,51,1,0
MFI-01936,Food Vendor,Equipment,57462.0,6,24,1522.0,2,2,0,1,4,0,1
MFI-01937,Boda Boda Operator,Business Expansion,48054.0,3,18,16443.0,0,0,1,2,23,0,0
MFI-01938,Boda Boda Operator,Business Expansion,35385.0,9,17,6407.0,1,0,0,1,10,1,0
MFI-01939,Boda Boda Operator,Business Expansion,33945.0,3,16,,1,0,0,2,52,0,0
MFI-01940,Market Trader,Medical Emergency,30452.0,6,11,,1,1,0,0,9,0,0
MFI-01941,Food Vendor,School Fees,77562.0,18,23,2794.0,1,0,1,4,39,1,0
MFI-01942,Jua Kali Artisan,Medical Emergency,31125.0,18,10,25831.0,2,0,0,5,77,1,0
MFI-01943,Boda Boda Operator,Equipment,150000.0,9,19,1013.0,0,1,1,4,54,1,0
MFI-01944,Kiosk Owner,Medical Emergency,150000.0,12,16,4336.0,1,0,1,2,61,0,1
MFI-01945,Kiosk Owner,School Fees,26833.0,6,26,2120.0,2,0,1,1,25,1,0
MFI-01946,Food Vendor,Equipment,27213.0,3,26,9879.0,0,0,1,3,12,1,0
MFI-01947,Market Trader,School Fees,34917.0,9,24,,4,1,0,3,10,1,0
MFI-01948,Jua Kali Artisan,School Fees,21734.0,12,26,1247.0,1,1,1,3,4,1,0
MFI-01949,Boda Boda Operator,Stock Purchase,71754.0,12,13,5830.0,3,0,1,1,5,0,0
MFI-01950,Jua Kali Artisan,Stock Purchase,93674.0,9,12,27321.0,0,0,1,3,4,1,0
MFI-01951,Jua Kali Artisan,Stock Purchase,101402.0,18,20,11736.0,1,0,1,3,10,1,0
MFI-01952,Kiosk Owner,Business Expansion,30747.0,6,25,23481.0,2,0,0,3,19,0,0
MFI-01953,Market Trader,Medical Emergency,30443.0,12,22,7071.0,1,0,0,3,40,0,1
MFI-01954,Boda Boda Operator,Stock Purchase,7384.0,6,18,1251.0,2,0,1,5,7,0,0
MFI-01955,Kiosk Owner,Equipment,21472.0,18,20,975.0,2,0,1,3,8,0,0
MFI-01956,Kiosk Owner,Business Expansion,17231.0,6,18,2798.0,0,0,1,3,14,1,0
MFI-01957,Kiosk Owner,Stock Purchase,14976.0,6,17,2428.0,0,0,1,4,1,1,0
MFI-01958,Kiosk Owner,Medical Emergency,24599.0,9,10,27256.0,2,0,1,4,4,0,0
MFI-01959,Jua Kali Artisan,Business Expansion,28403.0,6,21,36046.0,3,0,0,1,31,1,0
MFI-01960,Market Trader,Business Expansion,35605.0,6,19,9690.0,2,0,0,5,10,0,0
MFI-01961,Jua Kali Artisan,Equipment,107761.0,9,25,9196.0,2,0,1,2,4,0,0
MFI-01962,Market Trader,School Fees,92263.0,12,24,2022.0,1,0,1,6,47,0,0
MFI-01963,Market Trader,Equipment,14767.0,12,28,8189.0,2,0,1,2,27,1,0
MFI-01964,Boda Boda Operator,Medical Emergency,51147.0,6,20,1182.0,2,2,0,4,8,0,1
MFI-01965,Jua Kali Artisan,Medical Emergency,19153.0,6,21,1611.0,1,0,1,1,61,0,0
MFI-01966,Food Vendor,Medical Emergency,40877.0,3,15,,3,0,0,3,73,0,0
MFI-01967,Market Trader,Business Expansion,103651.0,12,13,,2,0,1,3,6,1,0
MFI-01968,Food Vendor,Medical Emergency,24611.0,12,22,10012.0,3,1,1,2,48,0,0
MFI-01969,Kiosk Owner,Equipment,16483.0,3,14,419.0,3,0,1,2,7,0,0
MFI-01970,Market Trader,Business Expansion,37842.0,12,23,3119.0,3,0,1,0,28,0,0
MFI-01971,Market Trader,Equipment,104421.0,12,17,2921.0,2,1,0,2,8,0,0
MFI-01972,Jua Kali Artisan,Stock Purchase,150000.0,12,23,14577.0,3,1,0,2,44,1,1
MFI-01973,Market Trader,Stock Purchase,22184.0,6,17,12682.0,2,0,0,6,6,1,0
MFI-01974,Food Vendor,Stock Purchase,40347.0,6,19,11903.0,1,1,1,3,1,0,0
MFI-01975,Market Trader,Equipment,45267.0,6,12,5580.0,2,0,1,1,4,1,0
MFI-01976,Boda Boda Operator,School Fees,11648.0,9,16,20143.0,2,0,1,4,15,1,0
MFI-01977,Boda Boda Operator,Equipment,11149.0,12,13,2215.0,4,0,0,2,5,1,0
MFI-01978,Jua Kali Artisan,Stock Purchase,47080.0,9,20,3689.0,3,0,1,4,13,1,0
MFI-01979,Boda Boda Operator,School Fees,26888.0,9,14,28227.0,3,1,0,4,6,0,0
MFI-01980,Market Trader,Business Expansion,11836.0,12,17,5435.0,1,0,1,4,9,1,0
MFI-01981,Boda Boda Operator,Medical Emergency,62918.0,3,30,17817.0,1,0,1,4,73,0,0
MFI-01982,Kiosk Owner,School Fees,38134.0,6,17,3127.0,1,1,0,1,2,0,1
MFI-01983,Jua Kali Artisan,Stock Purchase,36652.0,6,15,5569.0,2,0,1,6,16,0,0
MFI-01984,Market Trader,School Fees,15120.0,9,17,14135.0,2,0,0,2,48,0,0
MFI-01985,Boda Boda Operator,Medical Emergency,9273.0,18,20,18594.0,2,0,0,7,12,1,0
MFI-01986,Kiosk Owner,Business Expansion,22508.0,9,14,4518.0,6,1,0,3,96,1,0
MFI-01987,Boda Boda Operator,Equipment,37759.0,6,17,1239.0,2,0,0,2,5,0,1
MFI-01988,Boda Boda Operator,School Fees,20599.0,12,13,1974.0,1,0,1,3,1,0,0
MFI-01989,Boda Boda Operator,Stock Purchase,15098.0,18,15,3337.0,1,0,1,6,1,0,0
MFI-01990,Market Trader,Medical Emergency,26967.0,9,21,,2,0,0,1,24,1,0
MFI-01991,Jua Kali Artisan,School Fees,37349.0,6,21,2285.0,3,1,1,2,11,0,0
MFI-01992,Kiosk Owner,School Fees,112619.0,9,9,7800.0,0,0,1,0,24,0,0
MFI-01993,Jua Kali Artisan,School Fees,40953.0,9,11,6588.0,0,0,0,1,64,0,0
MFI-01994,Jua Kali Artisan,Stock Purchase,11230.0,9,21,3098.0,1,0,1,1,29,0,0
MFI-01995,Food Vendor,School Fees,7203.0,18,24,747.0,3,0,0,5,40,0,0
MFI-01996,Kiosk Owner,School Fees,5101.0,6,18,8117.0,0,1,0,2,7,0,0
MFI-01997,Market Trader,Business Expansion,47660.0,6,17,906.0,2,0,0,6,8,1,0
MFI-01998,Market Trader,Stock Purchase,15649.0,9,30,,0,1,0,7,15,0,0
MFI-01999,Food Vendor,School Fees,54084.0,9,21,42598.0,2,0,0,4,1,0,1
MFI-02000,Food Vendor,Medical Emergency,93341.0,6,20,5028.0,2,0,1,2,15,0,0
MFI-02001,Food Vendor,Equipment,58239.0,6,16,2942.0,1,1,0,3,33,0,0
MFI-02002,Food Vendor,Equipment,30283.0,9,18,22432.0,3,1,1,3,11,1,0
MFI-02003,Market Trader,Business Expansion,150000.0,6,18,3741.0,2,0,0,4,25,1,0
MFI-02004,Market Trader,Stock Purchase,25116.0,6,17,6419.0,1,0,0,2,7,1,0
MFI-02005,Boda Boda Operator,Medical Emergency,17632.0,12,10,9565.0,1,0,1,2,18,1,0
MFI-02006,Jua Kali Artisan,Stock Purchase,47426.0,18,17,2202.0,5,0,0,2,18,0,0
MFI-02007,Jua Kali Artisan,Equipment,67424.0,6,17,22425.0,3,0,1,1,15,0,0
MFI-02008,Jua Kali Artisan,Medical Emergency,4590.0,12,13,,0,0,1,6,26,0,0
MFI-02009,Jua Kali Artisan,Equipment,88297.0,3,16,46345.0,1,0,0,5,50,0,0
MFI-02010,Market Trader,Equipment,9898.0,6,20,8775.0,2,0,1,2,47,1,0
MFI-02011,Market Trader,Stock Purchase,7033.0,9,11,3518.0,1,0,0,5,1,1,0
MFI-02012,Food Vendor,School Fees,27575.0,9,12,1451.0,0,1,1,5,1,0,0
MFI-02013,Market Trader,Business Expansion,15519.0,6,19,5595.0,2,1,0,4,3,0,0
MFI-02014,Market Trader,Medical Emergency,50645.0,18,22,5447.0,0,1,0,3,56,0,1
MFI-02015,Boda Boda Operator,Business Expansion,48293.0,9,19,17373.0,1,0,0,1,2,1,0
MFI-02016,Kiosk Owner,Medical Emergency,46481.0,18,13,4073.0,2,0,1,5,21,0,0
MFI-02017,Food Vendor,Equipment,96709.0,3,10,2382.0,0,1,1,2,24,1,0
MFI-02018,Food Vendor,Medical Emergency,28215.0,9,19,819.0,3,0,1,3,22,1,0
MFI-02019,Boda Boda Operator,Medical Emergency,48722.0,6,22,4450.0,1,1,1,1,32,1,1
MFI-02020,Kiosk Owner,Stock Purchase,9552.0,12,19,2413.0,2,0,0,2,10,1,0
MFI-02021,Market Trader,Business Expansion,78308.0,3,19,,1,0,1,6,30,0,1
MFI-02022,Food Vendor,Business Expansion,24319.0,12,25,4011.0,2,0,1,2,27,1,0
MFI-02023,Kiosk Owner,Medical Emergency,28933.0,6,9,5409.0,2,0,1,7,4,0,1
MFI-02024,Jua Kali Artisan,School Fees,27613.0,12,14,1978.0,2,0,1,3,16,1,0
MFI-02025,Food Vendor,School Fees,33536.0,9,18,,4,0,0,3,41,1,0
MFI-02026,Kiosk Owner,Business Expansion,27027.0,6,18,20968.0,1,0,0,1,16,0,1
MFI-02027,Jua Kali Artisan,Medical Emergency,6427.0,12,18,3786.0,1,0,1,2,17,0,0
MFI-02028,Jua Kali Artisan,Business Expansion,97944.0,9,20,10054.0,3,1,1,4,82,1,0
MFI-02029,Market Trader,Stock Purchase,21584.0,3,18,,1,0,0,2,7,1,0
MFI-02030,Kiosk Owner,Equipment,26919.0,3,15,3800.0,1,1,0,2,30,1,0
MFI-02031,Food Vendor,Stock Purchase,31119.0,6,21,13672.0,0,0,0,4,24,1,0
MFI-02032,Food Vendor,Equipment,55246.0,12,23,2891.0,0,0,1,4,81,0,0
MFI-02033,Kiosk Owner,Medical Emergency,24481.0,6,26,11751.0,5,0,1,5,20,0,0
MFI-02034,Boda Boda Operator,Medical Emergency,85196.0,9,23,,2,1,0,5,3,0,1
MFI-02035,Boda Boda Operator,Stock Purchase,150000.0,3,20,3339.0,3,0,1,3,94,0,0
MFI-02036,Market Trader,Stock Purchase,134429.0,12,19,1564.0,1,0,1,7,7,1,0
MFI-02037,Market Trader,School Fees,44468.0,6,19,10706.0,1,0,0,3,8,0,1
MFI-02038,Boda Boda Operator,Stock Purchase,22897.0,6,17,2638.0,3,1,0,2,12,0,0
MFI-02039,Jua Kali Artisan,Business Expansion,22413.0,9,15,3673.0,1,2,1,7,36,0,1
MFI-02040,Jua Kali Artisan,Equipment,27017.0,12,18,2861.0,1,0,0,0,1,1,1
MFI-02041,Boda Boda Operator,School Fees,18384.0,3,17,880.0,3,0,1,1,45,1,0
MFI-02042,Food Vendor,Business Expansion,50648.0,3,23,5009.0,0,0,0,4,79,1,0
MFI-02043,Boda Boda Operator,Business Expansion,30298.0,3,26,604.0,2,0,0,5,33,0,1
MFI-02044,Food Vendor,Stock Purchase,35844.0,12,16,9153.0,2,1,0,1,1,0,1
MFI-02045,Food Vendor,School Fees,28387.0,12,21,9411.0,4,1,1,2,75,1,0
MFI-02046,Jua Kali Artisan,Medical Emergency,52101.0,9,11,4393.0,2,1,0,4,1,0,1
MFI-02047,Jua Kali Artisan,Medical Emergency,44567.0,3,24,1432.0,4,0,0,7,27,0,1
MFI-02048,Jua Kali Artisan,Stock Purchase,27372.0,12,21,8486.0,2,0,0,3,1,0,0
MFI-02049,Food Vendor,Equipment,32252.0,12,17,121.0,3,0,0,3,9,0,0
MFI-02050,Food Vendor,Stock Purchase,32225.0,18,19,4861.0,2,1,1,2,33,1,0
MFI-02051,Market Trader,Equipment,62106.0,12,16,17884.0,4,0,1,6,68,1,0
MFI-02052,Boda Boda Operator,Business Expansion,19487.0,6,23,6653.0,0,0,1,2,1,0,0
MFI-02053,Jua Kali Artisan,School Fees,25027.0,9,23,2602.0,2,0,1,4,42,1,0
MFI-02054,Kiosk Owner,Medical Emergency,7943.0,9,17,1487.0,1,0,0,1,15,1,0
MFI-02055,Kiosk Owner,Business Expansion,15367.0,9,19,,2,0,0,1,21,0,0
MFI-02056,Food Vendor,Stock Purchase,30062.0,9,16,,2,0,1,2,13,1,0
MFI-02057,Market Trader,School Fees,25602.0,3,27,3990.0,3,1,1,5,10,1,0
MFI-02058,Boda Boda Operator,Medical Emergency,7556.0,12,15,2917.0,2,1,1,1,5,1,1
MFI-02059,Food Vendor,Business Expansion,55274.0,3,15,,1,0,1,0,11,1,0
MFI-02060,Boda Boda Operator,Stock Purchase,17953.0,3,11,,5,0,0,2,53,1,0
MFI-02061,Food Vendor,Equipment,9935.0,3,10,2703.0,1,1,1,6,2,0,0
MFI-02062,Jua Kali Artisan,School Fees,48605.0,18,17,4459.0,2,0,1,3,80,1,0
MFI-02063,Market Trader,Equipment,70772.0,18,17,1736.0,2,0,1,2,4,1,0
MFI-02064,Jua Kali Artisan,School Fees,5168.0,6,25,368.0,2,1,0,5,1,1,1
MFI-02065,Jua Kali Artisan,Equipment,62689.0,3,23,6302.0,2,1,0,3,19,1,1
MFI-02066,Kiosk Owner,Business Expansion,30559.0,3,12,4765.0,3,0,1,4,120,1,0
MFI-02067,Kiosk Owner,Medical Emergency,29597.0,18,27,21702.0,2,1,1,3,38,0,0
MFI-02068,Kiosk Owner,Stock Purchase,14826.0,6,18,,0,0,0,6,13,0,1
MFI-02069,Kiosk Owner,Medical Emergency,32076.0,9,21,708.0,3,0,0,5,38,1,0
MFI-02070,Food Vendor,School Fees,33760.0,6,19,17597.0,3,0,1,5,43,0,0
MFI-02071,Food Vendor,Equipment,150000.0,18,17,18254.0,0,0,1,2,6,0,0
MFI-02072,Market Trader,Medical Emergency,55140.0,12,16,1233.0,2,0,0,6,1,1,0
MFI-02073,Kiosk Owner,Stock Purchase,36244.0,12,18,8292.0,1,2,0,2,57,1,0
MFI-02074,Kiosk Owner,Stock Purchase,93489.0,6,17,20453.0,1,0,1,1,6,1,0
MFI-02075,Food Vendor,Medical Emergency,73722.0,6,22,25422.0,1,1,0,1,16,1,0
MFI-02076,Boda Boda Operator,Equipment,11348.0,9,14,18690.0,1,1,1,0,6,1,0
MFI-02077,Jua Kali Artisan,School Fees,61650.0,6,16,6642.0,2,0,1,4,11,1,0
MFI-02078,Market Trader,Business Expansion,39267.0,6,23,4644.0,4,1,1,1,24,1,0
MFI-02079,Food Vendor,Equipment,20737.0,18,15,2697.0,0,0,1,2,19,1,0
MFI-02080,Food Vendor,Business Expansion,15879.0,12,18,2578.0,2,0,1,0,65,0,1
MFI-02081,Jua Kali Artisan,Medical Emergency,32293.0,6,13,1365.0,2,1,0,6,11,1,0
MFI-02082,Market Trader,Medical Emergency,36017.0,6,14,7826.0,2,2,0,2,14,1,0
MFI-02083,Food Vendor,Medical Emergency,91020.0,9,10,4092.0,3,0,0,3,1,0,0
MFI-02084,Kiosk Owner,School Fees,5993.0,12,22,3246.0,1,0,0,2,8,1,0
MFI-02085,Kiosk Owner,Medical Emergency,13265.0,6,21,4234.0,4,0,1,0,31,1,0
MFI-02086,Food Vendor,Equipment,42474.0,18,14,14827.0,4,0,1,4,30,1,0
MFI-02087,Boda Boda Operator,Equipment,32505.0,6,18,9885.0,1,0,1,5,5,1,0
MFI-02088,Boda Boda Operator,School Fees,39669.0,9,16,672.0,0,0,0,3,101,1,0
MFI-02089,Boda Boda Operator,Stock Purchase,25167.0,9,21,50000.0,2,1,1,1,14,0,0
MFI-02090,Kiosk Owner,Business Expansion,44312.0,6,26,15151.0,2,0,0,2,7,0,0
MFI-02091,Kiosk Owner,Equipment,10184.0,9,25,2994.0,3,0,1,3,31,0,0
MFI-02092,Jua Kali Artisan,Equipment,150000.0,12,11,4932.0,1,1,0,4,22,0,1
MFI-02093,Boda Boda Operator,Medical Emergency,50723.0,6,19,,1,0,0,8,15,1,0
MFI-02094,Jua Kali Artisan,Stock Purchase,52356.0,12,22,1739.0,2,0,0,3,39,1,0
MFI-02095,Food Vendor,Medical Emergency,15478.0,3,15,,2,1,0,2,23,0,1
MFI-02096,Food Vendor,School Fees,22677.0,9,18,1795.0,2,0,1,2,82,0,1
MFI-02097,Market Trader,Business Expansion,54666.0,6,21,12333.0,3,1,0,3,43,0,0
MFI-02098,Market Trader,Business Expansion,27440.0,18,18,934.0,2,0,1,4,19,1,0
MFI-02099,Market Trader,Medical Emergency,45001.0,3,17,,2,0,0,4,25,0,1
MFI-02100,Market Trader,Business Expansion,19466.0,3,18,1827.0,3,1,0,3,18,0,0
MFI-02101,Kiosk Owner,Business Expansion,12450.0,12,15,28961.0,1,0,1,3,14,1,0
MFI-02102,Jua Kali Artisan,Stock Purchase,88316.0,12,16,10876.0,2,1,1,3,26,1,1
MFI-02103,Kiosk Owner,Equipment,17727.0,6,18,8121.0,3,1,0,3,6,1,0
MFI-02104,Food Vendor,School Fees,75199.0,18,19,14753.0,4,0,1,3,8,0,0
MFI-02105,Boda Boda Operator,Stock Purchase,18567.0,12,15,,3,0,1,5,6,1,0
MFI-02106,Boda Boda Operator,Stock Purchase,31990.0,6,15,4227.0,1,0,1,2,21,1,0
MFI-02107,Jua Kali Artisan,Medical Emergency,26646.0,9,23,,1,1,1,5,57,1,0
MFI-02108,Jua Kali Artisan,Medical Emergency,30695.0,6,16,,5,0,0,2,78,1,0
MFI-02109,Food Vendor,Medical Emergency,66596.0,9,22,9844.0,1,2,1,4,5,1,0
MFI-02110,Kiosk Owner,School Fees,133988.0,12,22,,2,0,0,3,6,1,0
MFI-02111,Boda Boda Operator,Medical Emergency,31151.0,9,18,9714.0,1,1,1,3,16,1,0
MFI-02112,Kiosk Owner,Equipment,40011.0,3,14,3149.0,0,0,0,2,22,1,0
MFI-02113,Food Vendor,School Fees,29274.0,9,21,2793.0,1,1,1,1,16,0,1
MFI-02114,Kiosk Owner,Business Expansion,38921.0,6,18,46040.0,1,0,0,3,8,0,0
MFI-02115,Boda Boda Operator,School Fees,20449.0,6,11,3417.0,3,1,1,4,30,1,1
MFI-02116,Food Vendor,Business Expansion,15859.0,6,22,20030.0,0,0,0,1,5,0,0
MFI-02117,Kiosk Owner,Stock Purchase,47097.0,3,16,3316.0,3,0,1,3,2,1,0
MFI-02118,Kiosk Owner,Business Expansion,43413.0,3,21,3401.0,0,0,1,9,6,1,0
MFI-02119,Kiosk Owner,School Fees,90111.0,12,26,,3,0,1,2,54,1,0
MFI-02120,Kiosk Owner,Equipment,37778.0,9,25,22692.0,1,2,0,3,5,0,1
MFI-02121,Jua Kali Artisan,Equipment,34969.0,18,18,7237.0,0,1,1,3,15,1,0
MFI-02122,Food Vendor,Business Expansion,54947.0,18,11,2708.0,5,0,1,4,7,1,0
MFI-02123,Food Vendor,School Fees,79848.0,6,20,50000.0,1,1,1,1,60,0,0
MFI-02124,Kiosk Owner,Business Expansion,31993.0,12,24,6206.0,2,1,1,1,39,0,0
MFI-02125,Kiosk Owner,Business Expansion,4629.0,6,21,,2,0,1,2,11,0,0
MFI-02126,Jua Kali Artisan,Stock Purchase,15676.0,6,25,9148.0,1,0,1,2,40,0,0
MFI-02127,Boda Boda Operator,School Fees,85489.0,9,18,1739.0,1,0,1,3,89,0,0
MFI-02128,Jua Kali Artisan,Business Expansion,142118.0,6,14,11061.0,1,0,1,2,21,0,0
MFI-02129,Kiosk Owner,Medical Emergency,105532.0,9,22,1732.0,4,0,0,4,6,0,1
MFI-02130,Kiosk Owner,Medical Emergency,25564.0,9,18,9510.0,1,0,1,5,10,0,0
MFI-02131,Kiosk Owner,Medical Emergency,27925.0,6,23,24196.0,1,0,0,3,18,0,0
MFI-02132,Kiosk Owner,Business Expansion,65628.0,9,18,2035.0,3,0,0,2,21,0,1
MFI-02133,Jua Kali Artisan,School Fees,58699.0,9,20,5551.0,5,0,0,4,41,0,0
MFI-02134,Kiosk Owner,Stock Purchase,4972.0,9,18,,2,0,0,6,15,0,0
MFI-02135,Boda Boda Operator,Medical Emergency,37593.0,18,31,12764.0,2,1,0,4,1,1,0
MFI-02136,Market Trader,Business Expansion,34783.0,9,9,8239.0,2,0,0,1,2,0,0
MFI-02137,Boda Boda Operator,Business Expansion,14448.0,6,13,5364.0,2,0,1,1,57,0,0
MFI-02138,Kiosk Owner,School Fees,22521.0,3,20,19068.0,2,0,0,5,24,1,0
MFI-02139,Jua Kali Artisan,Business Expansion,44855.0,9,14,6162.0,2,0,1,4,39,1,0
MFI-02140,Kiosk Owner,School Fees,30512.0,9,7,,2,0,0,5,28,0,1
MFI-02141,Jua Kali Artisan,Stock Purchase,76543.0,9,14,1641.0,2,0,1,2,56,0,0
MFI-02142,Market Trader,Stock Purchase,148512.0,9,22,16073.0,0,0,1,5,1,1,1
MFI-02143,Food Vendor,Business Expansion,77359.0,6,22,21192.0,1,1,0,6,15,0,0
MFI-02144,Boda Boda Operator,Equipment,51928.0,18,14,5850.0,2,0,1,2,3,1,1
MFI-02145,Market Trader,Stock Purchase,32243.0,9,11,1126.0,3,0,1,3,17,0,0
MFI-02146,Kiosk Owner,School Fees,68668.0,6,14,2843.0,1,0,1,2,56,0,0
MFI-02147,Jua Kali Artisan,Business Expansion,22068.0,3,26,18884.0,4,1,1,1,12,0,0
MFI-02148,Jua Kali Artisan,Equipment,23445.0,9,16,8516.0,5,0,0,2,3,1,0
MFI-02149,Food Vendor,Stock Purchase,13559.0,12,20,1098.0,2,0,1,0,6,0,1
MFI-02150,Market Trader,School Fees,10506.0,3,7,,1,0,0,4,17,1,0
MFI-02151,Boda Boda Operator,Business Expansion,101168.0,9,18,4671.0,2,0,0,2,25,1,0
MFI-02152,Jua Kali Artisan,School Fees,45068.0,18,21,11920.0,1,0,1,6,1,1,0
MFI-02153,Boda Boda Operator,Business Expansion,55550.0,9,17,3171.0,2,0,1,0,12,0,0
MFI-02154,Kiosk Owner,Equipment,32822.0,12,23,18568.0,1,0,1,5,25,1,0
MFI-02155,Jua Kali Artisan,School Fees,150000.0,3,15,3834.0,3,0,1,4,25,0,1
MFI-02156,Jua Kali Artisan,School Fees,148287.0,9,12,255.0,4,0,1,2,23,1,0
MFI-02157,Market Trader,Stock Purchase,35834.0,6,15,2641.0,2,0,1,0,1,1,0
MFI-02158,Food Vendor,School Fees,35506.0,3,14,6320.0,0,1,0,4,43,1,0
MFI-02159,Kiosk Owner,Stock Purchase,30453.0,9,11,5629.0,1,1,1,2,33,1,0
MFI-02160,Food Vendor,School Fees,14886.0,6,13,3029.0,2,1,1,3,7,0,0
MFI-02161,Market Trader,School Fees,26172.0,9,15,1036.0,0,0,1,3,15,0,0
MFI-02162,Boda Boda Operator,Stock Purchase,28222.0,9,16,15556.0,5,0,1,4,67,1,0
MFI-02163,Market Trader,Stock Purchase,6163.0,9,22,25107.0,1,0,1,3,23,1,0
MFI-02164,Market Trader,Stock Purchase,5869.0,3,15,,3,0,1,3,33,0,0
MFI-02165,Market Trader,Equipment,34496.0,6,14,11746.0,0,0,1,1,31,1,0
MFI-02166,Jua Kali Artisan,Business Expansion,70681.0,18,20,9155.0,1,1,1,3,20,0,0
MFI-02167,Kiosk Owner,Medical Emergency,19610.0,6,18,,0,1,1,6,18,0,1
MFI-02168,Boda Boda Operator,Business Expansion,147231.0,6,21,7137.0,1,0,0,5,64,1,1
MFI-02169,Food Vendor,Business Expansion,28999.0,12,14,50000.0,2,0,0,3,17,0,0
MFI-02170,Boda Boda Operator,Business Expansion,18441.0,9,15,,1,0,1,2,3,1,0
MFI-02171,Jua Kali Artisan,Equipment,11625.0,3,20,18991.0,2,0,1,3,23,1,0
MFI-02172,Jua Kali Artisan,Business Expansion,39263.0,9,15,4721.0,1,0,1,3,11,0,0
MFI-02173,Food Vendor,Equipment,7272.0,12,13,3719.0,4,1,0,1,1,0,0
MFI-02174,Jua Kali Artisan,Medical Emergency,19934.0,9,15,,0,0,1,1,10,0,1
MFI-02175,Food Vendor,Medical Emergency,37636.0,12,16,2635.0,1,0,1,4,81,1,0
MFI-02176,Jua Kali Artisan,Stock Purchase,11873.0,3,19,5375.0,0,0,1,2,30,0,0
MFI-02177,Market Trader,Business Expansion,23906.0,6,14,4313.0,2,0,1,4,14,0,0
MFI-02178,Jua Kali Artisan,Business Expansion,37042.0,9,17,1854.0,1,1,0,3,54,1,1
MFI-02179,Food Vendor,Stock Purchase,13711.0,6,10,,1,0,0,2,13,1,0
MFI-02180,Food Vendor,Equipment,61126.0,12,8,7898.0,0,1,1,3,30,0,1
MFI-02181,Food Vendor,Business Expansion,77142.0,6,17,47604.0,2,0,0,2,67,1,0
MFI-02182,Kiosk Owner,Business Expansion,16179.0,6,23,,2,0,0,4,1,1,0
MFI-02183,Boda Boda Operator,Medical Emergency,30937.0,3,9,4410.0,2,0,0,3,49,0,0
MFI-02184,Boda Boda Operator,Equipment,32873.0,6,19,3528.0,3,0,1,4,8,1,0
MFI-02185,Market Trader,Equipment,47930.0,6,19,3699.0,5,1,1,1,17,0,1
MFI-02186,Food Vendor,Medical Emergency,28621.0,3,16,22473.0,2,0,1,2,23,0,0
MFI-02187,Kiosk Owner,Equipment,20376.0,3,19,2797.0,1,0,0,3,12,1,0
MFI-02188,Kiosk Owner,Stock Purchase,15594.0,6,12,,1,1,0,3,14,1,0
MFI-02189,Kiosk Owner,Business Expansion,70911.0,6,13,3474.0,3,0,0,4,8,0,0
MFI-02190,Food Vendor,School Fees,22854.0,12,18,1342.0,3,0,1,4,37,0,0
MFI-02191,Kiosk Owner,Stock Purchase,19512.0,6,21,6806.0,2,0,1,2,5,1,0
MFI-02192,Kiosk Owner,Medical Emergency,83927.0,6,18,1047.0,2,0,1,5,20,1,0
MFI-02193,Boda Boda Operator,Medical Emergency,40770.0,6,22,6293.0,2,0,0,2,14,1,1
MFI-02194,Jua Kali Artisan,Medical Emergency,16029.0,9,10,3116.0,3,0,0,3,21,0,0
MFI-02195,Jua Kali Artisan,School Fees,31066.0,18,13,3323.0,3,0,0,3,19,1,0
MFI-02196,Jua Kali Artisan,Stock Purchase,16717.0,9,15,4333.0,0,1,0,5,11,1,0
MFI-02197,Food Vendor,School Fees,14122.0,12,23,5028.0,3,0,1,4,21,0,0
MFI-02198,Market Trader,Business Expansion,23477.0,6,22,4004.0,4,0,1,4,9,1,0
MFI-02199,Market Trader,Medical Emergency,30827.0,12,15,8305.0,2,0,1,7,10,0,1
MFI-02200,Boda Boda Operator,School Fees,22162.0,12,24,4950.0,2,1,1,5,17,0,0
MFI-02201,Market Trader,Business Expansion,56016.0,6,17,50000.0,0,0,0,2,13,0,0
MFI-02202,Market Trader,Business Expansion,61146.0,12,20,1634.0,2,0,1,3,40,0,0
MFI-02203,Jua Kali Artisan,Business Expansion,20612.0,9,20,1595.0,2,0,0,3,28,0,1
MFI-02204,Jua Kali Artisan,Medical Emergency,31555.0,9,18,3343.0,3,0,0,4,2,1,0
MFI-02205,Food Vendor,Equipment,24917.0,12,20,2070.0,1,0,1,4,1,1,0
MFI-02206,Market Trader,Business Expansion,16456.0,3,8,16308.0,0,2,0,1,15,1,0
MFI-02207,Food Vendor,Equipment,41185.0,6,14,28259.0,0,0,0,5,12,1,0
MFI-02208,Kiosk Owner,Business Expansion,8070.0,12,27,3291.0,2,0,1,1,4,0,0
MFI-02209,Boda Boda Operator,School Fees,16859.0,12,20,8225.0,0,0,0,4,5,1,0
MFI-02210,Boda Boda Operator,Business Expansion,14319.0,12,22,7404.0,1,1,1,3,2,1,0
MFI-02211,Kiosk Owner,Medical Emergency,17627.0,12,18,3117.0,2,0,0,1,1,1,0
MFI-02212,Boda Boda Operator,Medical Emergency,15235.0,9,12,9115.0,1,0,1,0,23,0,0
MFI-02213,Market Trader,Equipment,9967.0,6,18,11267.0,3,0,1,4,5,0,0
MFI-02214,Food Vendor,Equipment,28757.0,3,21,927.0,5,1,1,2,103,1,1
MFI-02215,Market Trader,Stock Purchase,26986.0,18,17,1510.0,3,0,0,3,10,1,0
MFI-02216,Boda Boda Operator,School Fees,36020.0,6,15,3670.0,1,0,0,9,5,0,0
MFI-02217,Market Trader,Stock Purchase,43851.0,6,25,3566.0,2,0,0,5,6,1,0
MFI-02218,Boda Boda Operator,Business Expansion,50239.0,12,26,5313.0,2,0,1,0,25,1,0
MFI-02219,Food Vendor,Equipment,19080.0,12,20,,2,0,1,3,14,0,0
MFI-02220,Boda Boda Operator,Medical Emergency,38152.0,6,12,1737.0,3,0,1,3,1,0,0
MFI-02221,Kiosk Owner,School Fees,29449.0,3,14,3424.0,1,0,0,3,2,1,0
MFI-02222,Boda Boda Operator,Medical Emergency,33318.0,9,16,1529.0,1,0,1,2,9,1,1
MFI-02223,Kiosk Owner,Equipment,25187.0,12,22,16246.0,1,2,1,2,3,0,0
MFI-02224,Food Vendor,Stock Purchase,19114.0,12,14,13911.0,0,0,1,4,1,1,0
MFI-02225,Boda Boda Operator,School Fees,29847.0,9,22,9049.0,1,1,1,7,53,0,0
MFI-02226,Food Vendor,Equipment,24812.0,9,16,13625.0,1,0,1,5,24,1,0
MFI-02227,Jua Kali Artisan,Medical Emergency,46142.0,3,13,3201.0,2,0,1,2,11,1,1
MFI-02228,Jua Kali Artisan,Business Expansion,77351.0,6,23,3169.0,1,0,0,4,109,1,0
MFI-02229,Boda Boda Operator,Business Expansion,17113.0,12,21,7345.0,5,0,1,1,120,1,0
MFI-02230,Jua Kali Artisan,Business Expansion,23628.0,9,16,10675.0,2,0,1,4,30,1,0
MFI-02231,Market Trader,Stock Purchase,150000.0,9,23,7055.0,2,0,0,5,18,1,0
MFI-02232,Market Trader,Medical Emergency,8463.0,12,29,6586.0,2,0,1,1,23,0,0
MFI-02233,Kiosk Owner,School Fees,10014.0,9,21,6981.0,1,0,1,2,22,1,0
MFI-02234,Jua Kali Artisan,Equipment,84334.0,6,17,13004.0,1,0,1,1,7,0,0
MFI-02235,Kiosk Owner,Business Expansion,150000.0,18,19,14628.0,1,0,0,4,20,1,0
MFI-02236,Jua Kali Artisan,Business Expansion,116090.0,6,22,3890.0,2,1,0,7,3,0,1
MFI-02237,Market Trader,Stock Purchase,46689.0,6,15,9198.0,0,0,1,1,2,0,0
MFI-02238,Jua Kali Artisan,Business Expansion,25723.0,9,21,591.0,1,2,1,6,8,0,1
MFI-02239,Market Trader,Stock Purchase,29158.0,6,21,936.0,2,0,1,5,8,0,0
MFI-02240,Market Trader,Stock Purchase,50052.0,6,22,3460.0,1,1,1,7,37,0,1
MFI-02241,Food Vendor,Stock Purchase,76738.0,9,23,2599.0,1,1,0,2,2,1,1
MFI-02242,Market Trader,Business Expansion,55787.0,6,15,28366.0,2,1,1,7,1,0,0
MFI-02243,Market Trader,Business Expansion,7246.0,3,15,3655.0,0,0,1,3,13,0,0
MFI-02244,Kiosk Owner,School Fees,14169.0,9,14,,1,0,1,6,29,1,0
MFI-02245,Jua Kali Artisan,Stock Purchase,45355.0,12,15,6068.0,3,1,0,3,84,0,1
MFI-02246,Boda Boda Operator,Equipment,12001.0,12,15,1205.0,3,2,1,4,8,0,0
MFI-02247,Boda Boda Operator,Medical Emergency,7915.0,9,22,6568.0,3,0,1,2,1,1,0
MFI-02248,Market Trader,Stock Purchase,73086.0,12,20,5081.0,1,0,1,2,42,1,0
MFI-02249,Jua Kali Artisan,Equipment,44633.0,6,17,23504.0,2,0,1,4,24,0,0
MFI-02250,Food Vendor,Stock Purchase,125353.0,12,19,2825.0,0,0,0,4,44,0,0
MFI-02251,Boda Boda Operator,Business Expansion,78999.0,3,15,9157.0,2,0,0,1,1,1,0
MFI-02252,Kiosk Owner,Business Expansion,22067.0,12,15,8776.0,1,1,0,5,6,0,0
MFI-02253,Kiosk Owner,School Fees,44238.0,3,19,2110.0,2,0,1,4,56,1,0
MFI-02254,Kiosk Owner,School Fees,19279.0,12,18,470.0,5,0,0,9,46,0,0
MFI-02255,Food Vendor,Stock Purchase,9991.0,12,15,5095.0,1,1,0,1,14,1,0
MFI-02256,Food Vendor,Business Expansion,94505.0,12,12,17112.0,4,0,0,7,49,0,0
MFI-02257,Food Vendor,Stock Purchase,31087.0,6,25,,4,1,1,0,32,0,0
MFI-02258,Jua Kali Artisan,Equipment,106753.0,18,18,,2,0,0,3,40,1,0
MFI-02259,Jua Kali Artisan,Stock Purchase,39611.0,9,18,,2,2,0,4,7,1,1
MFI-02260,Jua Kali Artisan,School Fees,45362.0,6,17,10617.0,2,0,1,4,8,1,0
MFI-02261,Food Vendor,Medical Emergency,57608.0,9,20,812.0,1,1,1,1,35,1,0
MFI-02262,Boda Boda Operator,Equipment,31353.0,6,24,8763.0,6,1,0,4,46,0,1
MFI-02263,Boda Boda Operator,School Fees,30032.0,6,16,936.0,1,0,1,4,37,1,0
MFI-02264,Boda Boda Operator,Business Expansion,44082.0,6,18,8932.0,3,0,1,1,5,1,0
MFI-02265,Jua Kali Artisan,Stock Purchase,98401.0,6,13,,2,1,1,1,61,0,0
MFI-02266,Jua Kali Artisan,School Fees,54387.0,6,18,,3,0,0,2,89,1,0
MFI-02267,Boda Boda Operator,School Fees,36816.0,12,19,4725.0,1,1,1,2,1,1,0
MFI-02268,Food Vendor,Business Expansion,26145.0,6,17,,0,0,1,4,53,1,0
MFI-02269,Boda Boda Operator,Medical Emergency,33039.0,3,14,7595.0,3,0,1,6,34,0,0
MFI-02270,Boda Boda Operator,Business Expansion,18199.0,6,18,5372.0,0,0,1,4,5,0,0
MFI-02271,Market Trader,Stock Purchase,16551.0,18,13,,2,0,0,1,6,0,0
MFI-02272,Jua Kali Artisan,Business Expansion,30027.0,12,15,7690.0,2,0,1,4,7,1,0
MFI-02273,Market Trader,Stock Purchase,36490.0,9,16,27963.0,2,0,1,1,1,1,0
MFI-02274,Market Trader,Business Expansion,64975.0,3,23,4754.0,1,0,0,2,9,0,0
MFI-02275,Kiosk Owner,Medical Emergency,14715.0,9,17,3984.0,0,0,1,2,40,1,0
MFI-02276,Market Trader,Stock Purchase,36624.0,9,17,2002.0,2,1,1,2,6,1,0
MFI-02277,Food Vendor,Stock Purchase,51099.0,18,23,2817.0,2,2,0,4,6,0,0
MFI-02278,Boda Boda Operator,School Fees,16563.0,9,18,3872.0,0,1,1,3,31,1,0
MFI-02279,Kiosk Owner,Business Expansion,25135.0,9,16,2463.0,1,0,0,2,32,1,0
MFI-02280,Food Vendor,School Fees,66671.0,9,26,9310.0,1,0,0,3,12,1,0
MFI-02281,Kiosk Owner,Equipment,34638.0,18,14,1400.0,0,0,1,8,44,0,0
MFI-02282,Kiosk Owner,Stock Purchase,7233.0,6,16,2067.0,3,0,1,6,11,1,0
MFI-02283,Kiosk Owner,Medical Emergency,67464.0,12,15,582.0,3,0,0,4,6,1,0
MFI-02284,Market Trader,Medical Emergency,38994.0,6,18,,0,0,0,3,7,1,1
MFI-02285,Food Vendor,Stock Purchase,10049.0,12,18,16604.0,3,0,1,5,7,1,0
MFI-02286,Kiosk Owner,School Fees,17992.0,9,21,2937.0,5,1,0,4,5,1,0
MFI-02287,Kiosk Owner,Stock Purchase,32826.0,9,19,2123.0,0,0,1,7,3,0,1
MFI-02288,Boda Boda Operator,Equipment,46625.0,6,17,,1,0,0,4,4,1,0
MFI-02289,Market Trader,Equipment,82691.0,6,14,6977.0,1,0,1,2,6,1,0
MFI-02290,Jua Kali Artisan,Equipment,17657.0,9,18,17634.0,1,0,0,0,35,0,0
MFI-02291,Food Vendor,Stock Purchase,25309.0,9,14,11778.0,2,0,1,3,4,0,0
MFI-02292,Boda Boda Operator,Business Expansion,73639.0,6,17,1308.0,2,0,1,3,14,1,0
MFI-02293,Jua Kali Artisan,School Fees,83780.0,12,21,19807.0,1,0,0,4,4,1,0
MFI-02294,Jua Kali Artisan,Medical Emergency,28038.0,12,18,13594.0,1,1,1,2,13,1,0
MFI-02295,Food Vendor,Business Expansion,23713.0,9,16,7876.0,2,0,1,3,4,1,0
MFI-02296,Food Vendor,Stock Purchase,54172.0,12,24,1584.0,2,0,1,6,9,1,1
MFI-02297,Jua Kali Artisan,School Fees,6926.0,3,18,1991.0,2,0,0,2,3,0,0
MFI-02298,Market Trader,Stock Purchase,35925.0,9,18,2282.0,2,0,1,4,36,0,0
MFI-02299,Food Vendor,Medical Emergency,35542.0,9,17,2875.0,0,0,1,4,1,1,0
MFI-02300,Kiosk Owner,Stock Purchase,24977.0,9,23,5958.0,1,0,1,5,57,0,0
MFI-02301,Market Trader,Stock Purchase,52960.0,9,18,,2,1,1,6,34,1,1
MFI-02302,Food Vendor,Business Expansion,86986.0,12,19,1362.0,3,0,0,4,19,0,0
MFI-02303,Kiosk Owner,Stock Purchase,16635.0,3,31,3906.0,1,0,1,3,7,1,0
MFI-02304,Food Vendor,Medical Emergency,20285.0,3,20,13167.0,3,0,1,4,2,0,0
MFI-02305,Food Vendor,Business Expansion,61876.0,3,17,3618.0,0,1,1,1,40,1,0
MFI-02306,Market Trader,Stock Purchase,11363.0,6,17,5926.0,3,0,1,4,21,0,0
MFI-02307,Kiosk Owner,Stock Purchase,23720.0,18,18,14747.0,2,0,1,4,14,1,0
MFI-02308,Jua Kali Artisan,Equipment,150000.0,6,21,2216.0,2,0,1,1,16,1,0
MFI-02309,Boda Boda Operator,Equipment,42248.0,9,18,1792.0,5,1,0,6,13,0,0
MFI-02310,Jua Kali Artisan,Business Expansion,28938.0,18,12,1627.0,3,0,1,5,14,0,0
MFI-02311,Kiosk Owner,Medical Emergency,9141.0,9,19,3723.0,3,0,1,3,5,0,0
MFI-02312,Boda Boda Operator,Stock Purchase,5296.0,6,13,2562.0,1,0,1,4,27,0,0
MFI-02313,Market Trader,School Fees,85016.0,12,23,25883.0,1,0,0,2,7,1,0
MFI-02314,Boda Boda Operator,Business Expansion,14318.0,9,23,6268.0,0,1,0,5,9,0,0
MFI-02315,Market Trader,Business Expansion,37661.0,18,19,9643.0,2,0,1,1,16,1,0
MFI-02316,Market Trader,Stock Purchase,100661.0,12,16,,1,0,1,4,102,0,0
MFI-02317,Jua Kali Artisan,Business Expansion,24381.0,18,16,4679.0,2,1,1,0,14,0,0
MFI-02318,Boda Boda Operator,School Fees,25141.0,12,22,3615.0,1,0,0,3,4,1,0
MFI-02319,Market Trader,Business Expansion,63378.0,6,18,5949.0,1,0,1,3,26,1,0
MFI-02320,Boda Boda Operator,Medical Emergency,107354.0,12,24,7201.0,2,0,1,4,6,1,1
MFI-02321,Kiosk Owner,School Fees,71505.0,9,17,3450.0,2,0,1,4,52,0,0
MFI-02322,Jua Kali Artisan,Medical Emergency,117744.0,3,23,3990.0,1,1,1,0,31,0,0
MFI-02323,Kiosk Owner,Equipment,5733.0,9,17,15195.0,2,0,0,5,2,1,0
MFI-02324,Boda Boda Operator,Equipment,50873.0,3,16,,3,0,1,1,8,0,0
MFI-02325,Food Vendor,Stock Purchase,101449.0,12,21,10101.0,0,0,1,2,9,0,0
MFI-02326,Boda Boda Operator,Stock Purchase,52065.0,6,16,6573.0,0,2,0,4,48,1,1
MFI-02327,Market Trader,Business Expansion,32366.0,12,32,10391.0,0,0,0,2,42,1,0
MFI-02328,Jua Kali Artisan,Equipment,13629.0,9,12,,3,0,0,5,48,1,0
MFI-02329,Food Vendor,Business Expansion,20194.0,12,21,13810.0,3,0,1,3,120,0,0
MFI-02330,Boda Boda Operator,Business Expansion,120532.0,6,18,2598.0,2,0,1,5,20,0,0
MFI-02331,Jua Kali Artisan,Medical Emergency,35279.0,9,19,8110.0,1,0,1,6,2,0,0
MFI-02332,Market Trader,School Fees,21935.0,12,29,8084.0,1,0,1,4,18,0,0
MFI-02333,Boda Boda Operator,Medical Emergency,10500.0,6,19,5747.0,1,1,0,2,17,0,0
MFI-02334,Kiosk Owner,Medical Emergency,52718.0,12,15,13713.0,3,1,1,1,16,1,0
MFI-02335,Food Vendor,Medical Emergency,19064.0,6,21,14837.0,1,0,1,0,1,1,0
MFI-02336,Jua Kali Artisan,School Fees,35396.0,12,11,9739.0,2,0,0,7,4,0,1
MFI-02337,Boda Boda Operator,Medical Emergency,144417.0,9,23,,4,0,1,5,5,1,0
MFI-02338,Jua Kali Artisan,Stock Purchase,68693.0,9,15,3292.0,1,0,1,6,50,1,1
MFI-02339,Food Vendor,Business Expansion,103541.0,6,19,3762.0,0,1,1,2,3,1,0
MFI-02340,Kiosk Owner,Medical Emergency,40741.0,12,24,6540.0,1,0,1,3,14,0,0
MFI-02341,Boda Boda Operator,Equipment,64238.0,3,18,4124.0,0,0,1,6,22,1,0
MFI-02342,Food Vendor,School Fees,105234.0,6,24,3413.0,2,1,1,3,7,1,0
MFI-02343,Market Trader,Business Expansion,18711.0,3,11,1135.0,3,1,1,2,8,0,0
MFI-02344,Boda Boda Operator,Medical Emergency,35262.0,18,19,10705.0,0,0,1,0,32,1,0
MFI-02345,Market Trader,School Fees,20925.0,9,25,4410.0,2,0,1,3,39,1,0
MFI-02346,Kiosk Owner,School Fees,22316.0,9,19,4644.0,2,0,1,1,29,1,0
MFI-02347,Kiosk Owner,Equipment,32260.0,6,18,1776.0,2,1,0,1,73,1,0
MFI-02348,Boda Boda Operator,School Fees,16934.0,9,20,3323.0,0,0,1,3,8,1,0
MFI-02349,Jua Kali Artisan,Business Expansion,27005.0,6,17,6228.0,1,1,1,4,120,0,0
MFI-02350,Jua Kali Artisan,School Fees,62868.0,18,13,,2,0,0,3,1,0,0
MFI-02351,Jua Kali Artisan,Medical Emergency,33618.0,6,17,4155.0,2,0,1,4,8,1,1
MFI-02352,Jua Kali Artisan,Stock Purchase,19524.0,18,17,3182.0,1,0,1,2,17,1,0
MFI-02353,Food Vendor,School Fees,68122.0,9,18,,2,0,1,4,10,1,0
MFI-02354,Boda Boda Operator,Business Expansion,17447.0,6,20,4105.0,2,1,1,5,4,1,0
MFI-02355,Jua Kali Artisan,Medical Emergency,15009.0,12,11,1279.0,3,0,1,1,36,0,0
MFI-02356,Kiosk Owner,School Fees,94917.0,9,13,,0,0,1,4,7,1,0
MFI-02357,Boda Boda Operator,School Fees,71417.0,6,22,418.0,0,0,1,1,24,0,0
MFI-02358,Jua Kali Artisan,Medical Emergency,27664.0,6,14,6088.0,3,0,1,3,29,1,0
MFI-02359,Market Trader,School Fees,150000.0,6,24,13903.0,1,1,1,4,3,0,0
MFI-02360,Boda Boda Operator,Medical Emergency,23101.0,6,9,4519.0,5,0,1,1,1,1,0
MFI-02361,Jua Kali Artisan,Equipment,62671.0,6,24,1239.0,1,0,1,1,88,1,0
MFI-02362,Food Vendor,Stock Purchase,10256.0,3,20,10818.0,2,1,0,5,37,1,0
MFI-02363,Market Trader,School Fees,16122.0,18,24,,1,1,1,7,11,0,1
MFI-02364,Market Trader,Equipment,82720.0,9,18,3509.0,2,1,0,3,31,1,0
MFI-02365,Kiosk Owner,Medical Emergency,113157.0,6,15,,0,1,0,4,33,0,1
MFI-02366,Jua Kali Artisan,Stock Purchase,32206.0,12,15,4398.0,1,0,0,2,37,0,1
MFI-02367,Jua Kali Artisan,School Fees,150000.0,6,12,5019.0,1,0,1,1,40,1,0
MFI-02368,Boda Boda Operator,Equipment,103489.0,9,19,16844.0,0,0,0,2,15,0,0
MFI-02369,Kiosk Owner,Medical Emergency,20805.0,18,18,1076.0,4,1,1,3,10,1,0
MFI-02370,Market Trader,School Fees,26834.0,12,25,,0,1,1,2,11,0,0
MFI-02371,Food Vendor,Equipment,11981.0,3,24,4945.0,1,3,1,4,15,0,1
MFI-02372,Jua Kali Artisan,Stock Purchase,25485.0,9,15,,3,0,0,1,9,1,0
MFI-02373,Market Trader,Stock Purchase,43975.0,12,22,2637.0,2,1,0,2,5,1,0
MFI-02374,Jua Kali Artisan,Equipment,37506.0,6,12,13401.0,4,0,0,1,34,0,0
MFI-02375,Jua Kali Artisan,Stock Purchase,37222.0,3,24,,1,1,1,5,51,0,1
MFI-02376,Food Vendor,Stock Purchase,80650.0,3,17,4086.0,0,0,0,1,50,1,1
MFI-02377,Food Vendor,Equipment,41494.0,18,22,2430.0,2,0,1,4,9,0,0
MFI-02378,Food Vendor,Medical Emergency,62819.0,12,13,5953.0,1,0,1,1,3,1,0
MFI-02379,Boda Boda Operator,Business Expansion,51914.0,12,19,2900.0,2,0,0,5,15,0,0
MFI-02380,Food Vendor,School Fees,45684.0,6,25,5850.0,0,0,0,1,6,0,0
MFI-02381,Food Vendor,Stock Purchase,75910.0,9,16,4639.0,3,0,1,4,15,1,0
MFI-02382,Food Vendor,Medical Emergency,68985.0,9,9,5089.0,1,0,1,2,21,0,0
MFI-02383,Food Vendor,Medical Emergency,14749.0,12,17,4419.0,3,0,0,5,42,0,0
MFI-02384,Kiosk Owner,Business Expansion,150000.0,6,19,5407.0,2,0,0,2,38,1,1
MFI-02385,Boda Boda Operator,Equipment,39989.0,9,11,6041.0,2,0,0,1,1,0,0
MFI-02386,Jua Kali Artisan,Stock Purchase,16974.0,9,20,5238.0,1,0,1,1,2,1,0
MFI-02387,Boda Boda Operator,School Fees,34475.0,6,20,,3,0,0,2,86,1,0
MFI-02388,Boda Boda Operator,Stock Purchase,44742.0,3,20,13489.0,1,2,1,7,9,0,0
MFI-02389,Boda Boda Operator,School Fees,58118.0,9,12,,0,1,1,3,51,1,1
MFI-02390,Food Vendor,School Fees,78313.0,9,18,42847.0,4,0,0,1,5,1,0
MFI-02391,Boda Boda Operator,Business Expansion,67129.0,3,14,2046.0,2,0,0,2,46,1,0
MFI-02392,Kiosk Owner,School Fees,150000.0,9,15,,3,0,0,8,2,1,0
MFI-02393,Jua Kali Artisan,Equipment,39521.0,9,16,791.0,2,0,0,3,4,1,0
MFI-02394,Boda Boda Operator,School Fees,31979.0,3,14,3631.0,3,0,1,3,40,1,0
MFI-02395,Jua Kali Artisan,Medical Emergency,11227.0,3,14,11861.0,2,2,0,2,51,0,0
MFI-02396,Market Trader,Medical Emergency,78905.0,18,22,1880.0,1,0,1,4,17,1,0
MFI-02397,Market Trader,Stock Purchase,59139.0,6,19,19267.0,2,2,1,0,5,0,0
MFI-02398,Boda Boda Operator,School Fees,23098.0,6,22,4124.0,5,0,0,6,30,1,0
MFI-02399,Kiosk Owner,Business Expansion,44104.0,6,14,1197.0,3,0,1,2,3,0,0
MFI-02400,Market Trader,School Fees,36021.0,9,15,,1,0,1,2,26,0,0
MFI-02401,Market Trader,School Fees,41778.0,9,20,,1,0,0,1,24,1,0
MFI-02402,Kiosk Owner,School Fees,29162.0,18,20,2885.0,3,0,1,3,15,0,0
MFI-02403,Food Vendor,Business Expansion,39754.0,6,16,24562.0,2,1,0,3,23,1,1
MFI-02404,Boda Boda Operator,Stock Purchase,10774.0,12,15,2456.0,1,0,1,4,27,1,0
MFI-02405,Market Trader,School Fees,26250.0,6,18,4394.0,1,1,1,4,20,0,0
MFI-02406,Kiosk Owner,Stock Purchase,46462.0,6,17,2606.0,0,1,1,1,2,1,0
MFI-02407,Market Trader,Business Expansion,20659.0,12,22,12309.0,0,0,1,1,2,0,0
MFI-02408,Jua Kali Artisan,Stock Purchase,49574.0,9,12,1103.0,1,2,0,3,103,1,0
MFI-02409,Market Trader,Stock Purchase,150000.0,6,20,625.0,1,1,1,1,41,1,1
MFI-02410,Jua Kali Artisan,Equipment,14419.0,18,21,2869.0,6,1,0,6,12,1,0
MFI-02411,Food Vendor,School Fees,8382.0,18,19,3958.0,1,0,1,5,35,1,0
MFI-02412,Kiosk Owner,Stock Purchase,95295.0,9,18,903.0,0,0,1,6,1,0,0
MFI-02413,Food Vendor,School Fees,150000.0,3,16,7550.0,1,0,1,1,17,1,0
MFI-02414,Jua Kali Artisan,Equipment,48874.0,3,9,9972.0,1,0,0,3,1,1,0
MFI-02415,Market Trader,Equipment,36499.0,9,22,3451.0,0,0,1,2,15,1,0
MFI-02416,Food Vendor,Stock Purchase,21669.0,12,16,2485.0,1,0,0,4,32,0,1
MFI-02417,Jua Kali Artisan,Stock Purchase,55904.0,12,10,21214.0,5,3,1,1,19,1,0
MFI-02418,Food Vendor,Equipment,35870.0,18,22,1615.0,2,0,0,4,9,1,1
MFI-02419,Jua Kali Artisan,Medical Emergency,71647.0,12,19,8359.0,0,1,1,2,36,1,1
MFI-02420,Market Trader,Stock Purchase,9226.0,12,15,3048.0,2,1,0,2,34,1,0
MFI-02421,Food Vendor,Medical Emergency,47176.0,12,10,,6,0,1,4,40,1,0
MFI-02422,Kiosk Owner,Business Expansion,18633.0,12,16,10816.0,3,0,0,4,22,1,0
MFI-02423,Food Vendor,Business Expansion,77486.0,6,18,6765.0,2,1,1,4,32,0,0
MFI-02424,Jua Kali Artisan,Business Expansion,14530.0,6,18,803.0,1,1,1,4,42,1,0
MFI-02425,Boda Boda Operator,Stock Purchase,60093.0,6,12,12253.0,1,0,1,1,12,0,0
MFI-02426,Market Trader,Stock Purchase,22795.0,6,17,722.0,1,0,1,1,16,0,0
MFI-02427,Food Vendor,Business Expansion,25647.0,6,13,9538.0,2,0,1,2,24,1,0
MFI-02428,Jua Kali Artisan,Medical Emergency,71663.0,18,23,7720.0,3,0,1,3,16,1,0
MFI-02429,Kiosk Owner,Stock Purchase,19205.0,18,16,3698.0,3,0,0,2,3,0,0
MFI-02430,Market Trader,Stock Purchase,10930.0,6,25,7809.0,5,1,1,5,120,1,0
MFI-02431,Market Trader,School Fees,38489.0,9,19,1613.0,5,0,1,2,52,0,0
MFI-02432,Kiosk Owner,School Fees,21399.0,18,20,,3,1,1,1,41,1,0
MFI-02433,Kiosk Owner,School Fees,12132.0,6,13,8541.0,3,1,1,0,57,0,0
MFI-02434,Jua Kali Artisan,Equipment,48053.0,12,19,,5,0,0,1,7,1,0
MFI-02435,Food Vendor,Stock Purchase,45797.0,6,24,21884.0,3,0,0,1,37,0,0
MFI-02436,Market Trader,Business Expansion,39874.0,6,22,3420.0,1,1,1,5,8,1,1
MFI-02437,Boda Boda Operator,Equipment,54511.0,18,21,1767.0,2,0,1,6,52,1,0
MFI-02438,Kiosk Owner,Equipment,7361.0,3,21,50000.0,2,0,1,3,4,1,0
MFI-02439,Kiosk Owner,Equipment,19723.0,6,20,1183.0,3,0,0,3,66,1,0
MFI-02440,Market Trader,Business Expansion,45344.0,9,22,5710.0,6,0,1,2,14,1,0
MFI-02441,Kiosk Owner,Equipment,83187.0,18,21,5472.0,2,0,0,4,9,1,1
MFI-02442,Kiosk Owner,School Fees,43999.0,9,15,10032.0,2,0,1,2,59,0,0
MFI-02443,Food Vendor,Equipment,92470.0,18,22,3509.0,0,0,0,2,41,1,0
MFI-02444,Jua Kali Artisan,Medical Emergency,21125.0,6,19,3738.0,1,0,1,2,30,1,0
MFI-02445,Jua Kali Artisan,School Fees,22212.0,9,19,4234.0,2,1,1,3,16,1,0
MFI-02446,Kiosk Owner,Stock Purchase,26974.0,3,19,29754.0,1,1,0,2,9,0,0
MFI-02447,Boda Boda Operator,Stock Purchase,33991.0,18,23,11678.0,1,0,1,3,4,0,0
MFI-02448,Kiosk Owner,School Fees,8777.0,6,19,2093.0,3,0,1,5,84,0,0
MFI-02449,Boda Boda Operator,Stock Purchase,35709.0,18,9,2897.0,3,0,0,2,15,1,0
MFI-02450,Boda Boda Operator,Business Expansion,35333.0,6,16,4310.0,2,2,1,3,47,1,0
MFI-02451,Boda Boda Operator,Business Expansion,22240.0,6,12,2007.0,0,0,1,6,16,1,0
MFI-02452,Boda Boda Operator,Equipment,19633.0,6,16,985.0,4,1,0,5,20,1,0
MFI-02453,Market Trader,Medical Emergency,45125.0,6,18,2488.0,2,0,1,5,15,1,0
MFI-02454,Kiosk Owner,Equipment,58184.0,18,23,1976.0,1,1,0,4,72,1,1
MFI-02455,Market Trader,Medical Emergency,40763.0,12,16,23775.0,0,2,1,2,5,1,1
MFI-02456,Boda Boda Operator,Stock Purchase,40705.0,6,21,5347.0,1,0,1,2,1,1,0
MFI-02457,Food Vendor,School Fees,35269.0,9,15,1098.0,3,1,0,5,21,1,0
MFI-02458,Jua Kali Artisan,Equipment,36762.0,9,20,3611.0,2,0,1,5,8,0,0
MFI-02459,Kiosk Owner,Business Expansion,62601.0,9,18,7620.0,0,0,1,0,10,1,0
MFI-02460,Kiosk Owner,Equipment,132858.0,18,19,10223.0,2,1,0,4,69,1,1
MFI-02461,Market Trader,Business Expansion,119877.0,3,17,5994.0,3,0,1,1,58,0,0
MFI-02462,Boda Boda Operator,School Fees,15261.0,3,16,8330.0,1,1,1,0,2,0,0
MFI-02463,Boda Boda Operator,School Fees,6709.0,9,20,4273.0,0,0,1,4,102,1,0
MFI-02464,Market Trader,School Fees,55511.0,12,21,4283.0,4,1,1,3,8,0,0
MFI-02465,Kiosk Owner,Equipment,36941.0,12,28,,0,0,0,2,2,0,0
MFI-02466,Market Trader,Business Expansion,34609.0,6,8,2693.0,2,0,1,3,6,1,0
MFI-02467,Jua Kali Artisan,Stock Purchase,49254.0,6,14,1395.0,3,1,1,3,45,1,0
MFI-02468,Kiosk Owner,Medical Emergency,29866.0,12,13,3172.0,1,0,0,2,51,1,0
MFI-02469,Boda Boda Operator,School Fees,9940.0,6,19,4409.0,2,0,1,2,10,1,0
MFI-02470,Food Vendor,Stock Purchase,14567.0,9,11,1026.0,1,0,1,1,24,1,0
MFI-02471,Food Vendor,Equipment,15298.0,6,24,8115.0,2,0,1,1,6,0,0
MFI-02472,Kiosk Owner,Medical Emergency,61904.0,12,18,2671.0,1,0,1,2,5,0,0
MFI-02473,Kiosk Owner,Stock Purchase,150000.0,18,18,,2,0,0,3,78,0,0
MFI-02474,Boda Boda Operator,Stock Purchase,24938.0,18,19,4814.0,2,0,0,3,46,0,1
MFI-02475,Food Vendor,School Fees,150000.0,9,16,2182.0,1,1,1,3,58,0,1
MFI-02476,Market Trader,Stock Purchase,7965.0,6,23,13549.0,2,0,1,4,51,1,0
MFI-02477,Market Trader,Stock Purchase,24193.0,3,23,1790.0,1,2,1,3,50,0,1
MFI-02478,Market Trader,Medical Emergency,42051.0,6,11,2860.0,4,0,1,2,15,0,0
MFI-02479,Market Trader,Medical Emergency,4715.0,9,16,6939.0,2,1,0,2,36,1,1
MFI-02480,Food Vendor,Equipment,122724.0,6,13,3398.0,0,0,1,3,19,1,0
MFI-02481,Food Vendor,School Fees,20878.0,9,16,,2,1,1,2,1,0,1
MFI-02482,Boda Boda Operator,School Fees,37307.0,9,13,,1,0,1,1,3,1,0
MFI-02483,Kiosk Owner,Stock Purchase,51977.0,12,18,,1,0,0,2,11,1,0
MFI-02484,Food Vendor,School Fees,10170.0,12,20,2879.0,1,0,0,6,9,1,0
MFI-02485,Food Vendor,School Fees,150000.0,3,22,1477.0,2,0,1,0,21,1,0
MFI-02486,Kiosk Owner,Business Expansion,40415.0,18,18,3820.0,0,0,1,1,10,0,0
MFI-02487,Jua Kali Artisan,Stock Purchase,27654.0,6,18,4247.0,0,0,1,0,14,1,0
MFI-02488,Market Trader,Business Expansion,14931.0,6,19,8731.0,3,0,1,5,13,0,0
MFI-02489,Food Vendor,Equipment,42778.0,18,20,,3,1,0,4,12,0,0
MFI-02490,Food Vendor,Medical Emergency,10293.0,3,13,26888.0,1,1,0,4,16,1,1
MFI-02491,Market Trader,School Fees,40594.0,6,17,2859.0,0,0,0,5,45,1,1
MFI-02492,Food Vendor,School Fees,111006.0,18,21,27638.0,2,0,0,2,19,0,0
MFI-02493,Kiosk Owner,Business Expansion,92243.0,9,16,6021.0,1,2,1,4,41,1,0
MFI-02494,Food Vendor,School Fees,23285.0,18,19,8667.0,2,0,0,3,5,0,0
MFI-02495,Boda Boda Operator,Medical Emergency,29066.0,6,17,11229.0,0,1,1,2,19,0,0
MFI-02496,Food Vendor,Stock Purchase,56001.0,6,15,3247.0,1,0,0,2,30,1,0
MFI-02497,Market Trader,Business Expansion,93491.0,3,18,1266.0,0,0,1,3,11,0,0
MFI-02498,Kiosk Owner,School Fees,123797.0,9,15,,4,0,1,4,40,1,0
MFI-02499,Food Vendor,Medical Emergency,133735.0,3,17,43030.0,3,0,1,1,24,0,0
MFI-02500,Jua Kali Artisan,School Fees,17217.0,6,17,4968.0,0,0,0,2,1,1,1
MFI-02501,Kiosk Owner,School Fees,66337.0,12,25,5201.0,3,0,1,3,41,0,0
MFI-02502,Kiosk Owner,Stock Purchase,12007.0,12,23,6858.0,0,1,0,4,4,0,0
MFI-02503,Jua Kali Artisan,Business Expansion,25070.0,6,15,1141.0,1,0,0,2,46,1,0
MFI-02504,Food Vendor,Business Expansion,14194.0,3,12,15939.0,4,0,1,3,32,1,0
MFI-02505,Boda Boda Operator,Medical Emergency,14435.0,3,21,1420.0,1,0,0,2,30,1,0
MFI-02506,Market Trader,Business Expansion,44072.0,6,20,21931.0,0,0,0,3,29,0,0
MFI-02507,Kiosk Owner,Equipment,20879.0,3,17,,2,0,1,2,7,1,0
MFI-02508,Boda Boda Operator,Stock Purchase,45674.0,6,19,17672.0,1,0,1,4,108,1,0
MFI-02509,Market Trader,School Fees,13808.0,9,13,825.0,1,1,1,0,21,1,0
MFI-02510,Market Trader,Business Expansion,53489.0,3,20,,0,1,1,2,21,1,0
MFI-02511,Food Vendor,Equipment,25742.0,12,14,5937.0,2,0,1,2,39,0,0
MFI-02512,Boda Boda Operator,Business Expansion,28757.0,3,12,,1,0,1,1,3,1,0
MFI-02513,Kiosk Owner,School Fees,12831.0,12,18,15470.0,4,1,1,4,47,0,0
MFI-02514,Kiosk Owner,Business Expansion,82058.0,6,14,10698.0,1,0,0,3,22,1,0
MFI-02515,Food Vendor,School Fees,40635.0,9,23,5871.0,3,1,1,2,2,0,0
MFI-02516,Kiosk Owner,Medical Emergency,55929.0,9,20,564.0,7,1,1,1,18,0,0
MFI-02517,Market Trader,Business Expansion,13079.0,6,23,3567.0,4,0,0,3,52,0,0
MFI-02518,Food Vendor,Stock Purchase,62353.0,9,25,12164.0,1,0,0,3,59,0,0
MFI-02519,Market Trader,School Fees,37531.0,6,22,2627.0,1,0,1,5,24,1,1
MFI-02520,Market Trader,Stock Purchase,24421.0,9,20,6658.0,2,0,1,2,18,0,0
MFI-02521,Jua Kali Artisan,Medical Emergency,109263.0,12,16,9425.0,0,0,1,2,17,1,0
MFI-02522,Jua Kali Artisan,Stock Purchase,50366.0,6,17,17292.0,2,0,0,2,4,0,0
MFI-02523,Food Vendor,Stock Purchase,52159.0,3,16,6136.0,3,0,1,3,5,0,0
MFI-02524,Market Trader,Medical Emergency,7541.0,9,12,1955.0,1,0,0,1,29,0,0
MFI-02525,Food Vendor,Business Expansion,86249.0,18,11,,3,0,1,2,29,1,0
MFI-02526,Jua Kali Artisan,Medical Emergency,51951.0,6,15,,2,0,0,4,1,0,0
MFI-02527,Food Vendor,Equipment,97750.0,12,17,,2,2,1,2,10,1,1
MFI-02528,Boda Boda Operator,School Fees,22603.0,9,20,2593.0,1,0,0,2,31,0,0
MFI-02529,Food Vendor,School Fees,20523.0,6,24,1341.0,2,0,1,4,4,1,0
MFI-02530,Boda Boda Operator,Business Expansion,132181.0,9,22,1409.0,1,0,0,4,33,0,0
MFI-02531,Food Vendor,Medical Emergency,78176.0,6,22,20358.0,0,0,1,6,11,0,0
MFI-02532,Boda Boda Operator,School Fees,11581.0,6,17,4723.0,3,0,1,3,67,0,0
MFI-02533,Boda Boda Operator,School Fees,36790.0,6,19,10166.0,3,0,0,2,64,0,0
MFI-02534,Boda Boda Operator,Stock Purchase,82298.0,6,22,38645.0,3,0,0,1,5,0,0
MFI-02535,Boda Boda Operator,Medical Emergency,41870.0,12,11,,1,0,0,5,40,1,0
MFI-02536,Kiosk Owner,Stock Purchase,23392.0,6,20,,4,1,1,6,10,1,0
MFI-02537,Kiosk Owner,Equipment,21269.0,18,17,1717.0,1,1,0,2,11,0,1
MFI-02538,Food Vendor,Equipment,38235.0,3,12,4937.0,2,0,1,1,46,0,0
MFI-02539,Jua Kali Artisan,Equipment,82207.0,3,14,2021.0,3,0,1,4,17,0,0
MFI-02540,Market Trader,Business Expansion,16379.0,3,20,1691.0,2,1,1,2,30,0,1
MFI-02541,Kiosk Owner,Medical Emergency,6585.0,12,15,2676.0,2,0,0,5,9,1,1
MFI-02542,Boda Boda Operator,Business Expansion,26253.0,3,15,2329.0,3,0,0,1,36,0,0
MFI-02543,Kiosk Owner,Equipment,52058.0,9,14,,3,2,1,5,31,1,1
MFI-02544,Boda Boda Operator,Business Expansion,62161.0,12,20,5365.0,2,0,1,4,75,0,0
MFI-02545,Jua Kali Artisan,School Fees,16139.0,9,14,6790.0,3,1,1,4,5,0,1
MFI-02546,Kiosk Owner,Business Expansion,45061.0,3,17,,0,0,0,2,7,1,0
MFI-02547,Market Trader,Medical Emergency,21788.0,12,19,8648.0,1,0,0,4,120,1,0
MFI-02548,Market Trader,Stock Purchase,65410.0,6,17,34709.0,0,0,0,3,24,1,0
MFI-02549,Kiosk Owner,Medical Emergency,32679.0,3,23,40649.0,0,0,0,6,3,1,0
MFI-02550,Kiosk Owner,Stock Purchase,71019.0,12,15,3001.0,2,0,1,2,32,1,0
MFI-02551,Market Trader,Business Expansion,38324.0,3,23,6332.0,0,0,1,3,4,0,0
MFI-02552,Jua Kali Artisan,Business Expansion,54178.0,9,23,,1,1,0,5,17,1,1
MFI-02553,Food Vendor,Medical Emergency,25484.0,6,17,1775.0,2,0,1,2,73,0,0
MFI-02554,Kiosk Owner,Stock Purchase,20578.0,6,31,12293.0,1,0,1,3,17,1,0
MFI-02555,Kiosk Owner,Equipment,28925.0,12,10,11226.0,1,0,0,3,22,1,0
MFI-02556,Market Trader,Equipment,59474.0,3,25,9939.0,4,0,1,1,13,0,0
MFI-02557,Market Trader,Business Expansion,150000.0,12,26,,3,0,0,1,40,1,0
MFI-02558,Market Trader,Business Expansion,99520.0,12,21,,2,1,0,0,5,1,1
MFI-02559,Market Trader,School Fees,122514.0,12,20,18243.0,1,0,0,6,17,1,1
MFI-02560,Kiosk Owner,Business Expansion,33399.0,9,15,17341.0,1,0,0,2,10,0,0
MFI-02561,Boda Boda Operator,Business Expansion,23637.0,6,17,573.0,2,0,0,6,46,1,1
MFI-02562,Market Trader,School Fees,6229.0,3,13,,1,2,1,3,15,0,0
MFI-02563,Jua Kali Artisan,School Fees,22506.0,6,18,8099.0,1,0,1,4,6,0,0
MFI-02564,Jua Kali Artisan,Medical Emergency,12045.0,12,10,50000.0,3,1,0,2,54,1,0
MFI-02565,Kiosk Owner,Business Expansion,67164.0,3,21,,0,1,0,4,19,0,0
MFI-02566,Market Trader,Equipment,31027.0,6,24,,2,1,0,1,44,1,1
MFI-02567,Food Vendor,Business Expansion,12634.0,12,14,3816.0,1,0,1,2,12,0,0
MFI-02568,Market Trader,Business Expansion,56236.0,6,13,4552.0,1,1,0,3,76,0,1
MFI-02569,Kiosk Owner,Stock Purchase,46795.0,6,21,22973.0,1,1,1,2,28,1,0
MFI-02570,Food Vendor,Stock Purchase,14662.0,12,9,5496.0,2,0,0,4,74,1,0
MFI-02571,Kiosk Owner,Medical Emergency,121858.0,6,15,21923.0,0,0,1,1,8,0,0
MFI-02572,Boda Boda Operator,Equipment,19889.0,12,9,3976.0,1,0,1,3,22,1,0
MFI-02573,Jua Kali Artisan,Stock Purchase,58528.0,6,19,,1,0,1,1,5,1,0
MFI-02574,Kiosk Owner,Equipment,32863.0,18,14,810.0,2,1,1,3,1,1,0
MFI-02575,Market Trader,School Fees,135653.0,3,17,2773.0,2,1,0,2,4,1,1
MFI-02576,Market Trader,Business Expansion,75884.0,12,16,3631.0,2,0,0,4,32,1,0
MFI-02577,Kiosk Owner,Medical Emergency,15085.0,3,20,4704.0,3,0,1,5,48,1,0
MFI-02578,Jua Kali Artisan,Equipment,150000.0,12,24,4423.0,2,0,0,4,2,1,0
MFI-02579,Kiosk Owner,Stock Purchase,13181.0,3,22,4229.0,1,0,1,3,11,0,0
MFI-02580,Kiosk Owner,Business Expansion,15562.0,9,13,17270.0,3,0,0,3,18,0,0
MFI-02581,Market Trader,Business Expansion,133087.0,6,11,,2,0,0,4,15,1,1
MFI-02582,Market Trader,Business Expansion,35523.0,9,14,9447.0,1,0,1,2,2,0,0
MFI-02583,Market Trader,Medical Emergency,46617.0,3,22,,4,0,1,1,8,0,0
MFI-02584,Jua Kali Artisan,School Fees,50941.0,12,20,3610.0,4,1,0,4,15,1,1
MFI-02585,Market Trader,Business Expansion,15346.0,12,18,41930.0,1,0,1,4,1,1,0
MFI-02586,Food Vendor,Business Expansion,150000.0,6,14,9174.0,5,1,1,3,20,1,0
MFI-02587,Food Vendor,Business Expansion,150000.0,9,18,4367.0,1,0,0,3,32,1,0
MFI-02588,Kiosk Owner,School Fees,8146.0,9,13,9202.0,3,0,0,4,5,1,0
MFI-02589,Kiosk Owner,Stock Purchase,25339.0,9,14,,3,0,0,4,16,1,0
MFI-02590,Boda Boda Operator,Equipment,62560.0,9,17,4494.0,0,0,0,2,14,0,0
MFI-02591,Food Vendor,Business Expansion,33208.0,6,26,1848.0,1,1,1,3,10,0,0
MFI-02592,Jua Kali Artisan,Business Expansion,23514.0,12,24,3362.0,1,0,1,4,30,1,0
MFI-02593,Kiosk Owner,Stock Purchase,56925.0,9,16,224.0,2,0,1,3,35,0,1
MFI-02594,Kiosk Owner,School Fees,61560.0,12,20,2639.0,3,0,1,1,7,0,0
MFI-02595,Jua Kali Artisan,School Fees,140592.0,18,14,,2,0,0,3,110,1,0
MFI-02596,Food Vendor,Equipment,9069.0,3,16,6617.0,5,1,1,5,16,1,0
MFI-02597,Boda Boda Operator,School Fees,16207.0,6,20,3765.0,0,0,1,2,79,0,0
MFI-02598,Jua Kali Artisan,School Fees,19867.0,9,35,7940.0,0,0,0,3,2,1,0
MFI-02599,Boda Boda Operator,Stock Purchase,150000.0,3,18,12915.0,1,1,0,3,43,1,1
MFI-02600,Boda Boda Operator,Stock Purchase,121537.0,6,20,5596.0,1,0,1,3,21,1,0
MFI-02601,Kiosk Owner,Stock Purchase,45255.0,3,19,3797.0,2,0,1,3,75,0,0
MFI-02602,Food Vendor,Equipment,33951.0,9,17,,5,1,1,1,25,1,0
MFI-02603,Boda Boda Operator,School Fees,51672.0,9,17,2027.0,2,0,0,4,28,0,0
MFI-02604,Jua Kali Artisan,Stock Purchase,92939.0,3,15,11055.0,4,0,0,3,25,1,0
MFI-02605,Food Vendor,Medical Emergency,29653.0,6,18,39264.0,1,0,0,5,4,0,1
MFI-02606,Market Trader,Business Expansion,45207.0,6,17,1392.0,2,0,0,3,23,0,1
MFI-02607,Market Trader,Medical Emergency,27737.0,6,13,2861.0,2,0,0,3,12,0,0
MFI-02608,Jua Kali Artisan,Equipment,11893.0,3,13,,1,1,1,3,31,0,0
MFI-02609,Market Trader,School Fees,8676.0,6,18,3622.0,3,1,1,2,10,1,0
MFI-02610,Food Vendor,School Fees,20894.0,3,12,9216.0,5,1,0,2,33,1,0
MFI-02611,Food Vendor,Business Expansion,26957.0,3,16,2073.0,0,0,1,3,77,0,0
MFI-02612,Kiosk Owner,Equipment,51499.0,6,18,624.0,1,0,0,3,3,0,0
MFI-02613,Food Vendor,Equipment,45019.0,6,15,12592.0,0,2,0,4,18,0,1
MFI-02614,Boda Boda Operator,Medical Emergency,11934.0,18,18,10610.0,0,0,1,5,25,1,1
MFI-02615,Kiosk Owner,Equipment,36591.0,3,27,,2,0,0,4,13,1,0
MFI-02616,Boda Boda Operator,School Fees,23464.0,12,20,34991.0,3,1,0,2,40,0,0
MFI-02617,Food Vendor,School Fees,29746.0,6,15,3046.0,1,1,0,3,51,1,1
MFI-02618,Kiosk Owner,School Fees,38724.0,9,15,31406.0,0,0,1,2,18,1,0
MFI-02619,Jua Kali Artisan,School Fees,101197.0,6,13,22501.0,3,0,1,1,14,0,0
MFI-02620,Jua Kali Artisan,Medical Emergency,25133.0,9,15,3659.0,2,1,0,3,32,0,1
MFI-02621,Jua Kali Artisan,School Fees,139052.0,12,23,1534.0,1,0,1,2,3,0,0
MFI-02622,Kiosk Owner,School Fees,12835.0,3,24,1846.0,1,0,1,1,22,1,0
MFI-02623,Food Vendor,Business Expansion,17998.0,6,19,9740.0,1,0,1,7,7,0,0
MFI-02624,Food Vendor,Medical Emergency,33624.0,6,14,,4,0,0,1,74,1,0
MFI-02625,Kiosk Owner,Medical Emergency,14253.0,3,13,6197.0,1,0,1,4,21,0,0
MFI-02626,Kiosk Owner,Equipment,12636.0,3,13,3956.0,2,0,1,4,52,1,0
MFI-02627,Market Trader,Equipment,38516.0,12,18,6374.0,2,0,0,3,8,1,0
MFI-02628,Market Trader,Stock Purchase,12586.0,12,18,12294.0,1,0,1,3,17,1,0
MFI-02629,Kiosk Owner,School Fees,16854.0,6,19,7377.0,3,0,1,5,6,1,0
MFI-02630,Jua Kali Artisan,School Fees,33998.0,9,17,11734.0,0,0,0,2,36,0,0
MFI-02631,Food Vendor,Business Expansion,141822.0,18,15,33601.0,4,0,1,3,15,0,0
MFI-02632,Jua Kali Artisan,Medical Emergency,31146.0,6,21,723.0,2,0,1,1,4,1,1
MFI-02633,Boda Boda Operator,Medical Emergency,40310.0,6,18,6487.0,2,0,1,6,5,0,0
MFI-02634,Boda Boda Operator,Business Expansion,14476.0,12,15,,2,0,1,5,36,0,0
MFI-02635,Boda Boda Operator,Medical Emergency,15698.0,3,18,4971.0,3,2,1,3,2,1,0
MFI-02636,Jua Kali Artisan,Business Expansion,5804.0,9,23,,2,1,1,2,16,1,0
MFI-02637,Market Trader,School Fees,16532.0,9,23,,3,0,0,5,7,0,0
MFI-02638,Boda Boda Operator,School Fees,66967.0,12,22,2965.0,2,0,1,3,62,1,0
MFI-02639,Kiosk Owner,Business Expansion,22926.0,9,12,9939.0,3,0,1,3,6,0,0
MFI-02640,Food Vendor,School Fees,40977.0,9,15,,0,0,1,3,4,1,0
MFI-02641,Market Trader,Equipment,43415.0,12,15,1635.0,0,2,1,4,14,1,1
MFI-02642,Boda Boda Operator,Equipment,65436.0,9,15,7078.0,2,2,1,2,27,0,1
MFI-02643,Food Vendor,Stock Purchase,136985.0,18,21,821.0,3,0,1,4,28,1,0
MFI-02644,Food Vendor,Business Expansion,59022.0,9,14,,0,1,0,3,25,0,0
MFI-02645,Market Trader,Medical Emergency,30012.0,12,25,12703.0,1,0,0,7,9,1,0
MFI-02646,Jua Kali Artisan,Medical Emergency,68696.0,6,22,7973.0,4,0,1,2,1,1,0
MFI-02647,Food Vendor,Stock Purchase,46317.0,18,23,19208.0,2,0,1,2,26,0,0
MFI-02648,Market Trader,Equipment,6059.0,6,15,,2,0,1,2,55,0,0
MFI-02649,Boda Boda Operator,Business Expansion,13912.0,6,15,857.0,0,1,0,4,9,0,1
MFI-02650,Market Trader,Stock Purchase,30335.0,18,16,32194.0,0,1,1,4,4,1,0
MFI-02651,Jua Kali Artisan,Equipment,22740.0,6,18,1117.0,1,0,0,4,9,1,0
MFI-02652,Boda Boda Operator,Business Expansion,32913.0,6,18,31204.0,1,0,0,2,19,1,0
MFI-02653,Jua Kali Artisan,School Fees,5212.0,9,20,9692.0,5,1,0,1,35,0,0
MFI-02654,Food Vendor,Equipment,71182.0,12,20,7081.0,1,1,1,2,27,0,0
MFI-02655,Market Trader,Business Expansion,34890.0,6,16,27551.0,4,2,1,5,20,1,0
MFI-02656,Kiosk Owner,Equipment,96087.0,12,23,,0,0,0,4,50,0,0
MFI-02657,Jua Kali Artisan,Equipment,37071.0,6,9,13034.0,2,1,1,2,35,0,0
MFI-02658,Market Trader,Stock Purchase,42653.0,6,26,,3,0,1,3,5,1,0
MFI-02659,Kiosk Owner,School Fees,15857.0,9,15,2628.0,1,1,0,3,32,1,0
MFI-02660,Kiosk Owner,Business Expansion,13848.0,6,12,1731.0,1,0,1,4,7,1,0
MFI-02661,Market Trader,Equipment,40383.0,9,18,40482.0,1,0,1,3,103,0,0
MFI-02662,Boda Boda Operator,Medical Emergency,36380.0,3,17,22589.0,4,0,0,4,8,1,0
MFI-02663,Kiosk Owner,School Fees,9766.0,6,22,4337.0,1,0,1,2,2,1,0
MFI-02664,Market Trader,Equipment,77039.0,18,20,,1,0,0,2,24,0,0
MFI-02665,Market Trader,Medical Emergency,37796.0,12,12,24513.0,0,1,0,4,24,0,0
MFI-02666,Boda Boda Operator,Stock Purchase,24224.0,3,13,12680.0,2,1,1,2,34,1,0
MFI-02667,Market Trader,Business Expansion,18112.0,12,15,14508.0,3,1,1,1,40,0,0
MFI-02668,Jua Kali Artisan,School Fees,66514.0,6,15,18498.0,2,0,0,4,87,1,0
MFI-02669,Jua Kali Artisan,School Fees,20814.0,12,18,16401.0,1,1,0,3,35,0,0
MFI-02670,Boda Boda Operator,Business Expansion,43869.0,6,22,,0,0,1,5,46,1,0
MFI-02671,Food Vendor,Equipment,31741.0,9,24,11506.0,2,0,1,2,66,1,0
MFI-02672,Market Trader,Business Expansion,23760.0,18,27,1314.0,1,0,1,2,7,1,0
MFI-02673,Jua Kali Artisan,Business Expansion,12856.0,6,21,3516.0,2,1,1,5,5,1,0
MFI-02674,Jua Kali Artisan,School Fees,102846.0,12,21,8144.0,2,0,1,4,19,1,1
MFI-02675,Market Trader,Equipment,16251.0,12,20,6888.0,0,0,1,4,11,0,0
MFI-02676,Market Trader,Business Expansion,18228.0,6,19,11051.0,0,0,1,5,1,0,0
MFI-02677,Kiosk Owner,Equipment,105980.0,6,19,,2,1,1,4,41,1,0
MFI-02678,Boda Boda Operator,Stock Purchase,33472.0,3,17,1154.0,0,0,1,3,6,0,0
MFI-02679,Kiosk Owner,School Fees,46908.0,6,14,6622.0,0,1,1,2,14,1,0
MFI-02680,Boda Boda Operator,School Fees,121939.0,9,11,811.0,4,1,1,1,36,1,0
MFI-02681,Kiosk Owner,Stock Purchase,119584.0,18,18,897.0,3,0,1,2,21,0,0
MFI-02682,Boda Boda Operator,Business Expansion,23409.0,6,24,8375.0,1,0,0,6,93,1,0
MFI-02683,Market Trader,Stock Purchase,91269.0,18,18,1948.0,1,0,0,2,44,1,0
MFI-02684,Boda Boda Operator,Stock Purchase,10069.0,6,15,3217.0,3,0,1,4,43,1,0
MFI-02685,Jua Kali Artisan,School Fees,8896.0,9,21,8089.0,2,1,0,3,38,1,1
MFI-02686,Food Vendor,Medical Emergency,37632.0,18,21,2838.0,0,0,1,4,33,1,0
MFI-02687,Jua Kali Artisan,School Fees,33944.0,9,14,7444.0,1,0,1,1,21,1,0
MFI-02688,Boda Boda Operator,Stock Purchase,60964.0,6,26,,1,0,1,4,36,0,0
MFI-02689,Boda Boda Operator,School Fees,56053.0,9,28,2120.0,1,1,1,4,22,1,1
MFI-02690,Boda Boda Operator,Medical Emergency,63151.0,9,16,2815.0,2,0,0,5,14,0,1
MFI-02691,Food Vendor,Stock Purchase,130857.0,3,17,9278.0,2,1,0,1,18,0,0
MFI-02692,Food Vendor,School Fees,150000.0,6,16,3180.0,3,0,1,4,19,1,0
MFI-02693,Kiosk Owner,Business Expansion,73282.0,9,22,9221.0,3,0,0,2,101,1,1
MFI-02694,Boda Boda Operator,Stock Purchase,35689.0,12,23,8226.0,1,1,1,4,16,0,0
MFI-02695,Kiosk Owner,Medical Emergency,30809.0,3,16,3537.0,2,0,0,1,35,1,0
MFI-02696,Jua Kali Artisan,School Fees,35897.0,12,17,18545.0,1,0,0,1,22,1,0
MFI-02697,Food Vendor,Stock Purchase,22943.0,6,15,1481.0,0,1,0,5,15,0,1
MFI-02698,Market Trader,School Fees,76032.0,12,23,9055.0,5,0,1,6,52,1,0
MFI-02699,Food Vendor,Equipment,83497.0,12,15,593.0,0,0,1,3,26,1,1
MFI-02700,Kiosk Owner,Stock Purchase,21861.0,12,29,5397.0,2,0,1,5,45,0,0
MFI-02701,Market Trader,Stock Purchase,31814.0,18,20,5222.0,1,0,1,6,59,1,0
MFI-02702,Market Trader,Equipment,8821.0,18,16,,4,1,1,3,29,1,0
MFI-02703,Market Trader,School Fees,33775.0,9,11,22795.0,3,0,0,4,5,1,0
MFI-02704,Food Vendor,Business Expansion,37452.0,12,17,1642.0,1,0,1,3,46,1,0
MFI-02705,Boda Boda Operator,Business Expansion,14976.0,12,17,3507.0,1,1,0,2,2,1,1
MFI-02706,Market Trader,Business Expansion,23805.0,9,11,16001.0,2,0,1,5,3,0,1
MFI-02707,Jua Kali Artisan,Equipment,14436.0,12,25,6160.0,2,0,0,2,14,0,0
MFI-02708,Jua Kali Artisan,Medical Emergency,10306.0,9,20,3338.0,2,1,0,4,1,0,1
MFI-02709,Market Trader,Stock Purchase,118825.0,12,9,2700.0,3,0,1,4,1,1,0
MFI-02710,Jua Kali Artisan,Medical Emergency,10326.0,12,15,5020.0,2,0,1,5,116,1,0
MFI-02711,Jua Kali Artisan,Stock Purchase,39786.0,9,16,3329.0,2,0,1,4,29,0,0
MFI-02712,Jua Kali Artisan,Medical Emergency,79281.0,9,21,5518.0,2,0,0,6,36,1,0
MFI-02713,Kiosk Owner,Medical Emergency,113252.0,9,13,2574.0,2,0,1,1,48,1,0
MFI-02714,Kiosk Owner,Equipment,15537.0,6,15,11929.0,1,0,0,2,1,1,0
MFI-02715,Jua Kali Artisan,Equipment,100949.0,9,16,2612.0,3,1,1,2,13,1,0
MFI-02716,Boda Boda Operator,Medical Emergency,41319.0,12,20,1107.0,3,0,1,4,46,1,0
MFI-02717,Jua Kali Artisan,Stock Purchase,57434.0,6,18,,1,0,0,3,34,1,0
MFI-02718,Kiosk Owner,School Fees,148395.0,9,13,13383.0,2,1,1,4,3,1,0
MFI-02719,Market Trader,Medical Emergency,59207.0,3,25,2507.0,2,0,0,4,67,1,0
MFI-02720,Jua Kali Artisan,Equipment,17278.0,3,21,2030.0,0,0,1,4,43,0,0
MFI-02721,Food Vendor,Stock Purchase,7015.0,12,15,9773.0,3,0,1,3,12,1,0
MFI-02722,Kiosk Owner,School Fees,60588.0,18,19,2576.0,2,0,1,3,66,1,0
MFI-02723,Kiosk Owner,Medical Emergency,50297.0,9,11,13893.0,2,0,0,1,40,0,1
MFI-02724,Kiosk Owner,Equipment,19231.0,9,16,8257.0,3,0,1,7,4,1,0
MFI-02725,Market Trader,Business Expansion,42057.0,6,21,6570.0,2,0,1,4,11,1,0
MFI-02726,Food Vendor,Stock Purchase,12279.0,9,13,5941.0,1,0,1,3,12,1,0
MFI-02727,Food Vendor,School Fees,48423.0,12,22,,0,0,0,2,66,1,0
MFI-02728,Food Vendor,Equipment,12431.0,6,19,4022.0,2,0,1,4,15,1,0
MFI-02729,Kiosk Owner,Business Expansion,95580.0,9,17,5659.0,2,1,1,3,17,0,0
MFI-02730,Jua Kali Artisan,Medical Emergency,150000.0,12,23,2306.0,1,0,1,2,4,1,0
MFI-02731,Jua Kali Artisan,Stock Purchase,45762.0,3,23,9001.0,0,1,1,0,7,1,0
MFI-02732,Food Vendor,School Fees,49518.0,6,20,2072.0,2,0,1,4,8,1,0
MFI-02733,Kiosk Owner,Equipment,58111.0,9,18,16665.0,0,0,1,3,44,1,0
MFI-02734,Jua Kali Artisan,Medical Emergency,45321.0,9,26,18367.0,2,1,1,3,12,1,1
MFI-02735,Boda Boda Operator,Equipment,15105.0,12,19,933.0,4,0,1,4,11,1,0
MFI-02736,Jua Kali Artisan,Business Expansion,112462.0,6,17,13716.0,1,0,1,2,20,1,0
MFI-02737,Jua Kali Artisan,Medical Emergency,52059.0,9,14,1419.0,4,0,1,3,7,0,0
MFI-02738,Boda Boda Operator,Equipment,56839.0,6,23,3191.0,2,0,0,1,1,1,1
MFI-02739,Jua Kali Artisan,Stock Purchase,81387.0,6,16,4805.0,0,1,1,5,19,1,0
MFI-02740,Market Trader,Stock Purchase,78593.0,3,20,3130.0,0,0,1,5,11,1,0
MFI-02741,Kiosk Owner,School Fees,97495.0,3,21,3442.0,0,0,1,3,15,0,0
MFI-02742,Market Trader,Stock Purchase,52236.0,12,22,11045.0,3,0,1,2,26,1,0
MFI-02743,Market Trader,Stock Purchase,18262.0,9,14,14334.0,1,1,0,2,49,1,1
MFI-02744,Kiosk Owner,School Fees,50689.0,12,13,4384.0,3,0,0,7,9,1,0
MFI-02745,Market Trader,Medical Emergency,35591.0,12,28,4902.0,2,0,0,7,51,1,0
MFI-02746,Jua Kali Artisan,Equipment,18036.0,12,18,9239.0,3,0,1,2,24,0,0
MFI-02747,Food Vendor,Medical Emergency,115989.0,18,12,1715.0,1,0,0,3,67,1,0
MFI-02748,Food Vendor,Equipment,32205.0,6,16,5105.0,3,1,1,4,20,1,0
MFI-02749,Market Trader,Stock Purchase,43594.0,3,14,3930.0,1,0,1,1,34,1,0
MFI-02750,Food Vendor,Business Expansion,20280.0,9,17,6517.0,0,1,0,4,1,0,1
MFI-02751,Market Trader,School Fees,34770.0,18,19,1531.0,0,1,0,1,1,1,1
MFI-02752,Kiosk Owner,Medical Emergency,76458.0,6,26,7079.0,0,0,1,2,2,1,0
MFI-02753,Boda Boda Operator,Equipment,150000.0,9,18,6527.0,1,0,1,3,48,1,0
MFI-02754,Market Trader,Business Expansion,11292.0,6,22,,3,1,0,1,4,1,0
MFI-02755,Boda Boda Operator,Equipment,36967.0,9,23,,3,0,0,2,5,0,0
MFI-02756,Jua Kali Artisan,School Fees,2968.0,6,12,49752.0,2,0,1,1,2,1,0
MFI-02757,Kiosk Owner,Medical Emergency,25761.0,18,20,33645.0,1,0,1,5,48,0,0
MFI-02758,Food Vendor,School Fees,39887.0,12,15,17735.0,1,0,1,6,2,1,0
MFI-02759,Market Trader,Medical Emergency,41376.0,12,11,,1,0,0,2,27,1,0
MFI-02760,Market Trader,School Fees,134633.0,6,14,13149.0,0,0,1,7,11,1,0
MFI-02761,Jua Kali Artisan,Medical Emergency,30278.0,12,16,,1,1,1,4,8,0,1
MFI-02762,Kiosk Owner,Stock Purchase,126688.0,9,22,641.0,3,0,1,6,41,1,0
MFI-02763,Boda Boda Operator,Medical Emergency,44247.0,12,18,,4,0,1,4,11,0,0
MFI-02764,Kiosk Owner,Stock Purchase,24141.0,12,20,1859.0,2,0,1,5,1,1,0
MFI-02765,Jua Kali Artisan,Business Expansion,42299.0,9,16,689.0,0,0,0,1,5,0,0
MFI-02766,Boda Boda Operator,Medical Emergency,40263.0,6,17,24839.0,4,0,0,4,13,1,0
MFI-02767,Boda Boda Operator,Equipment,42573.0,9,13,2403.0,1,1,0,1,3,0,0
MFI-02768,Market Trader,Medical Emergency,20785.0,12,22,,2,1,0,2,3,0,0
MFI-02769,Market Trader,Medical Emergency,20584.0,9,17,50000.0,1,0,1,2,6,1,0
MFI-02770,Kiosk Owner,Business Expansion,90077.0,12,20,4393.0,2,0,0,2,19,1,0
MFI-02771,Boda Boda Operator,Equipment,84449.0,9,19,1360.0,2,0,1,2,30,1,0
MFI-02772,Market Trader,Stock Purchase,18714.0,12,17,31784.0,5,0,1,3,26,1,0
MFI-02773,Boda Boda Operator,Medical Emergency,32605.0,9,19,4244.0,0,0,0,2,1,1,1
MFI-02774,Boda Boda Operator,Medical Emergency,49346.0,12,29,11484.0,0,1,1,4,14,0,1
MFI-02775,Food Vendor,Equipment,69683.0,9,23,,3,0,1,3,14,1,0
MFI-02776,Market Trader,Business Expansion,42216.0,9,23,,3,0,0,3,6,1,0
MFI-02777,Market Trader,Equipment,91419.0,3,13,4621.0,2,0,1,3,22,1,0
MFI-02778,Market Trader,Equipment,34120.0,6,12,3405.0,3,1,1,1,7,1,0
MFI-02779,Food Vendor,School Fees,125166.0,3,21,12942.0,4,0,0,4,109,1,0
MFI-02780,Jua Kali Artisan,Stock Purchase,150000.0,6,17,,2,0,0,4,28,0,0
MFI-02781,Food Vendor,Business Expansion,38487.0,9,12,3720.0,1,1,0,5,60,0,1
MFI-02782,Jua Kali Artisan,Medical Emergency,49033.0,9,21,5455.0,0,1,1,3,1,1,0
MFI-02783,Kiosk Owner,Business Expansion,17115.0,12,10,11696.0,3,1,1,3,12,1,0
MFI-02784,Market Trader,Business Expansion,31664.0,9,22,3836.0,3,0,1,3,2,1,0
MFI-02785,Jua Kali Artisan,Equipment,41907.0,18,19,4199.0,4,0,1,3,24,0,0
MFI-02786,Boda Boda Operator,Medical Emergency,63500.0,6,17,4165.0,1,0,1,2,4,1,0
MFI-02787,Jua Kali Artisan,Medical Emergency,30831.0,9,20,4141.0,1,1,1,4,8,1,1
MFI-02788,Jua Kali Artisan,School Fees,65985.0,12,23,1316.0,1,1,0,3,17,0,0
MFI-02789,Boda Boda Operator,Medical Emergency,26898.0,9,19,10490.0,1,1,0,3,71,1,0
MFI-02790,Kiosk Owner,School Fees,81399.0,6,11,,5,1,1,6,68,1,1
MFI-02791,Market Trader,Equipment,50609.0,9,14,967.0,5,0,1,4,16,0,0
MFI-02792,Food Vendor,Stock Purchase,48817.0,3,11,3127.0,5,0,1,3,12,0,0
MFI-02793,Kiosk Owner,Business Expansion,25129.0,3,16,18450.0,5,0,1,3,10,1,0
MFI-02794,Food Vendor,Business Expansion,33960.0,3,13,5465.0,4,0,0,1,77,0,1
MFI-02795,Food Vendor,Medical Emergency,26926.0,3,10,3566.0,1,0,0,2,33,0,1
MFI-02796,Kiosk Owner,Medical Emergency,72772.0,3,30,1612.0,2,0,1,3,20,0,0
MFI-02797,Jua Kali Artisan,Business Expansion,12280.0,12,25,,1,0,1,4,2,0,0
MFI-02798,Kiosk Owner,Stock Purchase,20637.0,9,22,2438.0,2,0,0,3,4,0,0
MFI-02799,Food Vendor,Stock Purchase,95366.0,9,13,9768.0,0,0,1,2,47,1,1
MFI-02800,Kiosk Owner,Stock Purchase,42195.0,12,12,33564.0,2,0,0,7,79,1,0
MFI-02801,Boda Boda Operator,Medical Emergency,96593.0,9,15,5560.0,4,1,1,5,40,0,1
MFI-02802,Jua Kali Artisan,Medical Emergency,70543.0,9,12,20380.0,2,1,1,2,13,1,0
MFI-02803,Jua Kali Artisan,Stock Purchase,76579.0,12,18,7841.0,3,1,1,1,7,1,0
MFI-02804,Food Vendor,Business Expansion,50855.0,9,31,13498.0,2,1,0,3,3,1,0
MFI-02805,Jua Kali Artisan,School Fees,21460.0,9,20,3825.0,2,1,1,1,4,1,0
MFI-02806,Food Vendor,Business Expansion,38575.0,3,17,2039.0,3,0,0,1,11,0,1
MFI-02807,Boda Boda Operator,School Fees,13380.0,3,19,,3,0,0,0,33,1,0
MFI-02808,Food Vendor,Stock Purchase,31813.0,6,22,3447.0,1,0,0,3,30,0,0
MFI-02809,Boda Boda Operator,Medical Emergency,23480.0,9,21,6434.0,2,0,0,3,14,0,0
MFI-02810,Boda Boda Operator,Stock Purchase,8193.0,9,23,10028.0,2,1,1,5,11,1,1
MFI-02811,Jua Kali Artisan,Equipment,51077.0,9,10,1043.0,1,0,0,7,12,0,0
MFI-02812,Jua Kali Artisan,Medical Emergency,47208.0,6,21,5774.0,0,0,0,3,39,0,0
MFI-02813,Food Vendor,School Fees,99681.0,12,15,6738.0,1,0,1,2,4,0,0
MFI-02814,Food Vendor,Medical Emergency,13645.0,12,19,5179.0,3,0,1,2,3,0,0
MFI-02815,Jua Kali Artisan,Stock Purchase,86227.0,3,12,,2,0,0,1,3,1,0
MFI-02816,Food Vendor,School Fees,5679.0,6,10,7426.0,2,0,1,2,59,0,0
MFI-02817,Kiosk Owner,Equipment,32280.0,9,20,,0,0,1,2,2,0,0
MFI-02818,Food Vendor,Business Expansion,150000.0,6,17,11238.0,3,0,0,3,28,1,0
MFI-02819,Kiosk Owner,Equipment,35491.0,3,22,3942.0,2,0,0,6,16,0,0
MFI-02820,Food Vendor,Business Expansion,20174.0,3,12,6646.0,1,0,1,1,3,0,0
MFI-02821,Kiosk Owner,Medical Emergency,33972.0,18,19,8626.0,1,0,1,3,14,1,0
MFI-02822,Boda Boda Operator,Stock Purchase,71596.0,6,26,5154.0,1,0,1,1,8,1,0
MFI-02823,Market Trader,Stock Purchase,28981.0,6,17,1291.0,2,1,0,3,15,0,1
MFI-02824,Food Vendor,Business Expansion,49704.0,9,16,,1,1,1,3,54,0,0
MFI-02825,Food Vendor,Stock Purchase,49251.0,6,13,2182.0,0,0,1,4,5,1,0
MFI-02826,Boda Boda Operator,Medical Emergency,56342.0,12,15,893.0,1,1,1,3,8,1,0
MFI-02827,Jua Kali Artisan,Equipment,83208.0,9,19,6326.0,1,1,1,2,41,1,0
MFI-02828,Jua Kali Artisan,Medical Emergency,150000.0,9,10,1771.0,4,0,1,2,23,0,1
MFI-02829,Jua Kali Artisan,Medical Emergency,38947.0,6,21,,3,0,0,3,5,0,1
MFI-02830,Boda Boda Operator,Equipment,47015.0,12,21,,1,0,0,2,63,1,0
MFI-02831,Market Trader,School Fees,14049.0,3,20,3313.0,1,0,0,1,16,1,0
MFI-02832,Jua Kali Artisan,School Fees,77333.0,6,25,16106.0,2,0,1,3,70,1,0
MFI-02833,Jua Kali Artisan,Business Expansion,107864.0,6,19,,1,0,1,2,1,1,0
MFI-02834,Food Vendor,Business Expansion,62988.0,3,15,1168.0,4,1,1,4,13,1,0
MFI-02835,Boda Boda Operator,School Fees,11981.0,9,24,4716.0,1,0,1,1,14,1,0
MFI-02836,Boda Boda Operator,School Fees,26276.0,6,19,484.0,3,0,0,4,9,0,0
MFI-02837,Kiosk Owner,Medical Emergency,37834.0,3,21,6125.0,1,1,1,4,7,0,0
MFI-02838,Food Vendor,Stock Purchase,18299.0,6,21,1930.0,1,0,0,2,6,1,0
MFI-02839,Kiosk Owner,Business Expansion,150000.0,9,16,4821.0,2,1,1,1,22,1,0
MFI-02840,Kiosk Owner,Stock Purchase,50396.0,6,24,2551.0,1,0,1,3,68,0,0
MFI-02841,Market Trader,Equipment,76517.0,9,20,,2,0,1,3,32,1,0
MFI-02842,Jua Kali Artisan,School Fees,77490.0,9,14,5131.0,1,1,1,4,8,1,0
MFI-02843,Boda Boda Operator,Medical Emergency,39718.0,9,13,3591.0,2,0,0,2,20,1,0
MFI-02844,Kiosk Owner,Equipment,13896.0,12,15,3001.0,3,0,1,2,28,1,0
MFI-02845,Food Vendor,Business Expansion,68256.0,9,18,,2,1,1,6,17,0,0
MFI-02846,Boda Boda Operator,Medical Emergency,150000.0,9,19,3372.0,0,0,1,4,22,0,0
MFI-02847,Jua Kali Artisan,Equipment,26835.0,9,15,,1,0,0,0,21,1,1
MFI-02848,Boda Boda Operator,Equipment,23080.0,6,24,2852.0,3,0,0,3,29,1,0
MFI-02849,Market Trader,Stock Purchase,71040.0,18,30,4930.0,4,0,0,2,14,1,0
MFI-02850,Jua Kali Artisan,School Fees,76050.0,18,14,,0,0,1,1,31,0,0
MFI-02851,Jua Kali Artisan,Medical Emergency,90749.0,12,21,6291.0,1,0,1,2,51,0,1
MFI-02852,Boda Boda Operator,Medical Emergency,32434.0,3,18,5472.0,3,0,0,1,8,1,1
MFI-02853,Food Vendor,Medical Emergency,32373.0,12,12,548.0,0,0,1,2,9,0,0
MFI-02854,Kiosk Owner,Equipment,4436.0,18,23,,1,0,0,5,11,0,0
MFI-02855,Kiosk Owner,School Fees,37805.0,18,22,18449.0,2,1,1,2,5,1,0
MFI-02856,Kiosk Owner,Medical Emergency,23128.0,18,21,8391.0,1,1,0,2,81,1,0
MFI-02857,Boda Boda Operator,Equipment,6214.0,9,16,9222.0,3,0,0,8,16,1,0
MFI-02858,Food Vendor,School Fees,150000.0,6,26,13020.0,1,0,0,3,9,0,1
MFI-02859,Boda Boda Operator,Equipment,44057.0,9,13,3847.0,1,0,1,2,22,0,0
MFI-02860,Kiosk Owner,Medical Emergency,8720.0,6,21,2800.0,2,0,0,6,36,0,0
MFI-02861,Kiosk Owner,Stock Purchase,49086.0,12,17,11441.0,0,0,1,4,9,1,0
MFI-02862,Kiosk Owner,Medical Emergency,150000.0,6,11,14977.0,4,1,0,3,5,0,0
MFI-02863,Food Vendor,Business Expansion,95122.0,6,21,16890.0,2,0,1,2,73,1,0
MFI-02864,Market Trader,Business Expansion,78694.0,6,14,2595.0,2,0,1,1,120,1,0
MFI-02865,Kiosk Owner,Stock Purchase,13555.0,9,18,9480.0,1,0,0,6,8,0,0
MFI-02866,Kiosk Owner,Medical Emergency,23496.0,9,19,4381.0,1,2,1,3,16,0,1
MFI-02867,Food Vendor,Medical Emergency,18128.0,9,16,9964.0,0,1,1,4,1,1,0
MFI-02868,Boda Boda Operator,School Fees,36845.0,3,23,4484.0,1,1,1,6,40,0,1
MFI-02869,Jua Kali Artisan,Business Expansion,67530.0,9,23,4788.0,3,0,1,2,1,1,0
MFI-02870,Jua Kali Artisan,Stock Purchase,51529.0,18,19,10923.0,1,1,0,3,35,0,0
MFI-02871,Food Vendor,School Fees,17570.0,18,16,,0,1,1,2,8,1,0
MFI-02872,Market Trader,Equipment,31345.0,9,21,3384.0,3,0,1,4,66,0,0
MFI-02873,Boda Boda Operator,Equipment,83681.0,6,24,14210.0,2,0,1,1,7,0,0
MFI-02874,Kiosk Owner,School Fees,54641.0,18,20,,4,0,1,5,120,1,0
MFI-02875,Boda Boda Operator,Stock Purchase,49994.0,6,22,1834.0,2,0,0,2,4,0,0
MFI-02876,Market Trader,School Fees,17993.0,12,26,,2,0,1,2,55,1,0
MFI-02877,Kiosk Owner,Stock Purchase,41277.0,6,15,21118.0,0,1,0,4,4,1,0
MFI-02878,Food Vendor,Medical Emergency,14648.0,18,15,6616.0,2,0,0,2,42,1,0
MFI-02879,Food Vendor,Equipment,18758.0,3,29,3568.0,0,2,0,4,8,0,0
MFI-02880,Kiosk Owner,Equipment,11122.0,6,18,24656.0,1,0,0,2,14,0,0
MFI-02881,Kiosk Owner,School Fees,144756.0,9,14,23075.0,0,0,1,2,18,0,0
MFI-02882,Food Vendor,Business Expansion,149504.0,3,20,2028.0,1,0,0,3,55,0,0
MFI-02883,Market Trader,School Fees,16264.0,6,18,3774.0,0,0,0,5,4,0,0
MFI-02884,Market Trader,Medical Emergency,19525.0,6,20,,5,1,0,9,70,1,0
MFI-02885,Food Vendor,School Fees,28166.0,9,15,25348.0,2,0,0,3,6,1,0
MFI-02886,Boda Boda Operator,Stock Purchase,96259.0,3,16,11989.0,1,0,1,2,25,1,0
MFI-02887,Market Trader,Medical Emergency,59053.0,9,20,3561.0,1,0,1,1,30,0,0
MFI-02888,Market Trader,Equipment,109658.0,6,26,4892.0,5,0,0,3,42,1,1
MFI-02889,Market Trader,Stock Purchase,140039.0,6,18,4408.0,1,0,1,6,91,1,0
MFI-02890,Jua Kali Artisan,School Fees,53470.0,6,23,2293.0,0,0,1,2,1,1,0
MFI-02891,Jua Kali Artisan,Business Expansion,46103.0,12,15,8263.0,1,0,1,5,36,1,0
MFI-02892,Kiosk Owner,Business Expansion,107966.0,6,20,,2,0,1,0,11,1,0
MFI-02893,Market Trader,Stock Purchase,86202.0,9,22,8885.0,2,0,0,2,29,0,0
MFI-02894,Jua Kali Artisan,School Fees,85800.0,3,16,6143.0,2,0,1,1,8,1,0
MFI-02895,Market Trader,Business Expansion,53110.0,18,13,1659.0,0,0,1,3,69,1,0
MFI-02896,Market Trader,Stock Purchase,83562.0,3,17,,3,0,1,2,33,1,0
MFI-02897,Kiosk Owner,Business Expansion,28562.0,6,21,,2,0,1,5,13,0,0
MFI-02898,Food Vendor,Stock Purchase,23065.0,9,13,12084.0,1,0,1,6,81,1,0
MFI-02899,Food Vendor,Stock Purchase,27690.0,9,21,6512.0,2,1,0,3,37,0,0
MFI-02900,Market Trader,School Fees,150000.0,12,21,1436.0,1,0,1,3,30,1,0
MFI-02901,Kiosk Owner,Business Expansion,15758.0,18,19,650.0,0,0,1,3,42,0,0
MFI-02902,Jua Kali Artisan,Stock Purchase,77191.0,12,14,4733.0,1,0,1,2,25,0,0
MFI-02903,Boda Boda Operator,Equipment,150000.0,9,18,7403.0,0,1,1,4,15,0,1
MFI-02904,Kiosk Owner,Stock Purchase,49896.0,3,16,10850.0,1,0,0,4,8,1,0
MFI-02905,Market Trader,Stock Purchase,28153.0,6,20,28361.0,3,0,0,5,3,0,0
MFI-02906,Food Vendor,Medical Emergency,56653.0,6,12,15119.0,1,0,0,1,13,0,1
MFI-02907,Jua Kali Artisan,Stock Purchase,24473.0,6,19,9105.0,5,0,1,2,15,1,0
MFI-02908,Kiosk Owner,School Fees,17540.0,3,17,2870.0,0,0,1,3,69,0,1
MFI-02909,Food Vendor,School Fees,106589.0,12,17,20815.0,1,0,0,3,23,1,0
MFI-02910,Kiosk Owner,Stock Purchase,101264.0,9,22,1664.0,1,0,0,0,1,1,0
MFI-02911,Boda Boda Operator,School Fees,28146.0,3,18,14691.0,1,0,0,3,1,1,0
MFI-02912,Kiosk Owner,Stock Purchase,24579.0,9,18,32360.0,2,2,1,2,44,0,0
MFI-02913,Boda Boda Operator,School Fees,43176.0,6,22,19928.0,3,1,0,0,22,1,0
MFI-02914,Jua Kali Artisan,Equipment,33640.0,9,16,3330.0,5,0,0,0,20,1,0
MFI-02915,Market Trader,Stock Purchase,18876.0,6,24,949.0,4,0,1,3,11,0,0
MFI-02916,Market Trader,Stock Purchase,10731.0,12,21,2325.0,0,1,0,3,30,1,0
MFI-02917,Boda Boda Operator,Equipment,11309.0,3,15,5146.0,3,0,1,2,43,1,0
MFI-02918,Jua Kali Artisan,School Fees,13896.0,3,15,,3,0,0,2,54,1,0
MFI-02919,Kiosk Owner,School Fees,15805.0,9,19,6254.0,5,0,1,2,14,1,0
MFI-02920,Kiosk Owner,Business Expansion,43038.0,9,24,,0,1,1,3,2,0,0
MFI-02921,Jua Kali Artisan,Equipment,19092.0,3,23,10869.0,2,1,1,2,49,1,0
MFI-02922,Boda Boda Operator,Equipment,19497.0,9,20,2636.0,3,1,0,2,28,0,1
MFI-02923,Boda Boda Operator,Medical Emergency,13321.0,6,12,4911.0,1,1,0,2,30,1,0
MFI-02924,Market Trader,School Fees,13519.0,3,16,3048.0,5,1,0,5,69,0,0
MFI-02925,Market Trader,Stock Purchase,13231.0,3,20,10397.0,3,0,1,2,6,1,0
MFI-02926,Jua Kali Artisan,Equipment,34071.0,9,12,2790.0,2,1,1,1,40,0,1
MFI-02927,Kiosk Owner,Medical Emergency,83589.0,12,18,885.0,3,0,1,2,14,0,0
MFI-02928,Food Vendor,School Fees,120789.0,9,7,8606.0,6,0,1,3,67,1,0
MFI-02929,Boda Boda Operator,Stock Purchase,37881.0,12,20,1001.0,1,0,1,2,10,0,0
MFI-02930,Jua Kali Artisan,Medical Emergency,84889.0,9,16,,3,1,0,7,21,1,0
MFI-02931,Food Vendor,Equipment,19416.0,3,16,,1,0,1,2,26,1,0
MFI-02932,Jua Kali Artisan,Stock Purchase,57221.0,12,15,8735.0,0,0,1,4,1,0,0
MFI-02933,Kiosk Owner,Stock Purchase,18083.0,18,23,,1,0,1,4,25,1,0
MFI-02934,Food Vendor,Business Expansion,51424.0,12,20,5263.0,3,0,1,3,28,1,0
MFI-02935,Boda Boda Operator,Medical Emergency,18848.0,6,16,,0,0,1,5,42,1,0
MFI-02936,Jua Kali Artisan,Stock Purchase,20104.0,18,19,7401.0,4,2,1,1,10,1,0
MFI-02937,Jua Kali Artisan,Equipment,34809.0,18,13,8049.0,5,0,1,6,31,1,0
MFI-02938,Market Trader,Stock Purchase,132597.0,12,15,6073.0,3,1,0,4,41,0,1
MFI-02939,Kiosk Owner,Business Expansion,71905.0,9,14,4964.0,4,0,1,2,41,0,0
MFI-02940,Jua Kali Artisan,Business Expansion,20256.0,6,23,4261.0,1,1,1,1,7,0,0
MFI-02941,Boda Boda Operator,Stock Purchase,15624.0,6,18,10836.0,3,0,1,2,74,1,0
MFI-02942,Food Vendor,School Fees,18882.0,9,16,2661.0,0,1,1,3,31,0,0
MFI-02943,Market Trader,Stock Purchase,60783.0,12,14,,0,1,1,4,28,0,0
MFI-02944,Food Vendor,Business Expansion,43242.0,6,20,12147.0,0,1,0,2,40,0,1
MFI-02945,Food Vendor,Business Expansion,61189.0,9,24,1313.0,3,0,1,3,37,1,0
MFI-02946,Market Trader,Equipment,24077.0,6,22,2341.0,3,0,0,2,6,0,1
MFI-02947,Jua Kali Artisan,Equipment,47496.0,12,23,7514.0,4,0,1,3,22,1,0
MFI-02948,Kiosk Owner,School Fees,45099.0,3,22,6851.0,0,1,1,4,41,1,0
MFI-02949,Kiosk Owner,Equipment,99938.0,12,9,4178.0,0,2,0,4,27,0,1
MFI-02950,Food Vendor,Stock Purchase,128519.0,12,16,20083.0,0,1,1,4,21,1,0
MFI-02951,Food Vendor,Stock Purchase,74832.0,12,16,13033.0,2,1,1,1,8,1,1
MFI-02952,Kiosk Owner,Business Expansion,99820.0,9,16,4419.0,0,1,1,3,36,1,0
MFI-02953,Boda Boda Operator,Stock Purchase,35744.0,6,17,2803.0,3,0,1,3,1,0,0
MFI-02954,Boda Boda Operator,Business Expansion,20757.0,9,17,6412.0,4,0,1,3,28,1,0
MFI-02955,Food Vendor,Stock Purchase,35439.0,6,15,5935.0,2,0,0,0,35,1,1
MFI-02956,Kiosk Owner,Stock Purchase,32670.0,9,14,16117.0,3,0,1,3,63,0,0
MFI-02957,Market Trader,Stock Purchase,30957.0,6,26,4032.0,1,0,1,3,32,0,0
MFI-02958,Jua Kali Artisan,Stock Purchase,36017.0,9,21,13710.0,2,1,1,4,18,1,1
MFI-02959,Market Trader,Equipment,31680.0,12,17,1297.0,4,1,1,3,5,0,1
MFI-02960,Boda Boda Operator,Equipment,25175.0,6,11,,3,1,1,3,12,0,0
MFI-02961,Boda Boda Operator,Business Expansion,32709.0,6,15,2420.0,1,0,1,4,2,1,1
MFI-02962,Boda Boda Operator,Medical Emergency,68968.0,6,18,,2,0,1,1,14,1,0
MFI-02963,Food Vendor,Stock Purchase,18177.0,9,21,3946.0,1,0,1,3,4,1,0
MFI-02964,Food Vendor,Business Expansion,106532.0,6,19,,2,0,1,5,4,0,0
MFI-02965,Market Trader,Business Expansion,86331.0,6,16,,4,1,0,2,5,0,1
MFI-02966,Market Trader,Stock Purchase,38921.0,6,21,3093.0,1,0,1,3,29,0,0
MFI-02967,Market Trader,Stock Purchase,5398.0,6,19,28145.0,2,0,0,2,8,0,0
MFI-02968,Boda Boda Operator,Business Expansion,6361.0,6,17,2882.0,0,1,1,3,27,1,0
MFI-02969,Jua Kali Artisan,Business Expansion,39705.0,3,14,738.0,3,1,1,5,38,1,0
MFI-02970,Jua Kali Artisan,Equipment,62487.0,18,23,2343.0,1,1,1,2,74,1,0
MFI-02971,Kiosk Owner,Equipment,149958.0,18,11,843.0,1,0,1,1,2,0,0
MFI-02972,Kiosk Owner,Stock Purchase,26259.0,12,15,,3,0,1,6,1,1,0
MFI-02973,Boda Boda Operator,Business Expansion,24067.0,12,24,429.0,1,0,1,2,13,0,0
MFI-02974,Kiosk Owner,Stock Purchase,13712.0,6,22,2640.0,1,0,0,1,4,0,0
MFI-02975,Jua Kali Artisan,School Fees,58632.0,6,8,7138.0,0,1,0,4,6,1,0
MFI-02976,Food Vendor,Stock Purchase,36519.0,6,18,3252.0,1,0,1,3,81,0,0
MFI-02977,Boda Boda Operator,Stock Purchase,24795.0,3,16,3429.0,1,1,0,7,120,1,1
MFI-02978,Food Vendor,Business Expansion,36996.0,6,23,50000.0,2,0,0,4,101,1,0
MFI-02979,Kiosk Owner,Business Expansion,33676.0,9,18,2691.0,3,0,0,3,58,1,0
MFI-02980,Food Vendor,Equipment,78761.0,18,13,6115.0,3,1,0,5,95,1,1
MFI-02981,Market Trader,Medical Emergency,25811.0,18,14,5463.0,1,0,1,4,5,1,0
MFI-02982,Boda Boda Operator,Stock Purchase,36225.0,12,22,6336.0,3,0,0,1,1,1,0
MFI-02983,Boda Boda Operator,Equipment,71648.0,9,15,2675.0,1,1,0,6,10,1,1
MFI-02984,Kiosk Owner,School Fees,29391.0,6,13,10576.0,3,0,0,3,20,1,0
MFI-02985,Jua Kali Artisan,Stock Purchase,20069.0,6,23,,1,0,0,3,15,1,0
MFI-02986,Food Vendor,Medical Emergency,13032.0,18,20,5252.0,3,0,0,2,112,1,0
MFI-02987,Food Vendor,School Fees,15791.0,12,19,15768.0,1,0,0,3,5,0,0
MFI-02988,Food Vendor,Stock Purchase,21706.0,9,17,8435.0,3,1,1,1,6,1,0
MFI-02989,Food Vendor,Business Expansion,78344.0,12,22,,0,0,1,2,41,1,0
MFI-02990,Kiosk Owner,Medical Emergency,20137.0,12,13,1745.0,4,0,0,4,13,0,1
MFI-02991,Food Vendor,Business Expansion,30578.0,6,17,4345.0,2,0,0,3,14,0,0
MFI-02992,Market Trader,School Fees,15943.0,9,19,13297.0,5,0,1,3,27,0,0
MFI-02993,Food Vendor,Equipment,37906.0,9,17,,2,1,0,5,47,0,0
MFI-02994,Market Trader,Business Expansion,45684.0,3,17,,0,0,1,6,120,1,0
MFI-02995,Food Vendor,Medical Emergency,48240.0,6,16,1676.0,0,0,1,3,103,0,0
MFI-02996,Jua Kali Artisan,Business Expansion,148000.0,3,17,7126.0,2,0,1,3,46,1,0
MFI-02997,Food Vendor,Equipment,35911.0,12,16,,4,1,0,5,4,1,0
MFI-02998,Boda Boda Operator,Stock Purchase,45910.0,9,17,50000.0,2,0,1,0,4,1,0
MFI-02999,Food Vendor,Equipment,23125.0,6,14,,3,1,1,7,31,0,0
MFI-03000,Jua Kali Artisan,School Fees,150000.0,3,22,,3,0,0,2,20,1,0
MFI-03001,Food Vendor,Stock Purchase,71528.0,3,22,4215.0,0,2,1,5,41,0,1
MFI-03002,Jua Kali Artisan,Business Expansion,73664.0,6,25,4508.0,1,0,1,2,5,1,0
MFI-03003,Market Trader,Business Expansion,86798.0,6,23,3636.0,1,2,1,4,66,1,0
MFI-03004,Kiosk Owner,Equipment,66105.0,9,21,,1,0,1,5,1,1,0
MFI-03005,Kiosk Owner,Stock Purchase,90178.0,6,19,,1,0,1,4,5,1,0
MFI-03006,Market Trader,Equipment,31259.0,9,12,15502.0,3,0,1,7,16,0,0
MFI-03007,Food Vendor,Stock Purchase,150000.0,9,24,4506.0,1,0,0,2,78,0,0
MFI-03008,Boda Boda Operator,Equipment,10543.0,3,18,2128.0,3,0,0,2,46,1,0
MFI-03009,Boda Boda Operator,Medical Emergency,29149.0,9,13,2807.0,1,0,1,4,28,0,0
MFI-03010,Jua Kali Artisan,Medical Emergency,145094.0,6,11,2463.0,1,0,1,4,37,1,1
MFI-03011,Food Vendor,Stock Purchase,31678.0,12,17,2880.0,0,0,1,0,9,1,0
MFI-03012,Jua Kali Artisan,Stock Purchase,61708.0,6,19,1469.0,2,0,1,1,28,1,0
MFI-03013,Food Vendor,Equipment,24900.0,6,20,,1,0,0,2,47,1,0
MFI-03014,Food Vendor,Medical Emergency,51891.0,12,21,412.0,2,1,0,3,27,1,1
MFI-03015,Food Vendor,Equipment,27225.0,12,23,5463.0,3,0,0,3,45,1,0
MFI-03016,Boda Boda Operator,Business Expansion,92496.0,9,26,,3,0,1,2,34,1,0
MFI-03017,Jua Kali Artisan,Stock Purchase,45824.0,6,17,3939.0,2,0,0,1,11,1,0
MFI-03018,Market Trader,Medical Emergency,8955.0,9,22,2157.0,2,0,1,3,27,1,0
MFI-03019,Market Trader,Business Expansion,18947.0,6,20,19126.0,1,2,1,5,16,1,0
MFI-03020,Kiosk Owner,Stock Purchase,16648.0,3,18,748.0,2,0,1,2,55,1,0
MFI-03021,Boda Boda Operator,Medical Emergency,111848.0,6,17,12520.0,2,0,1,2,4,0,0
MFI-03022,Market Trader,Business Expansion,13452.0,12,20,1021.0,1,0,1,4,66,1,0
MFI-03023,Market Trader,Equipment,29304.0,9,11,2338.0,0,1,1,6,14,1,1
MFI-03024,Jua Kali Artisan,Equipment,150000.0,3,11,,2,0,1,2,15,1,0
MFI-03025,Kiosk Owner,Medical Emergency,98528.0,12,22,34542.0,2,0,1,5,38,0,0
MFI-03026,Jua Kali Artisan,School Fees,18330.0,12,17,,4,1,0,4,10,0,1
MFI-03027,Boda Boda Operator,School Fees,17902.0,9,17,372.0,2,1,1,3,3,1,0
MFI-03028,Jua Kali Artisan,Stock Purchase,16573.0,6,20,6958.0,0,0,0,5,44,1,0
MFI-03029,Food Vendor,Stock Purchase,42834.0,3,27,2190.0,1,0,1,5,23,1,0
MFI-03030,Jua Kali Artisan,Business Expansion,24426.0,12,16,50000.0,4,0,0,5,69,1,0
MFI-03031,Boda Boda Operator,Business Expansion,43662.0,9,23,6705.0,1,0,0,5,49,0,0
MFI-03032,Kiosk Owner,Equipment,46507.0,12,14,,1,0,1,2,2,1,0
MFI-03033,Jua Kali Artisan,School Fees,37707.0,9,29,,3,0,1,2,36,0,0
MFI-03034,Market Trader,Stock Purchase,40870.0,6,23,1932.0,0,0,0,1,9,1,0
MFI-03035,Boda Boda Operator,School Fees,38904.0,9,24,,4,0,1,3,22,1,0
MFI-03036,Market Trader,Business Expansion,19585.0,6,27,2318.0,4,0,1,2,11,0,0
MFI-03037,Jua Kali Artisan,School Fees,11420.0,12,23,6829.0,0,0,1,3,41,0,0
MFI-03038,Kiosk Owner,Equipment,37926.0,6,20,3142.0,2,1,1,1,53,1,0
MFI-03039,Kiosk Owner,Stock Purchase,19433.0,9,15,4783.0,1,1,0,2,14,1,0
MFI-03040,Jua Kali Artisan,Equipment,79292.0,9,23,12942.0,3,1,1,1,7,1,0
MFI-03041,Boda Boda Operator,Stock Purchase,13357.0,9,25,5072.0,4,0,1,2,11,0,0
MFI-03042,Food Vendor,Equipment,27297.0,9,15,,2,1,0,4,7,1,0
MFI-03043,Jua Kali Artisan,Business Expansion,41109.0,9,13,,0,0,1,3,29,0,1
MFI-03044,Jua Kali Artisan,Medical Emergency,99561.0,6,17,2904.0,1,0,1,2,7,1,1
MFI-03045,Kiosk Owner,Equipment,26526.0,9,22,9968.0,3,0,0,0,54,0,0
MFI-03046,Jua Kali Artisan,Equipment,42079.0,3,15,4280.0,3,0,1,3,6,1,0
MFI-03047,Jua Kali Artisan,School Fees,59487.0,9,14,1885.0,1,0,1,3,1,1,0
MFI-03048,Kiosk Owner,Business Expansion,66862.0,9,15,3299.0,1,0,1,0,49,1,0
MFI-03049,Kiosk Owner,Medical Emergency,48702.0,12,16,11271.0,1,0,1,6,11,0,0
MFI-03050,Boda Boda Operator,Medical Emergency,150000.0,3,19,3570.0,2,0,1,2,6,0,0
MFI-03051,Market Trader,Stock Purchase,26433.0,9,13,376.0,0,0,0,3,24,0,0
MFI-03052,Jua Kali Artisan,Stock Purchase,145030.0,6,15,12149.0,1,0,0,1,49,0,0
MFI-03053,Food Vendor,Medical Emergency,63052.0,6,17,,1,0,1,4,12,0,0
MFI-03054,Food Vendor,Medical Emergency,44187.0,9,19,10876.0,0,0,1,3,4,1,0
MFI-03055,Jua Kali Artisan,Business Expansion,47041.0,3,9,3266.0,1,0,0,5,29,0,1
MFI-03056,Jua Kali Artisan,Medical Emergency,76883.0,6,22,7937.0,3,0,1,2,18,0,0
MFI-03057,Kiosk Owner,Stock Purchase,20430.0,3,21,8710.0,3,1,1,5,22,0,0
MFI-03058,Boda Boda Operator,Stock Purchase,40806.0,18,19,2351.0,2,0,0,5,19,1,0
MFI-03059,Boda Boda Operator,School Fees,29913.0,6,15,1297.0,0,0,1,4,7,1,0
MFI-03060,Kiosk Owner,Medical Emergency,130877.0,9,16,,2,2,1,6,54,1,0
MFI-03061,Food Vendor,Business Expansion,21584.0,3,18,6023.0,1,0,1,1,26,1,0
MFI-03062,Market Trader,Equipment,150000.0,9,22,4221.0,0,0,1,2,20,1,0
MFI-03063,Food Vendor,Stock Purchase,25385.0,12,12,4818.0,1,0,1,5,10,0,0
MFI-03064,Food Vendor,Equipment,11959.0,9,18,7532.0,2,0,1,5,13,0,0
MFI-03065,Market Trader,Stock Purchase,18098.0,9,13,3554.0,1,2,1,4,19,1,1
MFI-03066,Market Trader,Business Expansion,18400.0,9,17,3123.0,2,0,1,2,14,0,0
MFI-03067,Boda Boda Operator,Equipment,136805.0,9,16,,2,0,0,2,24,1,0
MFI-03068,Market Trader,School Fees,12386.0,3,13,7144.0,1,0,0,2,51,1,0
MFI-03069,Kiosk Owner,Business Expansion,47028.0,12,17,26893.0,1,1,0,3,40,0,0
MFI-03070,Market Trader,Stock Purchase,117490.0,9,14,2973.0,0,0,1,2,6,0,0
MFI-03071,Food Vendor,Medical Emergency,150000.0,6,10,7684.0,2,0,1,4,11,1,1
MFI-03072,Kiosk Owner,Equipment,33252.0,6,18,18401.0,6,0,1,2,81,0,0
MFI-03073,Market Trader,Medical Emergency,39720.0,12,16,2500.0,0,0,0,0,8,0,1
MFI-03074,Boda Boda Operator,Stock Purchase,14286.0,9,21,28425.0,3,0,0,3,5,1,0
MFI-03075,Boda Boda Operator,Equipment,26779.0,6,9,1937.0,4,0,1,2,14,0,0
MFI-03076,Food Vendor,Equipment,150000.0,9,18,8557.0,1,0,0,3,57,0,0
MFI-03077,Jua Kali Artisan,Equipment,72924.0,9,16,1618.0,1,0,1,2,24,0,0
MFI-03078,Food Vendor,Business Expansion,95978.0,9,20,8313.0,0,1,0,0,28,0,0
MFI-03079,Market Trader,Business Expansion,60978.0,12,12,2550.0,3,1,1,5,7,1,0
MFI-03080,Food Vendor,Business Expansion,85350.0,6,11,490.0,0,0,0,3,4,1,0
MFI-03081,Kiosk Owner,Business Expansion,150000.0,6,25,19828.0,2,1,0,3,114,0,0
MFI-03082,Food Vendor,Stock Purchase,25200.0,9,18,6044.0,5,0,1,2,8,1,0
MFI-03083,Boda Boda Operator,School Fees,65522.0,12,18,,3,1,1,3,30,0,1
MFI-03084,Kiosk Owner,Stock Purchase,20887.0,9,16,3890.0,1,0,0,3,27,1,0
MFI-03085,Boda Boda Operator,Equipment,7126.0,3,21,,2,1,1,0,3,0,0
MFI-03086,Food Vendor,Business Expansion,44887.0,18,23,3439.0,7,0,1,4,21,1,0
MFI-03087,Market Trader,Equipment,40112.0,3,21,3329.0,0,0,1,4,3,0,0
MFI-03088,Food Vendor,Business Expansion,34200.0,12,26,4276.0,3,0,1,1,12,1,0
MFI-03089,Kiosk Owner,Medical Emergency,21776.0,18,11,35907.0,0,0,1,2,18,1,0
MFI-03090,Boda Boda Operator,Medical Emergency,40521.0,6,23,503.0,3,0,1,2,37,0,0
MFI-03091,Food Vendor,Business Expansion,50960.0,12,22,656.0,3,0,1,5,3,0,0
MFI-03092,Market Trader,Medical Emergency,150000.0,9,15,,2,0,1,2,65,0,0
MFI-03093,Market Trader,Business Expansion,55724.0,6,19,371.0,2,1,1,6,2,0,0
MFI-03094,Jua Kali Artisan,School Fees,58094.0,3,17,2980.0,0,0,1,7,10,0,1
MFI-03095,Market Trader,Equipment,19944.0,9,21,,0,0,1,4,15,1,0
MFI-03096,Food Vendor,Stock Purchase,16920.0,9,10,4728.0,0,1,0,2,10,1,1
MFI-03097,Market Trader,Stock Purchase,16570.0,9,16,2627.0,4,0,1,0,2,0,0
MFI-03098,Market Trader,Stock Purchase,28654.0,6,15,,2,0,0,2,17,1,1
MFI-03099,Kiosk Owner,Business Expansion,38109.0,9,14,2254.0,2,0,1,2,7,1,0
MFI-03100,Market Trader,Business Expansion,43155.0,12,19,1397.0,4,0,1,2,26,1,0
MFI-03101,Food Vendor,School Fees,18876.0,12,17,3767.0,2,1,1,1,67,1,0
MFI-03102,Market Trader,Business Expansion,6045.0,6,23,8192.0,1,0,0,1,24,1,0
MFI-03103,Boda Boda Operator,Stock Purchase,25959.0,9,18,9228.0,0,0,1,1,3,0,0
MFI-03104,Jua Kali Artisan,Medical Emergency,76870.0,9,25,5886.0,2,0,1,3,13,0,0
MFI-03105,Jua Kali Artisan,Equipment,26873.0,9,18,17592.0,3,0,0,3,3,0,0
MFI-03106,Kiosk Owner,Business Expansion,34222.0,9,19,5355.0,2,0,1,0,15,1,0
MFI-03107,Food Vendor,Stock Purchase,10145.0,9,13,11189.0,2,0,0,2,71,0,1
MFI-03108,Food Vendor,Equipment,40115.0,6,15,,1,2,1,6,9,1,1
MFI-03109,Kiosk Owner,Equipment,50390.0,6,19,7763.0,3,0,0,4,2,1,0
MFI-03110,Jua Kali Artisan,Business Expansion,23018.0,6,15,34865.0,1,0,1,4,15,1,0
MFI-03111,Boda Boda Operator,Business Expansion,78553.0,3,14,5871.0,2,1,0,3,50,0,0
MFI-03112,Jua Kali Artisan,Business Expansion,94757.0,12,13,16273.0,1,0,0,2,4,1,0
MFI-03113,Jua Kali Artisan,School Fees,150000.0,12,17,,3,0,1,4,32,1,0
MFI-03114,Boda Boda Operator,Stock Purchase,17301.0,18,10,1402.0,2,1,1,2,13,1,0
MFI-03115,Jua Kali Artisan,Business Expansion,45664.0,12,25,5757.0,2,0,0,3,14,1,0
MFI-03116,Market Trader,Equipment,14043.0,3,18,,3,0,1,2,35,1,0
MFI-03117,Food Vendor,School Fees,58897.0,9,21,11490.0,0,0,1,1,87,1,0
MFI-03118,Jua Kali Artisan,Stock Purchase,53496.0,12,30,2487.0,0,0,1,1,8,0,0
MFI-03119,Boda Boda Operator,Medical Emergency,7771.0,12,11,50000.0,4,0,1,2,12,1,0
MFI-03120,Food Vendor,Business Expansion,45149.0,6,20,14469.0,0,1,1,3,1,0,0
MFI-03121,Food Vendor,Business Expansion,30967.0,18,17,17267.0,3,0,1,2,10,0,0
MFI-03122,Jua Kali Artisan,Medical Emergency,14072.0,9,15,11844.0,1,0,1,5,7,0,0
MFI-03123,Jua Kali Artisan,Business Expansion,28749.0,9,18,2121.0,4,0,1,2,33,1,0
MFI-03124,Jua Kali Artisan,Stock Purchase,150000.0,6,19,3234.0,0,1,0,5,28,0,1
MFI-03125,Kiosk Owner,School Fees,57453.0,6,20,8628.0,1,1,1,3,10,1,1
MFI-03126,Food Vendor,Equipment,18739.0,9,20,776.0,3,1,0,3,24,0,1
MFI-03127,Kiosk Owner,Medical Emergency,27860.0,3,17,,0,0,1,3,42,1,0
MFI-03128,Jua Kali Artisan,Stock Purchase,7721.0,12,19,,1,0,0,5,45,1,0
MFI-03129,Boda Boda Operator,Stock Purchase,15302.0,3,12,9011.0,2,0,1,5,38,1,0
MFI-03130,Jua Kali Artisan,Medical Emergency,139711.0,12,21,1820.0,1,0,1,5,11,1,1
MFI-03131,Jua Kali Artisan,School Fees,75621.0,12,18,36702.0,2,0,1,2,16,1,0
MFI-03132,Market Trader,School Fees,52096.0,6,19,50000.0,5,0,1,3,25,1,0
MFI-03133,Market Trader,Equipment,49614.0,3,14,7580.0,1,0,1,2,11,0,0
MFI-03134,Food Vendor,Equipment,112805.0,12,15,17051.0,2,0,1,6,26,1,0
MFI-03135,Food Vendor,Equipment,46924.0,12,14,,3,0,0,4,36,1,0
MFI-03136,Food Vendor,School Fees,28951.0,9,22,2863.0,0,0,0,2,2,0,0
MFI-03137,Kiosk Owner,Business Expansion,33751.0,3,25,1924.0,1,0,1,5,12,0,0
MFI-03138,Food Vendor,Business Expansion,29455.0,9,22,6924.0,0,0,0,2,23,1,0
MFI-03139,Market Trader,Business Expansion,29146.0,18,25,,1,1,1,10,13,1,0
MFI-03140,Food Vendor,Medical Emergency,141095.0,3,13,13540.0,3,0,1,2,22,1,0
MFI-03141,Jua Kali Artisan,Medical Emergency,15592.0,9,23,2583.0,2,0,0,1,20,0,1
MFI-03142,Market Trader,Medical Emergency,24245.0,12,23,6127.0,3,0,1,2,53,0,0
MFI-03143,Kiosk Owner,Medical Emergency,8435.0,9,20,2085.0,1,0,1,5,18,0,0
MFI-03144,Kiosk Owner,School Fees,81532.0,6,19,1948.0,3,0,0,2,46,0,0
MFI-03145,Food Vendor,Medical Emergency,47763.0,12,15,20831.0,1,0,1,1,3,0,0
MFI-03146,Kiosk Owner,Equipment,145910.0,9,15,,2,0,0,6,22,0,1
MFI-03147,Kiosk Owner,Medical Emergency,21770.0,12,26,3275.0,2,0,0,3,14,1,0
MFI-03148,Market Trader,Stock Purchase,19231.0,9,24,2575.0,2,0,1,3,38,1,0
MFI-03149,Food Vendor,Business Expansion,14302.0,6,20,2974.0,3,0,1,2,16,1,0
MFI-03150,Food Vendor,Stock Purchase,52289.0,12,20,4415.0,3,1,0,5,35,0,0
MFI-03151,Jua Kali Artisan,Stock Purchase,27443.0,12,13,,1,0,0,2,8,1,0
MFI-03152,Food Vendor,Equipment,46170.0,6,15,11082.0,0,0,1,5,24,1,0
MFI-03153,Food Vendor,School Fees,25867.0,6,26,7292.0,2,0,1,4,1,1,0
MFI-03154,Market Trader,Equipment,114821.0,18,17,11815.0,0,0,1,3,4,0,0
MFI-03155,Jua Kali Artisan,School Fees,99907.0,9,15,17945.0,1,0,1,1,34,0,0
MFI-03156,Jua Kali Artisan,Equipment,38905.0,18,15,,0,0,0,0,1,0,0
MFI-03157,Food Vendor,School Fees,84340.0,6,16,5452.0,4,0,0,2,1,0,0
MFI-03158,Boda Boda Operator,Medical Emergency,32667.0,3,12,8927.0,1,0,1,2,68,1,0
MFI-03159,Jua Kali Artisan,Equipment,35010.0,3,22,,3,0,1,2,3,1,0
MFI-03160,Food Vendor,Stock Purchase,6430.0,6,14,3435.0,3,1,0,3,7,0,0
MFI-03161,Food Vendor,Equipment,54480.0,9,19,13081.0,3,1,1,2,6,1,0
MFI-03162,Market Trader,Stock Purchase,36986.0,6,19,11658.0,2,1,1,5,17,1,0
MFI-03163,Jua Kali Artisan,School Fees,73435.0,9,27,44313.0,4,0,0,1,89,0,0
MFI-03164,Jua Kali Artisan,Medical Emergency,64304.0,3,21,4554.0,0,0,1,4,2,1,0
MFI-03165,Boda Boda Operator,Medical Emergency,19951.0,18,17,16592.0,1,0,0,1,51,1,0
MFI-03166,Food Vendor,Medical Emergency,31141.0,6,24,,1,1,0,1,21,0,0
MFI-03167,Jua Kali Artisan,Stock Purchase,24775.0,18,22,1635.0,1,1,0,2,27,1,0
MFI-03168,Kiosk Owner,Business Expansion,83764.0,9,13,5865.0,2,0,1,4,37,0,0
MFI-03169,Jua Kali Artisan,Business Expansion,127865.0,9,21,,2,0,1,3,49,0,0
MFI-03170,Food Vendor,Equipment,68789.0,3,20,,1,0,1,1,49,0,0
MFI-03171,Kiosk Owner,Business Expansion,150000.0,3,22,1678.0,1,0,0,1,32,1,0
MFI-03172,Boda Boda Operator,Business Expansion,55222.0,9,19,3795.0,4,0,0,2,11,0,0
MFI-03173,Kiosk Owner,Business Expansion,16653.0,6,14,,3,0,0,2,40,1,0
MFI-03174,Market Trader,Business Expansion,11967.0,6,10,35753.0,1,0,1,5,9,1,0
MFI-03175,Kiosk Owner,Stock Purchase,17397.0,3,19,,0,0,1,3,25,1,0
MFI-03176,Kiosk Owner,Medical Emergency,25265.0,9,17,1528.0,3,1,1,3,16,1,0
MFI-03177,Kiosk Owner,School Fees,21122.0,6,21,2706.0,3,0,0,3,55,1,0
MFI-03178,Food Vendor,Stock Purchase,37929.0,12,14,3311.0,0,1,0,2,1,1,0
MFI-03179,Boda Boda Operator,Business Expansion,31429.0,3,25,,2,1,1,3,11,0,1
MFI-03180,Kiosk Owner,Business Expansion,38551.0,3,17,2127.0,1,0,0,2,1,0,0
MFI-03181,Market Trader,Stock Purchase,150000.0,18,22,4400.0,3,0,0,3,9,1,0
MFI-03182,Jua Kali Artisan,School Fees,73185.0,3,19,13563.0,3,0,0,6,1,1,0
MFI-03183,Kiosk Owner,Medical Emergency,45055.0,12,18,,2,1,1,4,3,1,0
MFI-03184,Jua Kali Artisan,Business Expansion,84922.0,12,13,,4,1,1,4,6,1,0
MFI-03185,Jua Kali Artisan,Equipment,19045.0,18,18,654.0,1,0,1,5,7,1,0
MFI-03186,Jua Kali Artisan,School Fees,18405.0,9,18,692.0,0,1,0,5,2,1,0
MFI-03187,Kiosk Owner,Business Expansion,75586.0,9,15,6533.0,1,0,0,2,60,0,0
MFI-03188,Food Vendor,Equipment,36303.0,6,23,5578.0,2,0,1,4,5,1,0
MFI-03189,Kiosk Owner,Stock Purchase,40061.0,18,16,4015.0,3,0,0,2,4,0,0
MFI-03190,Kiosk Owner,Medical Emergency,14555.0,12,13,,1,0,0,2,21,0,1
MFI-03191,Food Vendor,Equipment,24858.0,12,19,3214.0,4,0,1,9,18,0,1
MFI-03192,Boda Boda Operator,Business Expansion,26171.0,6,13,,4,0,1,3,20,0,0
MFI-03193,Food Vendor,Equipment,24716.0,6,18,2716.0,3,0,0,4,5,1,0
MFI-03194,Kiosk Owner,Stock Purchase,150000.0,9,14,5161.0,1,0,1,6,17,0,0
MFI-03195,Kiosk Owner,Business Expansion,150000.0,3,18,3817.0,1,1,1,0,1,1,0
MFI-03196,Food Vendor,School Fees,90278.0,6,16,,3,1,0,2,14,1,0
MFI-03197,Market Trader,Equipment,39231.0,9,16,555.0,4,0,0,1,26,0,1
MFI-03198,Food Vendor,School Fees,22702.0,12,18,11045.0,5,1,0,4,9,1,0
MFI-03199,Jua Kali Artisan,Stock Purchase,15872.0,9,21,6490.0,2,1,0,1,1,0,1
MFI-03200,Food Vendor,Equipment,47729.0,6,24,3058.0,3,0,1,2,28,1,0
MFI-03201,Market Trader,Medical Emergency,100611.0,3,27,3583.0,2,0,1,4,7,0,0
MFI-03202,Jua Kali Artisan,Stock Purchase,67675.0,12,12,8326.0,1,1,1,2,20,1,1
MFI-03203,Kiosk Owner,Equipment,39400.0,12,9,,0,0,1,6,5,1,1
MFI-03204,Boda Boda Operator,Equipment,61967.0,12,20,9003.0,2,0,0,1,11,1,0
MFI-03205,Food Vendor,Medical Emergency,35770.0,6,13,5504.0,2,0,1,2,28,1,0
MFI-03206,Food Vendor,Equipment,29081.0,9,15,12462.0,0,0,1,6,29,0,0
MFI-03207,Food Vendor,Equipment,16140.0,9,19,1871.0,2,0,0,1,8,1,0
MFI-03208,Food Vendor,School Fees,27904.0,12,17,5578.0,2,2,1,3,71,0,1
MFI-03209,Market Trader,School Fees,46297.0,9,20,828.0,2,0,1,3,27,1,0
MFI-03210,Jua Kali Artisan,Business Expansion,26020.0,12,17,1872.0,0,2,0,3,24,0,1
MFI-03211,Market Trader,Equipment,14551.0,3,21,1269.0,4,0,1,3,55,0,0
MFI-03212,Boda Boda Operator,Stock Purchase,39803.0,3,18,4195.0,4,0,1,5,8,0,0
MFI-03213,Market Trader,Stock Purchase,46302.0,6,17,3509.0,2,0,0,6,2,0,0
MFI-03214,Food Vendor,Equipment,27030.0,9,21,,2,0,1,1,22,0,0
MFI-03215,Boda Boda Operator,Business Expansion,35682.0,12,12,,1,0,0,2,4,1,0
MFI-03216,Boda Boda Operator,School Fees,4796.0,6,17,927.0,1,0,1,1,8,0,0
MFI-03217,Boda Boda Operator,School Fees,65736.0,12,16,1576.0,2,2,0,2,10,1,0
MFI-03218,Kiosk Owner,Business Expansion,45735.0,12,18,11745.0,2,0,1,5,82,1,0
MFI-03219,Market Trader,Equipment,112679.0,9,18,5058.0,3,0,1,6,44,1,0
MFI-03220,Boda Boda Operator,Business Expansion,30626.0,18,8,1944.0,5,0,1,0,21,1,0
MFI-03221,Jua Kali Artisan,Stock Purchase,65322.0,6,16,4458.0,2,0,1,2,40,1,0
MFI-03222,Boda Boda Operator,Equipment,93224.0,6,19,6364.0,3,0,0,3,16,0,1
MFI-03223,Jua Kali Artisan,Equipment,37040.0,18,15,5448.0,2,0,0,2,11,1,0
MFI-03224,Market Trader,Business Expansion,47832.0,6,11,2857.0,5,0,1,6,1,1,0
MFI-03225,Jua Kali Artisan,Business Expansion,40705.0,18,14,2866.0,1,0,1,5,49,1,1
MFI-03226,Market Trader,Medical Emergency,10105.0,18,24,3072.0,1,0,0,3,23,1,0
MFI-03227,Market Trader,Medical Emergency,49494.0,9,21,16460.0,5,1,0,1,6,0,0
MFI-03228,Food Vendor,School Fees,17101.0,3,18,8888.0,1,0,0,3,55,0,0
MFI-03229,Food Vendor,Medical Emergency,18276.0,9,21,17848.0,5,0,1,4,8,0,0
MFI-03230,Kiosk Owner,School Fees,55239.0,3,11,5522.0,1,0,0,3,31,1,0
MFI-03231,Food Vendor,Stock Purchase,102178.0,6,16,1831.0,2,0,0,6,35,1,1
MFI-03232,Jua Kali Artisan,Medical Emergency,67821.0,3,16,17940.0,4,0,1,1,39,1,0
MFI-03233,Boda Boda Operator,Business Expansion,57854.0,3,17,,1,0,0,3,37,1,0
MFI-03234,Market Trader,School Fees,47575.0,9,16,1613.0,0,0,1,5,31,1,0
MFI-03235,Food Vendor,School Fees,72765.0,18,18,,3,0,1,7,21,0,0
MFI-03236,Market Trader,Stock Purchase,139713.0,12,17,,2,0,1,3,17,0,0
MFI-03237,Jua Kali Artisan,Medical Emergency,22891.0,6,17,5641.0,1,0,1,7,2,0,0
MFI-03238,Food Vendor,Business Expansion,23501.0,6,19,,2,0,0,1,1,1,0
MFI-03239,Food Vendor,School Fees,65180.0,18,12,2358.0,0,1,0,4,3,1,0
MFI-03240,Boda Boda Operator,Stock Purchase,9283.0,6,25,50000.0,0,0,1,1,28,0,0
MFI-03241,Boda Boda Operator,Stock Purchase,33552.0,3,21,7695.0,2,0,1,3,1,1,0
MFI-03242,Food Vendor,Medical Emergency,44751.0,6,19,4095.0,2,0,0,3,16,0,0
MFI-03243,Market Trader,Business Expansion,23525.0,6,19,7712.0,0,0,1,1,5,0,0
MFI-03244,Jua Kali Artisan,Medical Emergency,7832.0,9,10,732.0,3,0,1,1,4,1,0
MFI-03245,Jua Kali Artisan,School Fees,110009.0,9,26,1878.0,3,0,1,3,8,0,0
MFI-03246,Boda Boda Operator,Business Expansion,22478.0,9,19,2179.0,1,0,1,4,22,1,0
MFI-03247,Market Trader,Medical Emergency,23294.0,9,15,18355.0,4,0,1,1,11,1,0
MFI-03248,Market Trader,Business Expansion,105098.0,12,20,679.0,0,0,0,5,10,0,0
MFI-03249,Kiosk Owner,Stock Purchase,3420.0,9,21,1908.0,3,2,0,2,6,1,0
MFI-03250,Kiosk Owner,Stock Purchase,121660.0,6,14,5120.0,3,1,0,6,15,1,0
MFI-03251,Kiosk Owner,Equipment,150000.0,6,17,3100.0,2,0,1,3,37,1,0
MFI-03252,Jua Kali Artisan,Stock Purchase,17826.0,9,14,1842.0,4,0,0,4,12,1,0
MFI-03253,Jua Kali Artisan,Medical Emergency,24552.0,9,19,3714.0,2,1,1,3,4,0,0
MFI-03254,Food Vendor,Stock Purchase,53668.0,9,12,24956.0,2,0,0,3,20,1,0
MFI-03255,Food Vendor,School Fees,44378.0,6,18,11658.0,3,1,1,3,40,1,0
MFI-03256,Jua Kali Artisan,Stock Purchase,79840.0,6,12,939.0,2,0,0,1,21,1,1
MFI-03257,Market Trader,Medical Emergency,54081.0,9,15,5312.0,4,0,1,3,1,1,0
MFI-03258,Market Trader,School Fees,70568.0,3,19,839.0,2,0,0,2,18,1,0
MFI-03259,Boda Boda Operator,Equipment,150000.0,6,13,6432.0,2,0,0,0,6,1,0
MFI-03260,Kiosk Owner,Stock Purchase,10144.0,9,19,,0,0,0,3,16,1,0
MFI-03261,Boda Boda Operator,Equipment,106291.0,3,30,1249.0,1,0,1,3,9,1,0
MFI-03262,Jua Kali Artisan,Medical Emergency,118590.0,3,17,7160.0,1,0,1,4,6,0,0
MFI-03263,Market Trader,Business Expansion,15087.0,3,11,22375.0,2,1,1,3,9,0,1
MFI-03264,Market Trader,Medical Emergency,19168.0,6,19,553.0,0,0,1,2,3,0,0
MFI-03265,Food Vendor,Stock Purchase,54265.0,9,17,,3,0,1,3,29,0,0
MFI-03266,Market Trader,Equipment,13362.0,6,16,,3,0,0,2,6,1,0
MFI-03267,Jua Kali Artisan,Medical Emergency,22214.0,12,14,4417.0,2,1,0,6,3,0,1
MFI-03268,Kiosk Owner,Equipment,43975.0,9,22,1709.0,2,0,0,3,38,1,0
MFI-03269,Boda Boda Operator,School Fees,21016.0,9,18,,3,0,1,4,1,1,0
MFI-03270,Market Trader,Equipment,30270.0,3,22,3284.0,3,0,0,4,17,1,1
MFI-03271,Market Trader,Medical Emergency,18148.0,3,14,6273.0,5,0,1,2,12,0,0
MFI-03272,Jua Kali Artisan,School Fees,17088.0,9,11,,2,0,1,1,7,0,0
MFI-03273,Jua Kali Artisan,Medical Emergency,52957.0,12,13,5076.0,4,0,1,4,12,1,0
MFI-03274,Jua Kali Artisan,Business Expansion,33491.0,12,17,50000.0,2,1,1,2,6,1,1
MFI-03275,Food Vendor,Stock Purchase,40083.0,9,18,1048.0,2,1,1,3,3,0,0
MFI-03276,Market Trader,Medical Emergency,63789.0,9,15,271.0,3,0,0,2,13,1,0
MFI-03277,Boda Boda Operator,School Fees,42069.0,9,21,5608.0,1,2,0,0,53,1,0
MFI-03278,Boda Boda Operator,Business Expansion,27775.0,6,20,3556.0,2,0,0,2,21,1,0
MFI-03279,Boda Boda Operator,Equipment,17955.0,18,22,4012.0,1,0,1,1,20,0,0
MFI-03280,Food Vendor,Medical Emergency,52010.0,18,20,1737.0,1,0,0,7,27,0,0
MFI-03281,Kiosk Owner,Medical Emergency,150000.0,9,19,7191.0,2,0,1,5,14,0,0
MFI-03282,Food Vendor,Equipment,73451.0,6,22,20431.0,2,2,1,2,46,0,0
MFI-03283,Market Trader,School Fees,10894.0,12,14,,2,0,0,4,9,1,0
MFI-03284,Food Vendor,Equipment,7189.0,6,18,12956.0,1,1,0,1,10,1,0
MFI-03285,Jua Kali Artisan,Business Expansion,20169.0,9,16,6483.0,3,1,0,3,6,0,0
MFI-03286,Boda Boda Operator,Medical Emergency,10617.0,12,28,7442.0,1,1,0,2,2,1,0
MFI-03287,Market Trader,Equipment,12993.0,3,20,5830.0,2,0,1,0,9,1,0
MFI-03288,Market Trader,Medical Emergency,5429.0,6,17,3138.0,0,0,1,4,43,0,0
MFI-03289,Market Trader,Medical Emergency,43761.0,6,16,9573.0,2,0,1,4,37,1,0
MFI-03290,Market Trader,Medical Emergency,14377.0,12,21,2811.0,4,0,0,6,58,0,0
MFI-03291,Kiosk Owner,Equipment,14264.0,18,21,13086.0,4,1,0,1,21,0,0
MFI-03292,Food Vendor,Equipment,21357.0,6,20,15337.0,1,0,0,4,6,1,0
MFI-03293,Market Trader,Stock Purchase,21719.0,6,13,4019.0,2,1,1,6,8,0,0
MFI-03294,Kiosk Owner,Equipment,29440.0,18,20,1700.0,1,0,1,3,6,0,0
MFI-03295,Food Vendor,Business Expansion,11844.0,9,24,4814.0,1,0,1,1,1,0,0
MFI-03296,Food Vendor,School Fees,79855.0,3,26,15033.0,2,0,0,5,16,0,0
MFI-03297,Kiosk Owner,Stock Purchase,45397.0,3,22,2983.0,3,0,1,3,30,1,0
MFI-03298,Jua Kali Artisan,Medical Emergency,50568.0,18,16,5602.0,5,2,0,0,31,1,1
MFI-03299,Jua Kali Artisan,Equipment,25541.0,6,24,3883.0,3,0,0,6,35,0,1
MFI-03300,Market Trader,School Fees,85782.0,18,16,3339.0,1,0,1,4,3,0,0
MFI-03301,Kiosk Owner,School Fees,53685.0,9,16,,0,0,1,2,12,1,0
MFI-03302,Kiosk Owner,School Fees,42290.0,12,18,12324.0,2,0,1,1,26,1,0
MFI-03303,Jua Kali Artisan,Medical Emergency,80706.0,6,24,2230.0,1,0,1,5,4,0,1
MFI-03304,Kiosk Owner,Stock Purchase,9544.0,3,19,644.0,4,0,1,0,17,0,0
MFI-03305,Kiosk Owner,School Fees,42413.0,12,10,7829.0,0,0,0,1,10,0,0
MFI-03306,Market Trader,Stock Purchase,21258.0,6,24,2110.0,2,1,1,2,18,1,0
MFI-03307,Market Trader,Business Expansion,20311.0,12,19,6300.0,4,0,0,1,64,0,0
MFI-03308,Kiosk Owner,Business Expansion,68826.0,3,19,3904.0,1,2,1,2,22,1,0
MFI-03309,Boda Boda Operator,School Fees,108823.0,9,18,17598.0,1,0,1,3,25,0,0
MFI-03310,Boda Boda Operator,School Fees,100502.0,12,10,4161.0,2,0,0,4,1,0,0
MFI-03311,Kiosk Owner,Business Expansion,36513.0,3,12,6090.0,0,0,0,6,19,1,0
MFI-03312,Jua Kali Artisan,Stock Purchase,28029.0,6,15,43724.0,2,0,1,2,4,1,0
MFI-03313,Market Trader,Stock Purchase,97998.0,9,19,15971.0,1,0,1,2,31,1,0
MFI-03314,Boda Boda Operator,Stock Purchase,16556.0,12,24,830.0,2,2,1,2,27,0,1
MFI-03315,Market Trader,Equipment,141157.0,6,23,3701.0,1,0,1,6,4,1,0
MFI-03316,Kiosk Owner,Business Expansion,26667.0,12,14,2847.0,0,0,1,2,10,1,0
MFI-03317,Market Trader,Equipment,34901.0,9,20,8759.0,2,0,0,3,24,0,1
MFI-03318,Boda Boda Operator,Equipment,23705.0,6,15,2790.0,2,1,1,3,10,0,0
MFI-03319,Kiosk Owner,Business Expansion,37344.0,6,18,1048.0,2,0,1,4,6,1,0
MFI-03320,Kiosk Owner,Equipment,17525.0,12,16,5474.0,2,0,0,1,5,1,0
MFI-03321,Kiosk Owner,Equipment,26957.0,12,29,12786.0,1,0,1,4,16,1,0
MFI-03322,Market Trader,Medical Emergency,41065.0,9,23,4226.0,1,3,0,3,11,0,0
MFI-03323,Jua Kali Artisan,Business Expansion,33353.0,6,18,3942.0,1,0,0,2,10,0,0
MFI-03324,Boda Boda Operator,School Fees,4957.0,3,10,4490.0,1,0,1,4,88,1,0
MFI-03325,Food Vendor,School Fees,150000.0,9,20,2293.0,2,1,1,3,17,0,1
MFI-03326,Boda Boda Operator,Stock Purchase,128709.0,9,17,3902.0,2,0,0,1,18,1,0
MFI-03327,Boda Boda Operator,Stock Purchase,14299.0,6,15,3649.0,0,0,0,5,40,1,0
MFI-03328,Food Vendor,School Fees,22087.0,6,11,8973.0,0,0,1,4,17,1,0
MFI-03329,Boda Boda Operator,Stock Purchase,31657.0,12,17,16158.0,0,0,0,4,1,1,0
MFI-03330,Kiosk Owner,Equipment,61806.0,6,21,10343.0,2,0,0,4,36,0,0
MFI-03331,Kiosk Owner,School Fees,52989.0,6,26,3204.0,1,1,0,5,31,1,0
MFI-03332,Market Trader,School Fees,15077.0,9,17,,2,0,1,2,12,0,0
MFI-03333,Food Vendor,Stock Purchase,150000.0,6,15,,1,1,1,2,2,1,0
MFI-03334,Kiosk Owner,Stock Purchase,26443.0,6,22,,0,0,1,1,4,0,0
MFI-03335,Food Vendor,Equipment,150000.0,9,16,12997.0,1,0,1,2,60,0,0
MFI-03336,Kiosk Owner,Equipment,22398.0,18,19,,1,0,0,1,24,1,0
MFI-03337,Boda Boda Operator,Medical Emergency,84577.0,6,16,2750.0,1,0,0,4,39,1,0
MFI-03338,Food Vendor,School Fees,49048.0,3,15,1472.0,1,1,1,1,5,0,0
MFI-03339,Kiosk Owner,Equipment,18316.0,3,9,11100.0,3,0,1,3,17,1,0
MFI-03340,Jua Kali Artisan,Equipment,58112.0,3,17,,2,0,1,3,18,1,0
MFI-03341,Food Vendor,Equipment,42049.0,12,29,11966.0,1,2,0,1,11,1,0
MFI-03342,Food Vendor,Equipment,75939.0,18,18,2750.0,2,0,0,5,15,0,0
MFI-03343,Jua Kali Artisan,School Fees,19525.0,3,25,1529.0,1,0,0,1,20,1,0
MFI-03344,Food Vendor,Stock Purchase,33958.0,6,23,,0,0,1,3,2,1,0
MFI-03345,Market Trader,Stock Purchase,69362.0,12,19,1418.0,2,0,0,1,22,1,0
MFI-03346,Boda Boda Operator,Business Expansion,8415.0,12,13,1168.0,0,0,1,2,1,1,0
MFI-03347,Boda Boda Operator,Stock Purchase,14423.0,6,20,35446.0,4,1,0,3,50,1,1
MFI-03348,Kiosk Owner,Stock Purchase,37505.0,18,9,8907.0,3,0,1,2,14,0,0
MFI-03349,Market Trader,Business Expansion,41941.0,9,17,7367.0,2,1,0,3,16,1,1
MFI-03350,Jua Kali Artisan,Medical Emergency,33643.0,18,13,6150.0,2,0,1,6,8,0,1
MFI-03351,Jua Kali Artisan,Medical Emergency,68780.0,3,18,2490.0,3,0,0,4,87,1,0
MFI-03352,Boda Boda Operator,Business Expansion,33517.0,12,18,,0,0,0,7,9,0,0
MFI-03353,Jua Kali Artisan,Business Expansion,82297.0,3,24,27834.0,1,0,0,4,13,0,0
MFI-03354,Boda Boda Operator,School Fees,47042.0,12,6,4487.0,4,0,0,5,17,1,0
MFI-03355,Market Trader,Business Expansion,14849.0,18,17,,1,0,0,2,29,1,0
MFI-03356,Market Trader,School Fees,41331.0,6,21,18721.0,2,0,1,2,9,1,0
MFI-03357,Market Trader,Medical Emergency,34107.0,6,21,2330.0,1,0,0,7,82,1,1
MFI-03358,Kiosk Owner,School Fees,21229.0,6,15,7858.0,1,0,1,6,14,1,0
MFI-03359,Jua Kali Artisan,Stock Purchase,10788.0,6,27,19576.0,1,0,1,3,7,1,0
MFI-03360,Kiosk Owner,Stock Purchase,14131.0,9,21,4092.0,2,2,0,8,9,0,0
MFI-03361,Food Vendor,Business Expansion,18429.0,9,12,555.0,1,1,1,2,39,0,1
MFI-03362,Jua Kali Artisan,Medical Emergency,84712.0,9,17,11881.0,1,0,1,1,16,1,0
MFI-03363,Food Vendor,Business Expansion,28005.0,9,24,17648.0,2,1,1,2,14,1,0
MFI-03364,Market Trader,Medical Emergency,96538.0,3,16,5019.0,1,0,1,6,1,1,0
MFI-03365,Kiosk Owner,School Fees,16030.0,9,17,3951.0,1,1,1,2,47,0,0
MFI-03366,Kiosk Owner,Stock Purchase,20645.0,6,14,4832.0,3,0,0,6,25,1,0
MFI-03367,Boda Boda Operator,Equipment,23159.0,9,25,5390.0,3,0,1,2,68,1,0
MFI-03368,Market Trader,Equipment,28766.0,9,18,3480.0,2,0,0,2,2,0,0
MFI-03369,Boda Boda Operator,School Fees,44014.0,6,20,28543.0,2,0,1,1,36,0,0
MFI-03370,Market Trader,Equipment,59958.0,6,25,6008.0,2,0,1,2,30,0,0
MFI-03371,Boda Boda Operator,Medical Emergency,99166.0,6,24,5010.0,1,0,1,6,18,1,0
MFI-03372,Kiosk Owner,School Fees,6251.0,6,15,10717.0,1,0,1,2,5,0,0
MFI-03373,Kiosk Owner,Equipment,150000.0,12,12,,0,0,0,5,1,1,1
MFI-03374,Boda Boda Operator,Equipment,15542.0,9,24,,2,1,1,3,12,0,0
MFI-03375,Boda Boda Operator,Stock Purchase,39347.0,9,16,8113.0,1,0,1,5,37,0,0
MFI-03376,Jua Kali Artisan,Medical Emergency,78320.0,6,18,4728.0,0,1,0,2,11,1,1
MFI-03377,Kiosk Owner,Equipment,60706.0,9,17,10418.0,1,0,1,2,40,1,0
MFI-03378,Food Vendor,Stock Purchase,88999.0,6,17,3604.0,5,0,1,1,62,0,0
MFI-03379,Food Vendor,Stock Purchase,81983.0,6,24,7454.0,3,0,1,2,11,0,0
MFI-03380,Market Trader,Equipment,50697.0,6,18,11015.0,2,0,1,1,14,1,0
MFI-03381,Jua Kali Artisan,Business Expansion,66181.0,6,13,13621.0,1,0,0,3,7,0,0
MFI-03382,Boda Boda Operator,Equipment,13489.0,12,15,,1,0,1,2,11,1,1
MFI-03383,Food Vendor,Stock Purchase,20577.0,6,27,6638.0,3,0,1,4,13,1,0
MFI-03384,Market Trader,Stock Purchase,16663.0,9,18,11438.0,2,0,1,7,59,1,0
MFI-03385,Kiosk Owner,Equipment,5452.0,6,27,1876.0,2,0,0,4,6,0,0
MFI-03386,Kiosk Owner,Business Expansion,17133.0,12,21,14421.0,4,0,0,0,36,0,0
MFI-03387,Food Vendor,School Fees,15871.0,9,15,6066.0,2,0,1,2,11,0,0
MFI-03388,Market Trader,Business Expansion,17241.0,9,13,3189.0,3,0,0,0,1,0,0
MFI-03389,Kiosk Owner,Business Expansion,61951.0,12,14,,1,0,0,0,31,1,0
MFI-03390,Market Trader,Business Expansion,19668.0,12,11,11197.0,2,1,0,2,10,0,0
MFI-03391,Kiosk Owner,Equipment,71386.0,6,20,,4,0,0,4,10,0,1
MFI-03392,Kiosk Owner,School Fees,10364.0,6,24,,5,1,1,3,81,0,0
MFI-03393,Kiosk Owner,Business Expansion,21531.0,12,16,700.0,2,0,1,2,4,0,0
MFI-03394,Boda Boda Operator,Business Expansion,26573.0,12,24,1630.0,1,0,1,1,12,1,0
MFI-03395,Boda Boda Operator,Medical Emergency,93801.0,18,15,20455.0,0,0,1,2,58,1,0
MFI-03396,Market Trader,Business Expansion,38144.0,12,16,12386.0,1,0,1,4,48,1,0
MFI-03397,Kiosk Owner,Medical Emergency,45856.0,3,17,3132.0,3,0,0,0,34,0,0
MFI-03398,Market Trader,School Fees,15096.0,6,8,13753.0,1,0,0,3,3,1,0
MFI-03399,Food Vendor,Business Expansion,71767.0,6,20,,2,0,1,3,20,1,0
MFI-03400,Kiosk Owner,Stock Purchase,34645.0,6,17,6216.0,1,0,1,3,33,1,0
MFI-03401,Kiosk Owner,Equipment,8931.0,6,18,274.0,2,0,1,2,18,1,0
MFI-03402,Market Trader,Stock Purchase,63606.0,12,22,1756.0,2,0,0,1,6,1,0
MFI-03403,Market Trader,Business Expansion,45860.0,12,21,,1,1,1,4,35,1,1
MFI-03404,Food Vendor,Business Expansion,27579.0,6,14,467.0,2,0,1,6,21,0,0
MFI-03405,Food Vendor,Medical Emergency,27556.0,6,20,10664.0,1,0,0,1,8,1,0
MFI-03406,Market Trader,School Fees,15424.0,6,22,4632.0,2,0,0,0,51,1,1
MFI-03407,Boda Boda Operator,Stock Purchase,91756.0,6,18,,2,0,1,3,1,0,0
MFI-03408,Jua Kali Artisan,Business Expansion,64967.0,9,17,,0,0,1,3,21,1,0
MFI-03409,Food Vendor,Equipment,15573.0,6,19,1198.0,4,0,1,4,20,0,0
MFI-03410,Jua Kali Artisan,Equipment,37816.0,6,17,,1,0,1,1,17,0,0
MFI-03411,Food Vendor,School Fees,20591.0,3,24,6675.0,1,0,0,3,97,1,0
MFI-03412,Food Vendor,Stock Purchase,13091.0,9,16,14821.0,3,0,1,1,10,0,0
MFI-03413,Food Vendor,Medical Emergency,126039.0,6,20,5041.0,1,0,1,2,11,0,0
MFI-03414,Food Vendor,Medical Emergency,27365.0,9,16,13251.0,0,1,1,1,18,0,0
MFI-03415,Boda Boda Operator,Medical Emergency,18530.0,6,24,4877.0,2,1,1,6,44,0,0
MFI-03416,Boda Boda Operator,Medical Emergency,14014.0,12,12,9238.0,3,0,1,3,16,1,0
MFI-03417,Jua Kali Artisan,Equipment,29936.0,12,22,27420.0,3,1,0,4,32,1,0
MFI-03418,Market Trader,Equipment,6660.0,9,19,8492.0,1,0,0,6,48,1,0
MFI-03419,Jua Kali Artisan,Business Expansion,32150.0,6,19,2363.0,5,0,1,0,11,0,0
MFI-03420,Boda Boda Operator,Business Expansion,95672.0,3,16,6411.0,2,1,1,6,67,0,1
MFI-03421,Boda Boda Operator,Stock Purchase,76254.0,6,19,5438.0,4,0,1,6,25,1,0
MFI-03422,Kiosk Owner,Stock Purchase,53395.0,18,18,,0,0,0,3,103,1,0
MFI-03423,Kiosk Owner,School Fees,150000.0,12,19,2212.0,3,0,0,4,1,1,0
MFI-03424,Food Vendor,Equipment,44578.0,6,21,45822.0,1,0,1,2,15,0,0
MFI-03425,Kiosk Owner,School Fees,17518.0,6,19,3776.0,4,0,0,2,1,0,0
MFI-03426,Market Trader,Medical Emergency,70810.0,3,17,473.0,1,1,0,3,12,0,1
MFI-03427,Jua Kali Artisan,Business Expansion,40448.0,6,12,2604.0,2,0,1,1,36,1,0
MFI-03428,Jua Kali Artisan,Business Expansion,37495.0,12,12,2277.0,0,0,1,2,20,1,0
MFI-03429,Boda Boda Operator,School Fees,46009.0,9,16,3834.0,2,0,0,5,19,0,0
MFI-03430,Jua Kali Artisan,School Fees,26452.0,12,21,,0,0,1,1,6,1,0
MFI-03431,Market Trader,Equipment,150000.0,18,24,2840.0,5,0,0,5,40,1,1
MFI-03432,Kiosk Owner,Medical Emergency,9873.0,6,11,6320.0,1,2,0,3,39,1,1
MFI-03433,Kiosk Owner,Stock Purchase,69764.0,9,23,1287.0,0,0,1,1,5,0,0
MFI-03434,Market Trader,Stock Purchase,40395.0,12,22,,3,0,1,1,1,1,0
MFI-03435,Kiosk Owner,School Fees,52277.0,9,20,5129.0,4,0,0,5,69,1,0
MFI-03436,Food Vendor,School Fees,26791.0,6,25,5829.0,3,0,1,4,32,1,0
MFI-03437,Jua Kali Artisan,School Fees,121925.0,18,24,3296.0,1,0,0,4,8,1,1
MFI-03438,Kiosk Owner,Stock Purchase,73687.0,9,19,6143.0,2,1,0,0,4,0,1
MFI-03439,Jua Kali Artisan,Business Expansion,19612.0,3,16,10585.0,3,0,1,2,21,0,0
MFI-03440,Market Trader,Business Expansion,88935.0,9,22,,1,0,0,3,52,0,1
MFI-03441,Kiosk Owner,Stock Purchase,46173.0,6,24,15249.0,4,1,0,1,5,0,0
MFI-03442,Food Vendor,Business Expansion,22768.0,12,11,5657.0,2,0,0,5,3,1,0
MFI-03443,Food Vendor,Equipment,9376.0,3,14,,1,1,1,5,1,1,0
MFI-03444,Market Trader,School Fees,67173.0,6,14,7519.0,2,0,1,3,10,0,1
MFI-03445,Food Vendor,Medical Emergency,20348.0,6,18,612.0,2,0,1,4,12,0,0
MFI-03446,Market Trader,Medical Emergency,55344.0,12,22,2034.0,3,0,0,5,77,1,0
MFI-03447,Food Vendor,Business Expansion,116942.0,12,14,2153.0,5,1,1,2,8,0,0
MFI-03448,Kiosk Owner,Stock Purchase,18978.0,12,17,2210.0,2,1,0,4,32,1,1
MFI-03449,Jua Kali Artisan,Equipment,106485.0,12,15,1673.0,1,1,1,3,40,1,0
MFI-03450,Jua Kali Artisan,Medical Emergency,14486.0,18,14,15240.0,2,1,1,3,13,1,0
MFI-03451,Boda Boda Operator,Medical Emergency,118947.0,6,24,22320.0,0,2,1,2,5,1,0
MFI-03452,Jua Kali Artisan,Business Expansion,150000.0,12,13,952.0,1,0,1,2,17,1,0
MFI-03453,Food Vendor,Stock Purchase,74594.0,9,19,10846.0,3,1,1,3,19,1,0
MFI-03454,Boda Boda Operator,Medical Emergency,51573.0,12,20,8926.0,0,1,1,6,32,1,1
MFI-03455,Boda Boda Operator,Equipment,74041.0,6,10,45424.0,0,0,0,4,6,0,0
MFI-03456,Kiosk Owner,School Fees,27740.0,9,20,,2,0,0,2,33,1,0
MFI-03457,Kiosk Owner,Stock Purchase,12554.0,6,15,1047.0,0,0,0,2,8,0,0
MFI-03458,Kiosk Owner,School Fees,20093.0,9,17,1043.0,2,1,0,0,2,1,1
MFI-03459,Food Vendor,School Fees,150000.0,18,16,15026.0,3,0,0,0,9,1,0
MFI-03460,Food Vendor,Stock Purchase,14306.0,9,16,2103.0,1,0,1,3,4,1,0
MFI-03461,Food Vendor,Equipment,78227.0,9,22,10098.0,2,0,1,4,84,1,0
MFI-03462,Jua Kali Artisan,Equipment,33230.0,6,21,4782.0,0,0,1,3,34,1,0
MFI-03463,Market Trader,Business Expansion,27290.0,12,16,11944.0,2,0,1,1,11,1,0
MFI-03464,Kiosk Owner,Stock Purchase,140249.0,18,18,,3,0,1,1,13,1,1
MFI-03465,Boda Boda Operator,Stock Purchase,39112.0,3,20,5262.0,2,0,1,3,11,1,0
MFI-03466,Boda Boda Operator,Business Expansion,76585.0,9,20,10804.0,0,1,1,5,8,0,1
MFI-03467,Boda Boda Operator,Equipment,150000.0,9,18,9808.0,6,0,1,4,109,0,0
MFI-03468,Market Trader,Stock Purchase,30722.0,12,5,12872.0,6,0,1,3,4,1,0
MFI-03469,Food Vendor,Stock Purchase,53041.0,9,14,,1,1,0,2,5,0,1
MFI-03470,Food Vendor,School Fees,63807.0,6,15,,1,0,1,4,5,0,0
MFI-03471,Food Vendor,School Fees,28062.0,3,22,4781.0,1,0,0,2,36,1,0
MFI-03472,Boda Boda Operator,Equipment,53833.0,9,23,21309.0,1,0,1,3,20,0,0
MFI-03473,Market Trader,School Fees,89535.0,6,11,50000.0,4,1,0,5,3,1,0
MFI-03474,Jua Kali Artisan,School Fees,67917.0,18,18,20692.0,0,1,1,3,8,0,0
MFI-03475,Market Trader,Equipment,39877.0,9,16,12043.0,1,0,0,3,17,1,0
MFI-03476,Market Trader,Equipment,3617.0,6,24,7692.0,1,0,0,4,45,1,0
MFI-03477,Kiosk Owner,Business Expansion,11420.0,18,30,5079.0,0,0,0,2,5,1,0
MFI-03478,Jua Kali Artisan,Stock Purchase,150000.0,9,14,17396.0,0,0,0,2,2,0,0
MFI-03479,Market Trader,Stock Purchase,16919.0,12,24,6006.0,4,0,0,5,59,0,0
MFI-03480,Jua Kali Artisan,Equipment,92432.0,18,22,3062.0,3,0,1,3,15,1,0
MFI-03481,Market Trader,Equipment,13618.0,12,21,4621.0,2,0,1,5,120,0,0
MFI-03482,Jua Kali Artisan,Medical Emergency,16802.0,18,12,2447.0,2,1,1,5,3,1,1
MFI-03483,Jua Kali Artisan,School Fees,62569.0,6,14,,0,2,0,0,8,1,1
MFI-03484,Jua Kali Artisan,Medical Emergency,125922.0,3,5,888.0,3,0,0,4,5,1,1
MFI-03485,Kiosk Owner,Stock Purchase,61118.0,18,18,5132.0,4,0,0,2,44,1,1
MFI-03486,Food Vendor,Equipment,48304.0,9,24,634.0,2,1,1,5,3,0,1
MFI-03487,Market Trader,Business Expansion,12228.0,12,14,1548.0,3,0,1,1,35,1,0
MFI-03488,Kiosk Owner,Stock Purchase,6619.0,9,13,7848.0,0,0,1,3,16,0,0
MFI-03489,Market Trader,Equipment,25695.0,12,14,2321.0,4,0,1,1,47,1,0
MFI-03490,Market Trader,Stock Purchase,41095.0,3,19,1436.0,1,0,1,5,3,0,1
MFI-03491,Boda Boda Operator,Medical Emergency,34841.0,3,16,1609.0,1,0,1,1,4,1,1
MFI-03492,Boda Boda Operator,Equipment,150000.0,18,19,16219.0,1,0,1,3,46,0,0
MFI-03493,Kiosk Owner,School Fees,10576.0,6,17,,3,0,0,1,17,0,0
MFI-03494,Market Trader,Business Expansion,28460.0,6,20,2134.0,0,1,0,2,9,1,0
MFI-03495,Kiosk Owner,Equipment,138176.0,18,19,8033.0,0,0,0,5,9,1,0
MFI-03496,Food Vendor,Stock Purchase,61123.0,18,16,,2,1,1,5,12,1,0
MFI-03497,Food Vendor,Equipment,15132.0,9,12,11180.0,2,0,1,2,17,1,0
MFI-03498,Boda Boda Operator,School Fees,6173.0,9,22,17641.0,3,0,1,2,1,1,0
MFI-03499,Boda Boda Operator,School Fees,26523.0,18,18,875.0,3,0,0,2,1,0,0
MFI-03500,Kiosk Owner,Equipment,16166.0,6,28,7484.0,3,0,1,1,18,0,0
MFI-03501,Food Vendor,Medical Emergency,25439.0,9,17,5105.0,3,1,0,3,8,0,1
MFI-03502,Food Vendor,Business Expansion,150000.0,12,18,14709.0,0,0,1,4,20,0,0
MFI-03503,Kiosk Owner,Business Expansion,16154.0,12,19,881.0,2,0,1,2,43,1,0
MFI-03504,Food Vendor,School Fees,21645.0,12,18,1361.0,1,0,1,4,8,1,0
MFI-03505,Boda Boda Operator,Stock Purchase,75421.0,12,16,5408.0,3,0,0,4,24,0,0
MFI-03506,Kiosk Owner,School Fees,45958.0,6,12,3733.0,2,1,1,5,19,1,0
MFI-03507,Jua Kali Artisan,Medical Emergency,120455.0,9,14,6989.0,2,0,1,1,7,1,0
MFI-03508,Jua Kali Artisan,School Fees,69908.0,3,19,953.0,3,1,0,4,24,0,1
MFI-03509,Jua Kali Artisan,Medical Emergency,20907.0,3,18,16222.0,0,1,1,5,72,1,1
MFI-03510,Food Vendor,Medical Emergency,54817.0,12,25,5893.0,2,1,1,3,39,0,1
MFI-03511,Boda Boda Operator,Stock Purchase,39860.0,12,19,,0,0,0,3,1,1,0
MFI-03512,Boda Boda Operator,Equipment,8884.0,6,24,4242.0,0,0,1,2,6,1,0
MFI-03513,Food Vendor,Stock Purchase,150000.0,9,15,1558.0,1,0,1,1,10,0,0
MFI-03514,Boda Boda Operator,Stock Purchase,15551.0,3,19,2260.0,1,0,1,1,43,0,0
MFI-03515,Kiosk Owner,Equipment,33320.0,6,12,25348.0,1,0,0,2,23,1,0
MFI-03516,Kiosk Owner,Equipment,24895.0,3,22,5298.0,1,0,0,2,25,1,0
MFI-03517,Food Vendor,Equipment,39872.0,6,19,4956.0,3,0,0,0,19,0,0
MFI-03518,Boda Boda Operator,Stock Purchase,42381.0,9,16,11545.0,1,0,0,3,6,1,0
MFI-03519,Food Vendor,School Fees,57692.0,12,15,2235.0,0,0,1,2,3,1,0
MFI-03520,Boda Boda Operator,School Fees,24821.0,9,20,7555.0,3,0,1,1,5,1,0
MFI-03521,Boda Boda Operator,Stock Purchase,86314.0,18,12,5726.0,2,2,1,4,17,0,1
MFI-03522,Kiosk Owner,Equipment,21096.0,3,18,,0,0,1,5,31,0,1
MFI-03523,Kiosk Owner,Stock Purchase,23732.0,9,19,3022.0,1,2,1,4,82,0,0
MFI-03524,Kiosk Owner,School Fees,9172.0,18,15,,0,1,1,3,115,0,0
MFI-03525,Market Trader,Equipment,43650.0,6,19,8559.0,1,0,1,2,2,1,0
MFI-03526,Food Vendor,Stock Purchase,122511.0,12,22,2302.0,1,0,1,4,104,1,0
MFI-03527,Jua Kali Artisan,School Fees,29778.0,6,17,7867.0,1,0,1,1,11,0,0
MFI-03528,Boda Boda Operator,Equipment,149041.0,18,10,1596.0,1,0,0,3,120,1,0
MFI-03529,Market Trader,Equipment,15182.0,12,17,2459.0,2,0,0,2,29,1,1
MFI-03530,Kiosk Owner,Business Expansion,12257.0,9,24,,3,0,1,1,38,1,0
MFI-03531,Food Vendor,Equipment,110287.0,12,23,6344.0,2,1,0,3,46,1,0
MFI-03532,Boda Boda Operator,School Fees,31720.0,9,17,1667.0,1,1,1,5,4,1,1
MFI-03533,Boda Boda Operator,School Fees,16658.0,6,20,7008.0,1,1,1,1,14,0,0
MFI-03534,Market Trader,Medical Emergency,44814.0,6,20,,0,0,1,3,7,0,0
MFI-03535,Kiosk Owner,School Fees,47387.0,9,29,,1,1,1,4,3,0,0
MFI-03536,Jua Kali Artisan,School Fees,77358.0,9,24,7479.0,0,0,0,2,5,1,0
MFI-03537,Boda Boda Operator,School Fees,27869.0,18,15,1582.0,3,0,0,6,2,1,1
MFI-03538,Kiosk Owner,Equipment,12273.0,9,14,5902.0,3,0,0,1,12,0,0
MFI-03539,Market Trader,Medical Emergency,29178.0,9,30,2281.0,0,0,1,6,6,1,0
MFI-03540,Food Vendor,Medical Emergency,35748.0,6,18,5309.0,2,1,0,4,15,0,1
MFI-03541,Food Vendor,Stock Purchase,89423.0,3,21,7251.0,0,0,1,4,13,1,0
MFI-03542,Market Trader,Stock Purchase,10864.0,3,19,8023.0,2,1,1,1,22,0,0
MFI-03543,Jua Kali Artisan,Medical Emergency,26870.0,9,14,,5,0,1,1,77,1,0
MFI-03544,Food Vendor,Medical Emergency,45921.0,9,10,,0,0,1,1,74,1,0
MFI-03545,Market Trader,Equipment,125043.0,9,15,5145.0,1,0,1,3,51,0,0
MFI-03546,Food Vendor,School Fees,21266.0,18,16,3166.0,3,0,1,3,8,1,0
MFI-03547,Market Trader,Medical Emergency,18945.0,12,17,3231.0,1,0,1,5,52,1,0
MFI-03548,Food Vendor,Business Expansion,61822.0,6,20,1688.0,2,0,1,2,2,1,0
MFI-03549,Jua Kali Artisan,Equipment,5874.0,12,17,7149.0,3,1,1,4,25,1,0
MFI-03550,Market Trader,Stock Purchase,23079.0,18,18,2564.0,2,1,1,2,25,0,0
MFI-03551,Jua Kali Artisan,Equipment,58252.0,6,24,3552.0,3,0,1,6,3,1,0
MFI-03552,Jua Kali Artisan,Medical Emergency,48155.0,12,21,5122.0,1,0,0,2,21,0,0
MFI-03553,Boda Boda Operator,Business Expansion,42691.0,6,21,401.0,3,0,1,1,3,0,0
MFI-03554,Market Trader,Medical Emergency,9778.0,12,19,992.0,1,0,0,2,77,1,1
MFI-03555,Jua Kali Artisan,Stock Purchase,13093.0,9,17,24025.0,4,0,1,1,15,0,0
MFI-03556,Boda Boda Operator,Equipment,106312.0,12,17,1035.0,2,1,0,5,40,1,0
MFI-03557,Boda Boda Operator,Stock Purchase,33674.0,12,19,,0,0,1,4,16,1,0
MFI-03558,Jua Kali Artisan,Medical Emergency,30492.0,9,17,11937.0,1,1,0,5,5,1,0
MFI-03559,Kiosk Owner,Medical Emergency,19309.0,6,16,4826.0,0,0,1,3,3,1,0
MFI-03560,Market Trader,Equipment,36857.0,9,19,,1,0,0,8,10,1,0
MFI-03561,Market Trader,Medical Emergency,24571.0,6,15,11180.0,1,3,1,2,67,1,1
MFI-03562,Kiosk Owner,School Fees,72081.0,18,23,5986.0,3,0,0,2,1,0,0
MFI-03563,Market Trader,Equipment,15630.0,6,26,7252.0,7,2,1,2,10,0,0
MFI-03564,Jua Kali Artisan,Stock Purchase,70818.0,6,18,12754.0,1,0,0,2,17,0,0
MFI-03565,Boda Boda Operator,Business Expansion,135333.0,3,15,7311.0,1,0,0,5,17,1,1
MFI-03566,Boda Boda Operator,Medical Emergency,59532.0,12,20,11533.0,1,2,1,7,6,1,1
MFI-03567,Kiosk Owner,Business Expansion,13532.0,18,13,24559.0,1,0,1,2,12,0,0
MFI-03568,Jua Kali Artisan,Stock Purchase,70047.0,3,17,17237.0,1,0,1,3,1,1,0
MFI-03569,Jua Kali Artisan,Business Expansion,24546.0,6,16,3601.0,2,0,1,4,37,0,0
MFI-03570,Boda Boda Operator,Equipment,23893.0,6,19,,1,0,0,4,65,1,1
MFI-03571,Food Vendor,Stock Purchase,40463.0,12,21,5153.0,2,1,1,7,17,1,0
MFI-03572,Food Vendor,Equipment,29798.0,6,24,39157.0,1,0,1,3,34,0,0
MFI-03573,Market Trader,Equipment,25053.0,6,19,1514.0,1,1,1,3,23,1,0
MFI-03574,Market Trader,Business Expansion,62867.0,6,27,3968.0,3,0,1,7,8,0,0
MFI-03575,Market Trader,School Fees,39832.0,6,14,4293.0,2,0,1,0,38,0,1
MFI-03576,Jua Kali Artisan,Equipment,7868.0,9,24,2104.0,1,1,1,2,15,1,0
MFI-03577,Boda Boda Operator,Equipment,82327.0,18,20,,2,0,1,4,64,0,1
MFI-03578,Jua Kali Artisan,Stock Purchase,94772.0,9,17,2773.0,1,0,0,1,22,1,0
MFI-03579,Kiosk Owner,School Fees,58757.0,6,20,4665.0,2,0,1,4,10,1,0
MFI-03580,Boda Boda Operator,Medical Emergency,61599.0,3,13,4155.0,2,1,1,4,51,0,1
MFI-03581,Boda Boda Operator,Equipment,30398.0,6,17,5082.0,4,1,1,5,23,1,1
MFI-03582,Boda Boda Operator,Stock Purchase,13946.0,18,18,1876.0,2,1,1,1,12,0,1
MFI-03583,Boda Boda Operator,Business Expansion,41861.0,6,18,2956.0,0,1,0,1,30,0,1
MFI-03584,Market Trader,Stock Purchase,125308.0,6,21,4196.0,0,0,1,2,47,1,0
MFI-03585,Boda Boda Operator,School Fees,45172.0,6,6,4750.0,1,0,1,3,1,0,0
MFI-03586,Jua Kali Artisan,Stock Purchase,137202.0,9,18,4954.0,1,0,1,3,8,1,0
MFI-03587,Boda Boda Operator,Medical Emergency,142627.0,6,23,8877.0,1,1,1,3,6,0,1
MFI-03588,Kiosk Owner,Business Expansion,35284.0,9,16,1640.0,1,0,1,1,9,0,0
MFI-03589,Food Vendor,Business Expansion,25059.0,18,14,,0,0,0,1,43,1,0
MFI-03590,Jua Kali Artisan,Equipment,25764.0,3,10,1941.0,0,1,0,2,13,1,0
MFI-03591,Jua Kali Artisan,School Fees,32822.0,3,21,1751.0,1,0,1,2,10,0,0
MFI-03592,Jua Kali Artisan,Business Expansion,16661.0,9,18,6970.0,5,0,1,1,21,1,0
MFI-03593,Market Trader,Business Expansion,56697.0,6,15,,3,0,1,2,7,1,0
MFI-03594,Kiosk Owner,Medical Emergency,78073.0,9,24,2858.0,7,0,1,3,26,0,0
MFI-03595,Boda Boda Operator,Stock Purchase,8263.0,12,23,2717.0,6,0,0,2,1,1,0
MFI-03596,Kiosk Owner,Medical Emergency,150000.0,12,22,1328.0,2,0,1,2,10,0,1
MFI-03597,Boda Boda Operator,School Fees,23803.0,6,13,14069.0,1,0,0,2,16,0,0
MFI-03598,Market Trader,School Fees,28674.0,12,15,4284.0,1,0,0,2,18,0,0
MFI-03599,Food Vendor,Business Expansion,46456.0,9,14,975.0,5,1,1,5,2,1,0
MFI-03600,Market Trader,Equipment,18569.0,12,11,5270.0,1,0,0,2,43,0,0
MFI-03601,Kiosk Owner,Stock Purchase,22636.0,18,17,2295.0,0,0,1,2,12,1,1
MFI-03602,Market Trader,Stock Purchase,18682.0,9,17,,2,1,1,2,14,1,0
MFI-03603,Kiosk Owner,School Fees,36269.0,9,16,13204.0,1,0,1,0,74,1,0
MFI-03604,Kiosk Owner,Medical Emergency,22808.0,6,19,3866.0,2,0,0,4,30,0,0
MFI-03605,Kiosk Owner,Business Expansion,49100.0,3,18,,1,0,1,5,29,1,0
MFI-03606,Market Trader,Stock Purchase,12675.0,12,15,50000.0,1,0,1,5,20,1,0
MFI-03607,Food Vendor,Medical Emergency,51812.0,12,18,19416.0,2,0,0,4,74,1,0
MFI-03608,Boda Boda Operator,Medical Emergency,14741.0,9,20,1706.0,0,0,1,6,107,1,0
MFI-03609,Food Vendor,School Fees,81531.0,12,14,20029.0,2,0,0,3,10,0,1
MFI-03610,Boda Boda Operator,Business Expansion,69578.0,6,16,2770.0,3,0,1,1,21,0,0
MFI-03611,Market Trader,Business Expansion,6559.0,3,12,8098.0,1,0,1,3,1,1,0
MFI-03612,Kiosk Owner,Equipment,71253.0,3,17,19589.0,3,1,0,3,36,0,0
MFI-03613,Boda Boda Operator,Business Expansion,4499.0,9,16,1602.0,3,0,0,3,50,0,0
MFI-03614,Boda Boda Operator,School Fees,14222.0,3,14,5547.0,0,0,0,1,20,1,0
MFI-03615,Market Trader,Medical Emergency,82991.0,12,12,5528.0,6,0,1,4,4,1,0
MFI-03616,Jua Kali Artisan,Stock Purchase,23554.0,12,20,2056.0,0,1,1,2,13,0,0
MFI-03617,Boda Boda Operator,Medical Emergency,126570.0,12,15,801.0,4,1,0,2,24,0,0
MFI-03618,Market Trader,Stock Purchase,63977.0,9,22,10063.0,0,0,1,3,49,1,0
MFI-03619,Food Vendor,Equipment,25762.0,3,20,1194.0,1,0,0,1,24,1,0
MFI-03620,Jua Kali Artisan,Equipment,22955.0,6,15,9425.0,1,0,0,4,31,1,0
MFI-03621,Food Vendor,Equipment,120889.0,6,9,4058.0,2,0,1,6,17,0,0
MFI-03622,Kiosk Owner,Medical Emergency,24756.0,9,20,18766.0,1,0,0,3,18,1,0
MFI-03623,Kiosk Owner,School Fees,8200.0,18,18,1586.0,1,0,1,0,6,0,0
MFI-03624,Boda Boda Operator,Business Expansion,17281.0,12,15,4557.0,0,1,0,1,14,1,0
MFI-03625,Food Vendor,Stock Purchase,40081.0,6,20,,0,0,0,3,15,0,0
MFI-03626,Jua Kali Artisan,School Fees,19373.0,3,7,2418.0,3,0,1,3,1,0,0
MFI-03627,Food Vendor,Business Expansion,150000.0,12,22,25320.0,1,0,1,1,44,1,0
MFI-03628,Market Trader,Stock Purchase,21643.0,9,14,2245.0,2,1,1,6,23,0,0
MFI-03629,Food Vendor,Medical Emergency,22042.0,3,14,5771.0,0,0,1,3,2,1,0
MFI-03630,Boda Boda Operator,Stock Purchase,16512.0,12,18,2095.0,0,0,0,4,58,0,1
MFI-03631,Food Vendor,Medical Emergency,73501.0,9,18,8265.0,0,0,0,3,21,0,0
MFI-03632,Market Trader,Business Expansion,29051.0,12,21,1390.0,4,0,1,2,12,1,0
MFI-03633,Jua Kali Artisan,School Fees,69644.0,12,12,,0,1,0,2,4,0,0
MFI-03634,Kiosk Owner,Stock Purchase,91476.0,9,18,,1,0,1,1,9,1,0
MFI-03635,Market Trader,Business Expansion,48567.0,9,20,2407.0,3,0,1,1,13,1,0
MFI-03636,Market Trader,Equipment,46481.0,9,16,,2,1,0,2,22,1,0
MFI-03637,Kiosk Owner,School Fees,13898.0,3,17,2273.0,3,0,1,4,61,1,0
MFI-03638,Food Vendor,Equipment,10812.0,18,18,5554.0,1,0,1,3,1,0,0
MFI-03639,Boda Boda Operator,Equipment,10971.0,18,12,31462.0,2,1,1,5,10,0,1
MFI-03640,Jua Kali Artisan,School Fees,38482.0,6,15,6307.0,2,0,1,6,8,1,0
MFI-03641,Food Vendor,Stock Purchase,150000.0,12,23,409.0,2,0,0,5,40,0,0
MFI-03642,Kiosk Owner,Business Expansion,23077.0,18,19,37347.0,2,0,1,3,14,1,0
MFI-03643,Boda Boda Operator,School Fees,82448.0,3,18,15001.0,1,0,0,6,27,0,1
MFI-03644,Jua Kali Artisan,Stock Purchase,55283.0,6,13,17826.0,1,0,0,1,26,0,0
MFI-03645,Boda Boda Operator,School Fees,37312.0,9,17,18856.0,4,0,1,4,1,0,0
MFI-03646,Kiosk Owner,School Fees,29895.0,6,16,4471.0,2,0,0,2,9,1,0
MFI-03647,Boda Boda Operator,Stock Purchase,25741.0,18,22,1128.0,2,0,1,5,57,1,0
MFI-03648,Jua Kali Artisan,Equipment,25363.0,6,20,,5,0,1,2,32,1,0
MFI-03649,Food Vendor,Medical Emergency,58941.0,6,21,,1,1,1,1,59,1,0
MFI-03650,Kiosk Owner,Stock Purchase,72288.0,12,16,1176.0,0,0,1,5,22,0,0
MFI-03651,Boda Boda Operator,Medical Emergency,25869.0,12,18,4876.0,2,1,1,1,26,1,0
MFI-03652,Kiosk Owner,Medical Emergency,25587.0,3,19,,3,0,1,2,66,1,0
MFI-03653,Jua Kali Artisan,School Fees,22794.0,6,23,2490.0,1,1,0,3,40,0,1
MFI-03654,Jua Kali Artisan,Stock Purchase,80832.0,3,18,2676.0,2,0,0,3,9,0,0
MFI-03655,Food Vendor,Stock Purchase,73380.0,9,24,50000.0,3,1,1,2,22,0,0
MFI-03656,Jua Kali Artisan,Equipment,118318.0,9,15,12440.0,6,0,1,3,1,0,0
MFI-03657,Food Vendor,Medical Emergency,18969.0,12,21,7701.0,2,0,1,3,55,1,0
MFI-03658,Market Trader,Equipment,22156.0,12,13,,2,0,0,1,51,0,0
MFI-03659,Food Vendor,Business Expansion,136425.0,3,14,8998.0,1,0,1,4,7,1,0
MFI-03660,Boda Boda Operator,Medical Emergency,104731.0,9,17,1606.0,1,1,1,4,7,0,0
MFI-03661,Market Trader,Equipment,16438.0,9,10,1473.0,1,0,1,3,27,1,0
MFI-03662,Jua Kali Artisan,Equipment,17751.0,12,19,4226.0,2,0,1,4,1,0,0
MFI-03663,Boda Boda Operator,Medical Emergency,44472.0,9,13,,3,0,1,4,13,1,1
MFI-03664,Boda Boda Operator,Equipment,98071.0,6,21,40405.0,0,0,0,2,9,1,0
MFI-03665,Boda Boda Operator,Business Expansion,17617.0,18,19,4383.0,1,1,0,2,2,1,0
MFI-03666,Jua Kali Artisan,Stock Purchase,38929.0,18,19,28236.0,3,0,1,4,9,1,0
MFI-03667,Jua Kali Artisan,Business Expansion,86799.0,3,22,7179.0,3,1,0,0,10,1,1
MFI-03668,Boda Boda Operator,Medical Emergency,30875.0,12,14,11257.0,1,0,1,0,41,1,0
MFI-03669,Market Trader,School Fees,34164.0,12,16,258.0,4,0,1,2,40,1,0
MFI-03670,Boda Boda Operator,Medical Emergency,113222.0,9,23,,3,0,0,1,49,0,0
MFI-03671,Jua Kali Artisan,Stock Purchase,25999.0,9,18,2309.0,1,0,0,3,3,1,0
MFI-03672,Jua Kali Artisan,Business Expansion,100150.0,6,17,14942.0,2,1,0,3,5,0,1
MFI-03673,Food Vendor,Equipment,32219.0,6,13,,5,0,0,1,4,0,0
MFI-03674,Kiosk Owner,Equipment,15240.0,6,27,25865.0,3,0,0,6,23,1,0
MFI-03675,Market Trader,School Fees,56690.0,3,21,1029.0,2,1,1,5,8,0,0
MFI-03676,Food Vendor,Business Expansion,22179.0,12,17,1835.0,3,1,1,2,40,0,0
MFI-03677,Kiosk Owner,Equipment,14232.0,3,17,3104.0,1,0,1,3,68,0,0
MFI-03678,Jua Kali Artisan,Medical Emergency,150000.0,3,13,3332.0,1,0,0,9,1,1,1
MFI-03679,Kiosk Owner,Equipment,50790.0,6,10,3520.0,3,0,1,0,15,0,0
MFI-03680,Jua Kali Artisan,Stock Purchase,28137.0,9,14,7162.0,1,0,1,4,89,0,0
MFI-03681,Boda Boda Operator,Business Expansion,28550.0,3,11,1678.0,3,1,1,4,20,1,0
MFI-03682,Market Trader,Equipment,123573.0,6,30,,1,0,1,3,38,1,0
MFI-03683,Jua Kali Artisan,Equipment,131145.0,18,22,27361.0,2,0,1,4,18,0,0
MFI-03684,Jua Kali Artisan,Stock Purchase,23485.0,6,21,1689.0,2,0,1,5,33,0,0
MFI-03685,Jua Kali Artisan,Equipment,44875.0,9,15,4417.0,2,1,1,4,4,1,0
MFI-03686,Kiosk Owner,School Fees,27071.0,18,19,11485.0,2,1,1,5,26,1,1
MFI-03687,Jua Kali Artisan,Business Expansion,67125.0,3,13,885.0,2,1,1,0,40,0,0
MFI-03688,Boda Boda Operator,Equipment,27363.0,9,22,1345.0,3,0,1,1,32,1,0
MFI-03689,Food Vendor,Medical Emergency,7741.0,9,18,,3,0,0,3,9,1,0
MFI-03690,Food Vendor,Equipment,15913.0,12,22,3492.0,1,1,1,3,10,1,0
MFI-03691,Food Vendor,School Fees,83571.0,18,15,6120.0,1,0,1,3,90,0,0
MFI-03692,Jua Kali Artisan,Medical Emergency,20416.0,3,20,7438.0,1,1,1,4,61,0,0
MFI-03693,Boda Boda Operator,School Fees,68070.0,6,16,923.0,0,0,1,3,17,1,0
MFI-03694,Kiosk Owner,Stock Purchase,48882.0,6,16,28066.0,3,0,1,4,28,1,0
MFI-03695,Market Trader,Medical Emergency,20538.0,18,16,4421.0,3,0,1,4,40,1,0
MFI-03696,Kiosk Owner,Medical Emergency,32083.0,12,14,4583.0,3,0,0,5,21,0,0
MFI-03697,Jua Kali Artisan,School Fees,22020.0,18,22,4061.0,2,0,1,5,2,1,0
MFI-03698,Boda Boda Operator,School Fees,26789.0,3,15,8554.0,2,1,0,2,15,1,0
MFI-03699,Market Trader,Stock Purchase,8708.0,3,19,10459.0,5,0,0,5,45,1,0
MFI-03700,Jua Kali Artisan,Medical Emergency,33125.0,18,19,264.0,2,1,0,5,9,1,1
MFI-03701,Boda Boda Operator,Medical Emergency,22859.0,6,21,10961.0,2,0,1,5,17,1,0
MFI-03702,Kiosk Owner,Medical Emergency,38609.0,9,19,1379.0,1,0,1,3,6,0,0
MFI-03703,Boda Boda Operator,Medical Emergency,55359.0,6,18,2889.0,1,0,1,2,42,0,0
MFI-03704,Boda Boda Operator,Stock Purchase,59666.0,9,20,1671.0,3,0,1,1,5,0,0
MFI-03705,Kiosk Owner,Equipment,23065.0,18,16,2811.0,2,0,1,3,33,1,0
MFI-03706,Food Vendor,Medical Emergency,21690.0,12,27,3426.0,3,0,1,7,24,0,0
MFI-03707,Market Trader,Business Expansion,32168.0,9,16,3906.0,3,0,0,2,66,1,0
MFI-03708,Kiosk Owner,Stock Purchase,87126.0,18,15,928.0,1,0,0,2,21,0,1
MFI-03709,Market Trader,Equipment,24070.0,3,18,4945.0,5,0,0,5,28,1,0
MFI-03710,Jua Kali Artisan,School Fees,21007.0,9,19,7774.0,4,0,1,8,120,0,0
MFI-03711,Jua Kali Artisan,Equipment,15055.0,9,18,4468.0,1,0,1,2,10,1,0
MFI-03712,Food Vendor,School Fees,54507.0,3,16,,2,0,1,2,7,1,0
MFI-03713,Food Vendor,Business Expansion,28766.0,3,15,1902.0,4,0,0,4,10,0,0
MFI-03714,Kiosk Owner,Stock Purchase,16246.0,9,12,330.0,3,0,0,1,28,0,1
MFI-03715,Kiosk Owner,Equipment,19197.0,9,16,8039.0,2,0,1,1,15,0,0
MFI-03716,Market Trader,School Fees,62023.0,18,24,6365.0,3,1,0,2,23,1,0
MFI-03717,Kiosk Owner,Medical Emergency,40749.0,6,14,3217.0,0,0,1,3,84,0,0
MFI-03718,Food Vendor,Business Expansion,21260.0,6,17,910.0,1,1,1,3,19,1,0
MFI-03719,Food Vendor,Business Expansion,57496.0,9,16,3996.0,4,0,0,2,26,1,0
MFI-03720,Food Vendor,Stock Purchase,83115.0,12,23,2750.0,4,0,1,3,4,1,0
MFI-03721,Market Trader,Stock Purchase,61386.0,9,20,18655.0,2,1,1,4,9,1,0
MFI-03722,Kiosk Owner,Stock Purchase,42847.0,9,14,15026.0,1,0,0,2,40,0,0
MFI-03723,Kiosk Owner,Stock Purchase,138945.0,6,18,2203.0,3,0,1,3,1,1,0
MFI-03724,Market Trader,Medical Emergency,104764.0,12,20,10213.0,2,0,1,5,23,0,1
MFI-03725,Market Trader,Business Expansion,38179.0,6,11,1609.0,2,1,0,1,35,0,1
MFI-03726,Boda Boda Operator,Medical Emergency,81423.0,9,17,17466.0,0,0,1,4,10,1,0
MFI-03727,Market Trader,Stock Purchase,61144.0,9,23,,0,0,0,4,8,1,0
MFI-03728,Kiosk Owner,Equipment,23695.0,3,23,39207.0,4,0,1,3,6,0,0
MFI-03729,Kiosk Owner,School Fees,130664.0,9,18,2431.0,2,0,1,7,34,1,0
MFI-03730,Food Vendor,Equipment,140056.0,18,17,17071.0,0,0,1,4,97,0,0
MFI-03731,Food Vendor,Business Expansion,94681.0,3,19,21219.0,3,0,0,1,29,1,0
MFI-03732,Boda Boda Operator,Business Expansion,60130.0,3,17,,1,0,1,4,36,1,0
MFI-03733,Market Trader,Medical Emergency,77383.0,6,13,1245.0,2,0,0,4,9,1,0
MFI-03734,Jua Kali Artisan,School Fees,27783.0,3,15,10406.0,1,0,0,6,29,1,1
MFI-03735,Boda Boda Operator,Stock Purchase,87245.0,12,11,1819.0,0,0,1,4,24,0,0
MFI-03736,Market Trader,Stock Purchase,12940.0,12,15,3449.0,4,1,1,2,4,1,0
MFI-03737,Kiosk Owner,Equipment,27978.0,9,20,2166.0,2,0,0,3,26,0,1
MFI-03738,Boda Boda Operator,School Fees,4883.0,12,10,32909.0,0,0,1,2,65,1,0
MFI-03739,Boda Boda Operator,Medical Emergency,50019.0,6,17,5150.0,0,0,1,5,17,0,0
MFI-03740,Market Trader,Stock Purchase,82763.0,9,18,6929.0,2,1,1,3,50,0,0
MFI-03741,Kiosk Owner,Business Expansion,135856.0,9,12,4901.0,3,0,0,1,55,0,1
MFI-03742,Market Trader,Stock Purchase,30575.0,6,10,2275.0,2,0,0,1,2,1,0
MFI-03743,Kiosk Owner,School Fees,43713.0,9,25,8880.0,2,0,1,1,43,0,0
MFI-03744,Kiosk Owner,Business Expansion,35899.0,12,16,12348.0,0,1,1,5,18,0,1
MFI-03745,Food Vendor,Medical Emergency,150000.0,18,14,2625.0,2,0,0,2,25,0,0
MFI-03746,Jua Kali Artisan,Stock Purchase,47357.0,6,15,5358.0,0,0,1,1,3,1,0
MFI-03747,Food Vendor,Business Expansion,150000.0,18,27,14000.0,1,0,0,4,3,1,0
MFI-03748,Boda Boda Operator,Medical Emergency,98321.0,9,13,,1,1,0,2,31,1,0
MFI-03749,Boda Boda Operator,School Fees,66327.0,9,21,4156.0,2,0,1,5,42,0,0
MFI-03750,Market Trader,Medical Emergency,23264.0,3,19,11168.0,2,1,0,5,96,0,0
MFI-03751,Market Trader,Medical Emergency,15261.0,12,14,1769.0,1,0,1,2,63,0,0
MFI-03752,Market Trader,Business Expansion,39000.0,6,15,5575.0,0,0,0,1,40,0,0
MFI-03753,Food Vendor,Stock Purchase,39259.0,6,24,,0,1,1,0,85,1,0
MFI-03754,Kiosk Owner,Business Expansion,14315.0,3,17,2414.0,1,0,1,2,30,1,0
MFI-03755,Jua Kali Artisan,Equipment,86338.0,6,19,2442.0,3,0,0,1,120,1,0
MFI-03756,Boda Boda Operator,Business Expansion,42069.0,9,21,1283.0,2,1,1,3,11,0,1
MFI-03757,Boda Boda Operator,Business Expansion,58101.0,9,22,530.0,0,0,0,3,1,1,0
MFI-03758,Market Trader,Stock Purchase,141351.0,9,24,1881.0,1,1,0,5,31,1,0
MFI-03759,Food Vendor,School Fees,19515.0,9,11,,1,2,1,2,6,1,1
MFI-03760,Market Trader,Equipment,6862.0,12,18,1837.0,1,0,1,3,11,0,0
MFI-03761,Food Vendor,Stock Purchase,22723.0,3,23,3121.0,3,2,1,2,8,0,0
MFI-03762,Kiosk Owner,Stock Purchase,144925.0,6,12,1236.0,4,1,1,4,1,1,0
MFI-03763,Market Trader,Medical Emergency,36561.0,6,20,5631.0,4,0,0,3,17,0,1
MFI-03764,Kiosk Owner,Equipment,31203.0,9,16,,2,1,0,5,2,1,1
MFI-03765,Boda Boda Operator,Medical Emergency,24020.0,9,20,8621.0,1,1,0,0,6,1,0
MFI-03766,Boda Boda Operator,Medical Emergency,36130.0,9,19,3784.0,1,0,0,4,13,1,0
MFI-03767,Boda Boda Operator,Stock Purchase,23007.0,9,10,7395.0,2,1,0,5,17,0,0
MFI-03768,Kiosk Owner,School Fees,24501.0,6,21,15978.0,0,1,1,2,33,0,0
MFI-03769,Market Trader,Stock Purchase,83870.0,12,16,13368.0,4,2,1,5,6,1,0
MFI-03770,Food Vendor,Business Expansion,150000.0,3,29,15136.0,1,0,1,2,16,0,0
MFI-03771,Food Vendor,School Fees,18508.0,9,16,6253.0,1,1,0,4,27,0,1
MFI-03772,Market Trader,Equipment,23650.0,3,17,29222.0,3,0,1,2,23,1,0
MFI-03773,Jua Kali Artisan,School Fees,23243.0,6,17,3444.0,1,0,1,5,4,1,0
MFI-03774,Food Vendor,Equipment,129682.0,3,20,20860.0,2,0,0,3,42,1,0
MFI-03775,Food Vendor,Medical Emergency,66617.0,9,22,9987.0,1,0,0,4,1,1,0
MFI-03776,Market Trader,Stock Purchase,29563.0,6,19,2560.0,1,0,0,6,14,0,1
MFI-03777,Market Trader,Stock Purchase,24295.0,3,18,872.0,1,1,1,4,8,1,0
MFI-03778,Market Trader,Business Expansion,126755.0,12,21,6024.0,2,3,1,5,3,0,0
MFI-03779,Jua Kali Artisan,Stock Purchase,37531.0,3,19,973.0,1,0,0,1,34,0,0
MFI-03780,Kiosk Owner,School Fees,35196.0,9,27,6100.0,2,0,0,4,49,0,0
MFI-03781,Boda Boda Operator,Business Expansion,6448.0,18,19,1857.0,1,0,0,6,18,0,1
MFI-03782,Kiosk Owner,Stock Purchase,68642.0,12,33,10953.0,1,1,0,3,20,1,1
MFI-03783,Kiosk Owner,Business Expansion,36107.0,9,16,1299.0,0,0,1,3,20,1,0
MFI-03784,Market Trader,Stock Purchase,39554.0,3,31,33239.0,0,1,1,2,11,1,0
MFI-03785,Market Trader,Stock Purchase,39435.0,12,18,6439.0,2,1,1,5,18,1,0
MFI-03786,Market Trader,Medical Emergency,77041.0,6,12,877.0,1,0,0,1,19,1,0
MFI-03787,Boda Boda Operator,Stock Purchase,6087.0,6,23,10630.0,3,1,1,1,120,1,0
MFI-03788,Kiosk Owner,Stock Purchase,13945.0,18,12,,3,0,1,2,10,0,0
MFI-03789,Boda Boda Operator,School Fees,150000.0,3,23,8828.0,1,0,0,3,37,1,0
MFI-03790,Food Vendor,Equipment,13613.0,12,17,2167.0,4,0,1,2,8,1,0
MFI-03791,Kiosk Owner,School Fees,19723.0,6,16,47326.0,4,0,1,4,9,1,0
MFI-03792,Boda Boda Operator,Business Expansion,98790.0,12,21,4580.0,0,1,0,1,1,0,1
MFI-03793,Boda Boda Operator,Business Expansion,37804.0,9,25,,0,0,1,5,4,1,0
MFI-03794,Jua Kali Artisan,Stock Purchase,38082.0,12,25,,3,0,1,6,12,1,0
MFI-03795,Boda Boda Operator,Stock Purchase,129629.0,9,16,1818.0,1,0,1,3,40,0,0
MFI-03796,Boda Boda Operator,Medical Emergency,22929.0,6,10,21033.0,2,1,0,3,18,1,1
MFI-03797,Jua Kali Artisan,Stock Purchase,23643.0,18,15,6743.0,0,0,1,2,14,0,0
MFI-03798,Boda Boda Operator,School Fees,66730.0,9,19,3204.0,4,0,1,2,44,1,0
MFI-03799,Kiosk Owner,School Fees,41264.0,12,22,7467.0,5,0,1,2,33,1,0
MFI-03800,Market Trader,School Fees,82669.0,12,22,11646.0,2,1,1,2,13,1,0
MFI-03801,Kiosk Owner,School Fees,21683.0,9,14,10826.0,1,0,1,5,108,1,0
MFI-03802,Market Trader,Equipment,42588.0,9,17,525.0,0,2,1,3,38,0,1
MFI-03803,Jua Kali Artisan,School Fees,34254.0,6,22,19236.0,2,0,0,5,13,1,0
MFI-03804,Boda Boda Operator,School Fees,26556.0,9,22,792.0,2,0,0,2,40,1,0
MFI-03805,Jua Kali Artisan,Business Expansion,13020.0,9,17,14602.0,1,1,1,1,20,1,1
MFI-03806,Jua Kali Artisan,Business Expansion,25937.0,6,18,2698.0,4,0,1,8,1,1,0
MFI-03807,Jua Kali Artisan,Business Expansion,23598.0,12,16,3493.0,3,0,0,1,31,0,0
MFI-03808,Kiosk Owner,Stock Purchase,98953.0,6,22,3692.0,0,0,1,7,12,0,0
MFI-03809,Jua Kali Artisan,Business Expansion,57169.0,12,21,5433.0,1,0,0,4,31,1,0
MFI-03810,Boda Boda Operator,Stock Purchase,51818.0,18,24,,1,0,1,6,15,1,0
MFI-03811,Food Vendor,Business Expansion,31394.0,18,13,,1,0,1,5,8,1,0
MFI-03812,Jua Kali Artisan,School Fees,17792.0,12,17,5940.0,1,0,0,0,8,0,1
MFI-03813,Market Trader,Business Expansion,43396.0,12,21,11312.0,3,0,1,4,5,1,0
MFI-03814,Boda Boda Operator,Medical Emergency,112930.0,12,19,,2,0,1,4,53,1,0
MFI-03815,Boda Boda Operator,Stock Purchase,18274.0,9,22,3459.0,1,0,1,2,74,1,0
MFI-03816,Food Vendor,School Fees,52210.0,6,26,11667.0,2,0,1,2,29,1,0
MFI-03817,Boda Boda Operator,School Fees,25271.0,3,13,13903.0,2,0,1,5,2,0,0
MFI-03818,Boda Boda Operator,School Fees,36156.0,9,15,2722.0,3,0,1,3,16,1,0
MFI-03819,Jua Kali Artisan,Business Expansion,32064.0,9,14,25078.0,1,0,0,6,2,0,0
MFI-03820,Food Vendor,Stock Purchase,52044.0,6,14,18436.0,4,1,1,3,9,0,0
MFI-03821,Jua Kali Artisan,School Fees,32051.0,18,9,839.0,3,0,1,7,1,1,0
MFI-03822,Food Vendor,School Fees,24282.0,6,14,2113.0,4,0,1,2,120,0,0
MFI-03823,Food Vendor,Business Expansion,10286.0,6,11,2604.0,1,1,0,4,13,0,0
MFI-03824,Jua Kali Artisan,School Fees,43309.0,12,21,3408.0,2,2,1,3,8,1,0
MFI-03825,Boda Boda Operator,School Fees,59189.0,9,22,1657.0,0,0,1,5,2,1,0
MFI-03826,Kiosk Owner,Equipment,38179.0,3,11,,1,1,1,5,4,0,0
MFI-03827,Jua Kali Artisan,Business Expansion,34259.0,6,16,,1,0,0,5,6,0,0
MFI-03828,Food Vendor,Equipment,119294.0,9,23,,0,0,1,0,14,0,0
MFI-03829,Jua Kali Artisan,Equipment,132821.0,6,21,14415.0,6,0,0,5,4,1,0
MFI-03830,Boda Boda Operator,Business Expansion,85582.0,9,27,50000.0,3,0,0,6,2,0,0
MFI-03831,Kiosk Owner,School Fees,47467.0,12,17,1344.0,1,1,0,1,27,0,1
MFI-03832,Boda Boda Operator,School Fees,39248.0,9,18,5599.0,4,0,1,2,22,0,0
MFI-03833,Food Vendor,Stock Purchase,15634.0,9,18,4263.0,1,0,1,1,5,1,0
MFI-03834,Food Vendor,Stock Purchase,7905.0,6,19,4333.0,2,0,1,1,17,0,0
MFI-03835,Food Vendor,Business Expansion,108736.0,3,23,2765.0,2,1,0,2,6,0,1
MFI-03836,Food Vendor,Medical Emergency,39785.0,6,21,,1,1,1,2,2,1,0
MFI-03837,Kiosk Owner,Equipment,150000.0,6,21,3302.0,0,0,1,2,30,0,1
MFI-03838,Kiosk Owner,Business Expansion,22764.0,6,21,10230.0,2,0,0,1,18,1,0
MFI-03839,Food Vendor,School Fees,51102.0,9,21,,2,1,1,0,22,1,0
MFI-03840,Jua Kali Artisan,Equipment,82257.0,3,18,,3,0,1,0,4,0,0
MFI-03841,Market Trader,Stock Purchase,21541.0,6,19,12573.0,3,0,1,3,33,1,0
MFI-03842,Jua Kali Artisan,Equipment,29269.0,12,17,1039.0,2,3,1,4,35,1,0
MFI-03843,Jua Kali Artisan,Stock Purchase,31086.0,9,18,11080.0,1,1,1,1,17,0,0
MFI-03844,Food Vendor,Business Expansion,26226.0,12,16,8080.0,4,1,1,2,48,1,0
MFI-03845,Kiosk Owner,Stock Purchase,49967.0,9,20,1790.0,4,0,1,1,116,0,0
MFI-03846,Kiosk Owner,Business Expansion,37944.0,9,22,6116.0,0,0,0,4,14,1,0
MFI-03847,Jua Kali Artisan,Business Expansion,7121.0,6,12,1709.0,1,1,1,5,28,1,0
MFI-03848,Jua Kali Artisan,School Fees,39664.0,3,16,7753.0,3,1,0,1,1,0,0
MFI-03849,Jua Kali Artisan,Medical Emergency,48976.0,6,17,998.0,1,0,1,4,2,1,1
MFI-03850,Food Vendor,Medical Emergency,35153.0,9,18,7853.0,0,0,0,2,17,1,0
MFI-03851,Boda Boda Operator,Medical Emergency,135605.0,6,18,601.0,0,1,1,2,5,0,0
MFI-03852,Market Trader,Business Expansion,47972.0,12,21,7864.0,3,0,0,1,1,0,0
MFI-03853,Food Vendor,Business Expansion,37006.0,3,30,1468.0,1,0,1,1,2,0,0
MFI-03854,Market Trader,School Fees,75174.0,6,16,6009.0,0,2,1,5,3,1,0
MFI-03855,Boda Boda Operator,School Fees,150000.0,12,19,,1,1,1,1,64,0,0
MFI-03856,Boda Boda Operator,Stock Purchase,32381.0,6,16,1492.0,4,0,0,3,27,0,1
MFI-03857,Food Vendor,Stock Purchase,84369.0,9,23,360.0,1,1,1,7,37,0,1
MFI-03858,Kiosk Owner,Business Expansion,150000.0,12,14,1180.0,1,0,0,1,4,1,0
MFI-03859,Kiosk Owner,Medical Emergency,30194.0,6,14,2935.0,1,0,0,4,9,1,1
MFI-03860,Market Trader,Equipment,14214.0,9,13,1448.0,1,0,1,3,3,1,0
MFI-03861,Kiosk Owner,School Fees,51568.0,18,19,756.0,1,2,1,1,49,1,1
MFI-03862,Jua Kali Artisan,Equipment,106709.0,9,16,1613.0,1,0,1,3,14,0,0
MFI-03863,Jua Kali Artisan,Equipment,28904.0,3,17,15662.0,4,0,0,2,52,0,0
MFI-03864,Boda Boda Operator,Business Expansion,87247.0,6,24,20965.0,1,0,0,1,25,1,0
MFI-03865,Food Vendor,Stock Purchase,18261.0,12,19,1148.0,1,0,1,1,59,1,1
MFI-03866,Kiosk Owner,Medical Emergency,29804.0,9,17,8149.0,0,2,1,5,29,0,0
MFI-03867,Boda Boda Operator,Equipment,33728.0,3,20,7544.0,0,1,0,4,19,1,1
MFI-03868,Jua Kali Artisan,School Fees,32488.0,6,20,1851.0,1,0,1,5,1,1,0
MFI-03869,Kiosk Owner,School Fees,18259.0,12,17,48332.0,2,0,1,3,9,1,0
MFI-03870,Kiosk Owner,School Fees,27769.0,12,17,4151.0,2,1,1,4,23,0,1
MFI-03871,Food Vendor,Equipment,7526.0,9,24,5208.0,1,0,0,2,120,0,0
MFI-03872,Kiosk Owner,Stock Purchase,63220.0,12,9,798.0,3,0,1,2,17,1,0
MFI-03873,Kiosk Owner,Medical Emergency,37380.0,6,11,8736.0,2,0,0,3,26,1,1
MFI-03874,Food Vendor,Equipment,91112.0,9,20,772.0,2,0,1,4,65,0,0
MFI-03875,Market Trader,Stock Purchase,33805.0,6,16,5812.0,3,0,1,2,3,1,0
MFI-03876,Kiosk Owner,Medical Emergency,8616.0,6,25,2806.0,2,0,0,6,18,1,0
MFI-03877,Food Vendor,Medical Emergency,46873.0,9,19,2454.0,3,0,1,6,37,1,0
MFI-03878,Boda Boda Operator,Medical Emergency,21380.0,9,17,2418.0,4,0,1,4,12,0,0
MFI-03879,Boda Boda Operator,Medical Emergency,85412.0,12,18,,4,0,0,2,21,0,0
MFI-03880,Jua Kali Artisan,Medical Emergency,30657.0,6,17,12520.0,0,0,0,0,29,1,0
MFI-03881,Food Vendor,Stock Purchase,150000.0,9,17,11338.0,1,0,0,5,35,1,0
MFI-03882,Kiosk Owner,Medical Emergency,17759.0,6,18,,1,0,1,6,7,1,0
MFI-03883,Boda Boda Operator,Equipment,44224.0,18,14,1925.0,2,0,1,0,5,0,0
MFI-03884,Kiosk Owner,Stock Purchase,58624.0,6,20,2714.0,3,0,1,4,61,1,0
MFI-03885,Food Vendor,Medical Emergency,27882.0,12,19,2471.0,2,0,1,1,1,1,1
MFI-03886,Boda Boda Operator,Stock Purchase,12501.0,12,11,6811.0,2,0,0,1,39,0,1
MFI-03887,Jua Kali Artisan,Stock Purchase,30940.0,6,19,6740.0,1,0,0,3,6,1,0
MFI-03888,Boda Boda Operator,School Fees,8475.0,6,16,4976.0,0,1,0,2,35,0,1
MFI-03889,Jua Kali Artisan,Stock Purchase,20769.0,3,16,12600.0,0,0,1,3,18,0,0
MFI-03890,Food Vendor,School Fees,31493.0,18,16,3740.0,4,1,0,4,17,1,0
MFI-03891,Market Trader,Business Expansion,80876.0,9,26,7912.0,3,0,1,1,10,0,0
MFI-03892,Food Vendor,School Fees,45419.0,12,19,1394.0,2,0,1,6,62,1,0
MFI-03893,Jua Kali Artisan,Business Expansion,26285.0,9,19,34124.0,2,0,0,3,5,1,0
MFI-03894,Kiosk Owner,Business Expansion,25022.0,6,19,13031.0,2,0,1,4,1,1,0
MFI-03895,Boda Boda Operator,Business Expansion,23371.0,6,17,2235.0,1,0,1,9,19,0,0
MFI-03896,Boda Boda Operator,School Fees,75786.0,6,22,12002.0,1,0,1,6,3,1,0
MFI-03897,Jua Kali Artisan,Stock Purchase,11074.0,6,29,11438.0,0,0,0,4,21,0,0
MFI-03898,Boda Boda Operator,Medical Emergency,18444.0,3,17,914.0,0,0,0,5,18,1,0
MFI-03899,Jua Kali Artisan,Business Expansion,11031.0,9,12,13580.0,1,1,0,5,27,0,0
MFI-03900,Kiosk Owner,Medical Emergency,58018.0,6,17,1708.0,4,0,0,4,48,0,0
MFI-03901,Market Trader,Stock Purchase,121955.0,9,15,9027.0,0,0,1,1,11,0,0
MFI-03902,Food Vendor,Business Expansion,57479.0,3,21,28944.0,0,0,1,5,21,0,0
MFI-03903,Kiosk Owner,Business Expansion,60898.0,9,17,7053.0,4,1,1,5,17,0,0
MFI-03904,Kiosk Owner,Business Expansion,23857.0,9,19,50000.0,2,0,1,3,5,1,0
MFI-03905,Boda Boda Operator,Business Expansion,53652.0,18,20,11093.0,1,0,0,4,12,0,0
MFI-03906,Boda Boda Operator,School Fees,19915.0,6,6,4399.0,0,1,1,3,17,1,1
MFI-03907,Market Trader,School Fees,22925.0,18,15,4209.0,3,0,0,1,2,1,0
MFI-03908,Jua Kali Artisan,Equipment,35238.0,18,21,7325.0,2,0,1,3,6,1,0
MFI-03909,Jua Kali Artisan,Medical Emergency,37563.0,6,15,4710.0,0,0,0,2,14,1,1
MFI-03910,Kiosk Owner,Medical Emergency,150000.0,12,17,890.0,2,0,0,1,24,1,0
MFI-03911,Kiosk Owner,Equipment,72635.0,6,17,3372.0,4,0,0,4,23,1,1
MFI-03912,Boda Boda Operator,School Fees,39840.0,6,14,2202.0,3,0,1,6,6,0,1
MFI-03913,Jua Kali Artisan,Equipment,142565.0,18,21,11103.0,0,0,1,1,75,1,0
MFI-03914,Market Trader,Business Expansion,150000.0,12,21,,0,0,1,6,8,0,0
MFI-03915,Kiosk Owner,School Fees,36900.0,6,15,7522.0,1,0,0,4,15,1,0
MFI-03916,Boda Boda Operator,Business Expansion,49333.0,3,18,5555.0,2,0,1,4,19,0,0
MFI-03917,Food Vendor,Equipment,13482.0,9,26,3617.0,3,0,1,4,11,0,0
MFI-03918,Food Vendor,Medical Emergency,41448.0,12,25,2579.0,2,0,0,0,19,1,1
MFI-03919,Food Vendor,Stock Purchase,21110.0,9,19,,0,1,1,2,11,0,0
MFI-03920,Food Vendor,Stock Purchase,8031.0,3,21,5271.0,2,0,1,3,17,1,0
MFI-03921,Kiosk Owner,Business Expansion,80154.0,6,17,2282.0,3,2,0,1,21,1,0
MFI-03922,Jua Kali Artisan,Stock Purchase,39541.0,9,21,3796.0,2,0,1,3,3,0,0
MFI-03923,Jua Kali Artisan,Business Expansion,18119.0,12,17,3677.0,0,0,1,1,30,0,0
MFI-03924,Jua Kali Artisan,Equipment,8417.0,18,19,7978.0,1,1,1,3,33,0,0
MFI-03925,Market Trader,School Fees,22313.0,12,16,5039.0,1,0,1,5,2,0,0
MFI-03926,Market Trader,Medical Emergency,21177.0,12,21,6136.0,1,0,1,4,1,1,0
MFI-03927,Jua Kali Artisan,Business Expansion,33242.0,6,15,5408.0,1,0,1,4,33,1,0
MFI-03928,Kiosk Owner,School Fees,9005.0,12,19,,1,1,0,1,73,1,0
MFI-03929,Food Vendor,School Fees,51205.0,18,22,2909.0,2,1,1,5,12,1,1
MFI-03930,Food Vendor,Business Expansion,60665.0,9,23,,2,1,1,4,54,0,1
MFI-03931,Jua Kali Artisan,Medical Emergency,12815.0,9,12,2221.0,2,0,0,3,46,1,0
MFI-03932,Boda Boda Operator,Medical Emergency,9360.0,12,18,26166.0,1,0,0,0,5,1,0
MFI-03933,Kiosk Owner,School Fees,81763.0,9,9,26866.0,1,0,1,3,22,0,0
MFI-03934,Boda Boda Operator,Stock Purchase,32235.0,12,14,2533.0,0,0,0,1,1,1,1
MFI-03935,Boda Boda Operator,School Fees,60580.0,9,11,8736.0,1,0,0,2,51,1,0
MFI-03936,Kiosk Owner,Equipment,39671.0,6,15,8579.0,3,0,1,1,18,0,0
MFI-03937,Kiosk Owner,Business Expansion,33841.0,18,19,10447.0,3,0,1,3,77,0,0
MFI-03938,Market Trader,School Fees,83106.0,18,11,7547.0,4,0,0,8,10,1,0
MFI-03939,Market Trader,Medical Emergency,71135.0,18,20,1870.0,3,0,1,1,1,0,1
MFI-03940,Food Vendor,Equipment,49403.0,18,26,21235.0,0,0,0,2,8,1,0
MFI-03941,Market Trader,School Fees,52188.0,9,14,26410.0,2,2,0,2,10,0,0
MFI-03942,Boda Boda Operator,Business Expansion,25661.0,9,17,,1,0,0,0,16,0,0
MFI-03943,Kiosk Owner,Business Expansion,56583.0,12,20,,0,0,1,4,4,1,0
MFI-03944,Food Vendor,Business Expansion,125843.0,3,19,648.0,4,2,1,0,27,0,0
MFI-03945,Market Trader,Medical Emergency,82383.0,6,19,7977.0,2,1,0,3,2,1,0
MFI-03946,Food Vendor,Business Expansion,8121.0,6,15,3859.0,2,0,1,1,6,1,0
MFI-03947,Jua Kali Artisan,Equipment,52128.0,6,19,1518.0,1,0,0,3,1,1,0
MFI-03948,Market Trader,Stock Purchase,55670.0,6,26,,5,0,1,3,19,0,0
MFI-03949,Food Vendor,Equipment,89876.0,9,20,,1,2,1,5,6,1,0
MFI-03950,Kiosk Owner,Medical Emergency,97776.0,6,14,7654.0,0,0,1,0,22,0,0
MFI-03951,Boda Boda Operator,Medical Emergency,53987.0,12,20,2469.0,0,0,0,5,20,0,1
MFI-03952,Kiosk Owner,Equipment,13482.0,6,23,2192.0,2,0,0,0,37,1,0
MFI-03953,Jua Kali Artisan,Equipment,33181.0,12,19,5379.0,1,0,1,1,29,1,0
MFI-03954,Market Trader,Equipment,19246.0,18,16,3396.0,2,0,1,4,1,0,0
MFI-03955,Jua Kali Artisan,Medical Emergency,14290.0,9,23,1155.0,1,0,0,3,18,1,1
MFI-03956,Boda Boda Operator,Business Expansion,111021.0,3,26,15856.0,5,2,0,2,47,1,1
MFI-03957,Market Trader,Medical Emergency,25055.0,3,14,3362.0,0,0,1,0,2,0,0
MFI-03958,Market Trader,Business Expansion,150000.0,12,17,,0,0,0,2,73,1,0
MFI-03959,Boda Boda Operator,Equipment,26696.0,6,17,6529.0,1,0,1,6,116,1,0
MFI-03960,Jua Kali Artisan,Business Expansion,20509.0,6,22,747.0,5,0,1,3,13,0,0
MFI-03961,Kiosk Owner,School Fees,58775.0,12,18,,0,1,1,2,9,1,1
MFI-03962,Boda Boda Operator,Stock Purchase,34103.0,12,23,3342.0,2,0,1,3,45,0,0
MFI-03963,Food Vendor,Business Expansion,45350.0,12,25,,2,0,1,2,49,0,0
MFI-03964,Kiosk Owner,Stock Purchase,23592.0,9,17,44271.0,1,0,1,4,42,1,0
MFI-03965,Market Trader,Equipment,23589.0,9,19,7935.0,1,0,1,1,40,0,0
MFI-03966,Boda Boda Operator,Stock Purchase,24552.0,12,15,4247.0,1,0,0,1,27,1,0
MFI-03967,Boda Boda Operator,School Fees,15776.0,12,18,3216.0,2,1,0,2,1,0,1
MFI-03968,Food Vendor,Medical Emergency,78673.0,3,22,34766.0,3,0,1,2,21,1,0
MFI-03969,Jua Kali Artisan,Stock Purchase,42816.0,6,16,4872.0,1,1,0,1,8,0,1
MFI-03970,Food Vendor,Medical Emergency,41059.0,3,21,13675.0,0,0,1,6,22,1,0
MFI-03971,Food Vendor,Medical Emergency,61877.0,12,20,6931.0,2,0,0,9,9,1,0
MFI-03972,Jua Kali Artisan,Business Expansion,48321.0,9,23,5772.0,1,0,0,1,8,0,0
MFI-03973,Market Trader,Stock Purchase,150000.0,18,10,13663.0,0,1,1,4,7,1,0
MFI-03974,Boda Boda Operator,Business Expansion,51085.0,12,18,6275.0,3,1,0,2,11,1,1
MFI-03975,Kiosk Owner,Stock Purchase,7035.0,9,19,4823.0,1,0,0,3,11,0,0
MFI-03976,Market Trader,School Fees,24462.0,18,25,8259.0,1,1,0,1,48,1,0
MFI-03977,Market Trader,School Fees,17226.0,18,17,1567.0,2,0,1,0,12,1,0
MFI-03978,Market Trader,Business Expansion,52791.0,9,13,7792.0,0,1,0,1,11,0,1
MFI-03979,Kiosk Owner,Equipment,26089.0,9,6,,1,0,0,3,7,1,0
MFI-03980,Boda Boda Operator,Medical Emergency,54223.0,9,16,2986.0,2,1,0,3,19,1,1
MFI-03981,Market Trader,Medical Emergency,21014.0,3,11,7008.0,2,1,1,4,11,1,0
MFI-03982,Food Vendor,Stock Purchase,42416.0,12,16,2628.0,1,0,1,2,92,1,0
MFI-03983,Kiosk Owner,School Fees,23824.0,12,21,2102.0,3,0,0,2,15,1,0
MFI-03984,Jua Kali Artisan,Business Expansion,27680.0,9,18,15436.0,2,0,1,2,1,1,0
MFI-03985,Boda Boda Operator,Equipment,43502.0,6,21,11110.0,3,0,1,4,10,0,0
MFI-03986,Food Vendor,Stock Purchase,52105.0,12,24,11150.0,1,1,1,2,5,1,0
MFI-03987,Kiosk Owner,School Fees,113881.0,12,17,17556.0,1,1,0,2,10,1,0
MFI-03988,Kiosk Owner,Equipment,89769.0,12,17,9863.0,4,0,0,4,7,0,0
MFI-03989,Jua Kali Artisan,Equipment,77232.0,6,12,,2,0,1,3,6,1,0
MFI-03990,Kiosk Owner,Business Expansion,51298.0,6,18,,2,0,1,4,5,1,0
MFI-03991,Boda Boda Operator,Business Expansion,24576.0,9,25,3272.0,0,0,0,1,59,0,0
MFI-03992,Food Vendor,School Fees,59733.0,6,20,2914.0,0,0,0,5,1,0,0
MFI-03993,Kiosk Owner,Business Expansion,94391.0,9,21,8912.0,1,0,1,3,37,0,0
MFI-03994,Jua Kali Artisan,Stock Purchase,94438.0,12,14,,3,0,0,7,3,1,1
MFI-03995,Boda Boda Operator,Medical Emergency,36788.0,18,12,,0,0,1,2,1,1,0
MFI-03996,Kiosk Owner,Stock Purchase,27586.0,6,14,4178.0,3,0,1,2,10,0,1
MFI-03997,Market Trader,Stock Purchase,68432.0,12,19,12029.0,1,0,0,3,25,0,1
MFI-03998,Market Trader,Equipment,5175.0,9,13,6242.0,1,0,0,4,109,1,0
MFI-03999,Jua Kali Artisan,School Fees,130268.0,6,19,,3,0,1,3,7,0,0
MFI-04000,Market Trader,School Fees,96992.0,18,22,1807.0,1,0,1,1,7,1,0
