market_id,county,season,primary_animal_type,weekly_animal_throughput,vaccination_coverage_pct,distance_to_water_source_km,vet_inspections_per_month,prev_outbreaks_2yr,market_density_score,outbreak_risk_flag
MKT-0001,Samburu,Dry Season,Sheep,10,43.4,0.6,1,1,9,0
MKT-0002,Marsabit,Long Rains,Sheep,10,16.3,4.0,2,0,6,1
MKT-0003,West Pokot,Long Rains,Sheep,10,64.3,0.9,0,0,3,0
MKT-0004,Wajir,Dry Season,Camels,21,45.6,8.4,0,0,2,0
MKT-0005,Samburu,Dry Season,Goats,10,37.8,14.0,1,0,8,1
MKT-0006,Mandera,Long Rains,Sheep,11,33.0,1.0,1,0,6,0
MKT-0007,Baringo,Short Rains,Goats,10,35.3,0.6,0,1,3,0
MKT-0008,Marsabit,Long Rains,Sheep,20,8.8,4.2,2,0,3,0
MKT-0009,West Pokot,Long Rains,Camels,10,34.6,2.9,0,0,8,1
MKT-0010,Baringo,Long Rains,Goats,11,22.8,2.4,0,0,1,1
MKT-0011,Kajiado,Short Rains,Mixed,14,0.6,1.9,3,1,3,0
MKT-0012,Baringo,Short Rains,Sheep,10,15.5,3.0,3,0,5,0
MKT-0013,Garissa,Dry Season,Camels,10,60.2,26.9,2,0,5,1
MKT-0014,Kajiado,Dry Season,Goats,10,59.2,15.6,4,0,8,0
MKT-0015,Turkana,Dry Season,Cattle,10,40.9,7.4,1,0,6,0
MKT-0016,Narok,Dry Season,Camels,20,80.9,12.9,1,0,3,0
MKT-0017,Kajiado,Dry Season,Camels,10,10.2,0.5,2,1,4,0
MKT-0018,Kajiado,Short Rains,Cattle,21,36.8,0.9,3,2,4,0
MKT-0019,Marsabit,Long Rains,Cattle,10,39.8,2.8,0,2,6,1
MKT-0020,Laikipia,Short Rains,Mixed,10,43.7,8.3,5,0,9,0
MKT-0021,Baringo,Dry Season,Mixed,15,22.6,17.2,0,0,8,1
MKT-0022,Samburu,Dry Season,Mixed,11,50.2,2.1,0,0,7,0
MKT-0023,Narok,Dry Season,Camels,10,39.6,1.2,0,0,9,1
MKT-0024,Turkana,Long Rains,Camels,24,39.4,15.1,0,0,9,0
MKT-0025,Samburu,Dry Season,Camels,12,61.8,4.2,2,1,6,1
MKT-0026,Turkana,Dry Season,Mixed,10,46.6,9.6,2,1,9,1
MKT-0027,Wajir,Short Rains,Goats,12,49.9,6.4,0,0,8,0
MKT-0028,Marsabit,Dry Season,Camels,12,41.8,1.5,2,0,10,0
MKT-0029,Turkana,Short Rains,Camels,15,33.4,9.6,1,0,3,0
MKT-0030,Laikipia,Dry Season,Camels,15,33.3,4.4,1,0,6,0
MKT-0031,West Pokot,Short Rains,Mixed,11,31.5,2.7,0,1,4,1
MKT-0032,Samburu,Short Rains,Sheep,13,16.2,18.6,2,0,3,0
MKT-0033,Narok,Dry Season,Mixed,12,74.4,0.5,0,0,10,0
MKT-0034,West Pokot,Short Rains,Sheep,13,42.3,4.2,1,2,5,0
MKT-0035,Garissa,Short Rains,Mixed,14,50.1,2.9,2,0,8,0
MKT-0036,Marsabit,Long Rains,Goats,10,17.0,0.5,0,1,7,0
MKT-0037,Wajir,Dry Season,Goats,17,35.6,0.7,1,0,10,1
MKT-0038,West Pokot,Short Rains,Camels,10,57.3,1.5,1,1,7,1
MKT-0039,Samburu,Dry Season,Mixed,20,51.8,5.6,4,0,10,0
MKT-0040,West Pokot,Dry Season,Sheep,14,14.3,2.7,2,0,2,1
MKT-0041,Mandera,Long Rains,Sheep,10,39.7,14.6,1,0,7,0
MKT-0042,Narok,Long Rains,Goats,10,57.7,2.2,2,1,1,0
MKT-0043,Kajiado,Short Rains,Camels,10,66.4,10.2,1,0,6,1
MKT-0044,Kajiado,Long Rains,Sheep,10,15.5,1.9,3,0,10,0
MKT-0045,Turkana,Short Rains,Mixed,10,56.6,0.5,1,0,7,0
MKT-0046,Isiolo,Short Rains,Camels,13,63.1,2.5,0,0,10,0
MKT-0047,Isiolo,Long Rains,Mixed,10,31.5,14.5,0,1,2,1
MKT-0048,Kajiado,Long Rains,Mixed,12,50.2,0.7,1,0,8,0
MKT-0049,West Pokot,Dry Season,Goats,10,79.5,3.4,0,0,8,0
MKT-0050,Marsabit,Long Rains,Mixed,19,37.7,0.5,2,1,6,0
MKT-0051,Laikipia,Dry Season,Cattle,10,23.0,8.0,1,0,7,0
MKT-0052,Kajiado,Short Rains,Camels,10,48.9,22.9,2,0,5,0
MKT-0053,Baringo,Short Rains,Cattle,12,30.6,3.9,4,1,5,0
MKT-0054,Turkana,Long Rains,Mixed,21,21.5,6.9,0,0,8,1
MKT-0055,West Pokot,Short Rains,Mixed,21,40.4,4.8,3,1,2,0
MKT-0056,Marsabit,Dry Season,Goats,10,22.6,29.0,3,0,4,0
MKT-0057,Samburu,Long Rains,Goats,10,50.2,10.7,0,1,7,0
MKT-0058,Mandera,Long Rains,Goats,30,33.8,0.5,4,0,8,1
MKT-0059,Marsabit,Long Rains,Goats,13,47.1,0.9,0,1,4,1
MKT-0060,West Pokot,Long Rains,Sheep,18,52.3,5.1,3,1,10,1
MKT-0061,Marsabit,Long Rains,Goats,10,52.6,8.0,0,1,6,0
MKT-0062,Wajir,Short Rains,Mixed,10,22.7,2.7,2,1,10,0
MKT-0063,Kajiado,Short Rains,Mixed,14,52.1,9.0,2,0,3,1
MKT-0064,Garissa,Long Rains,Camels,10,37.7,6.9,0,0,7,1
MKT-0065,Mandera,Short Rains,Cattle,12,55.1,4.6,2,2,2,0
MKT-0066,West Pokot,Dry Season,Sheep,12,66.4,7.0,0,1,1,0
MKT-0067,Isiolo,Short Rains,Sheep,19,79.0,19.9,3,0,10,0
MKT-0068,Garissa,Short Rains,Camels,10,25.0,2.2,2,0,5,1
MKT-0069,Garissa,Short Rains,Camels,14,34.2,12.5,0,0,10,0
MKT-0070,Garissa,Long Rains,Goats,10,25.9,0.5,0,1,4,1
MKT-0071,West Pokot,Short Rains,Camels,10,33.4,0.7,2,0,5,1
MKT-0072,Turkana,Short Rains,Sheep,10,28.3,23.9,0,0,9,0
MKT-0073,Garissa,Long Rains,Cattle,10,51.0,9.6,1,0,1,0
MKT-0074,Garissa,Long Rains,Cattle,10,53.2,8.0,3,0,8,1
MKT-0075,Mandera,Dry Season,Sheep,11,64.0,3.3,1,0,3,0
MKT-0076,Baringo,Dry Season,Goats,10,26.1,1.6,0,0,7,0
MKT-0077,Laikipia,Short Rains,Cattle,10,26.0,3.8,0,0,3,0
MKT-0078,Mandera,Short Rains,Cattle,17,54.7,7.3,2,0,5,0
MKT-0079,Mandera,Long Rains,Goats,10,34.5,8.0,4,0,7,0
MKT-0080,Kajiado,Dry Season,Cattle,13,36.8,1.5,1,0,6,1
MKT-0081,Kajiado,Dry Season,Mixed,10,53.6,4.7,2,0,2,0
MKT-0082,Turkana,Short Rains,Sheep,11,21.7,6.7,1,0,3,1
MKT-0083,Narok,Long Rains,Cattle,10,21.7,25.7,4,1,9,1
MKT-0084,Turkana,Dry Season,Cattle,10,32.8,6.4,2,0,6,1
MKT-0085,Baringo,Dry Season,Goats,10,60.2,7.0,2,2,2,0
MKT-0086,Garissa,Short Rains,Cattle,17,33.7,11.6,1,0,5,0
MKT-0087,Baringo,Dry Season,Goats,16,61.8,4.3,3,0,10,0
MKT-0088,Narok,Short Rains,Sheep,10,28.8,3.9,1,1,9,0
MKT-0089,Baringo,Short Rains,Mixed,19,24.1,7.2,0,1,4,1
MKT-0090,Mandera,Long Rains,Camels,15,76.1,12.2,1,2,2,1
MKT-0091,Baringo,Short Rains,Sheep,10,5.8,8.1,0,0,2,0
MKT-0092,Garissa,Dry Season,Cattle,10,59.6,1.6,2,0,10,0
MKT-0093,Isiolo,Dry Season,Mixed,10,42.0,4.1,0,0,4,0
MKT-0094,Isiolo,Dry Season,Camels,10,27.6,5.7,0,1,7,1
MKT-0095,Narok,Long Rains,Camels,11,19.1,5.9,6,1,5,1
MKT-0096,Marsabit,Short Rains,Cattle,10,48.9,3.3,2,0,7,0
MKT-0097,West Pokot,Short Rains,Camels,15,95.1,5.9,2,2,4,1
MKT-0098,Mandera,Long Rains,Camels,10,43.9,8.9,2,0,1,0
MKT-0099,Baringo,Dry Season,Sheep,10,29.9,5.0,0,0,4,0
MKT-0100,Baringo,Long Rains,Sheep,12,18.4,4.8,3,0,5,0
MKT-0101,Narok,Long Rains,Camels,10,26.4,12.9,0,2,6,1
MKT-0102,Narok,Long Rains,Goats,10,31.4,11.3,1,0,4,1
MKT-0103,Turkana,Short Rains,Cattle,10,30.4,4.4,0,0,7,0
MKT-0104,Samburu,Long Rains,Goats,14,69.4,44.2,2,1,4,1
MKT-0105,Kajiado,Long Rains,Goats,10,38.1,0.6,2,0,4,0
MKT-0106,Turkana,Dry Season,Camels,13,37.3,3.2,2,2,6,0
MKT-0107,Baringo,Dry Season,Cattle,29,54.3,0.5,1,0,1,0
MKT-0108,Isiolo,Short Rains,Goats,10,6.1,14.6,1,0,9,0
MKT-0109,Turkana,Long Rains,Sheep,10,80.4,11.3,2,0,6,0
MKT-0110,Narok,Dry Season,Sheep,12,72.0,9.2,0,0,4,0
MKT-0111,Kajiado,Short Rains,Cattle,10,6.0,1.9,4,0,4,0
MKT-0112,Marsabit,Dry Season,Goats,10,46.7,9.8,2,1,9,0
MKT-0113,Kajiado,Short Rains,Mixed,20,56.4,3.5,0,0,9,0
MKT-0114,Wajir,Long Rains,Mixed,15,44.5,16.2,1,0,6,0
MKT-0115,Kajiado,Dry Season,Cattle,10,34.2,1.8,1,0,5,0
MKT-0116,Laikipia,Long Rains,Cattle,10,7.7,2.0,1,1,1,1
MKT-0117,West Pokot,Long Rains,Mixed,10,30.3,25.9,1,1,9,1
MKT-0118,Kajiado,Short Rains,Goats,11,43.4,5.8,1,0,6,0
MKT-0119,Marsabit,Short Rains,Goats,10,26.2,4.7,3,3,9,0
MKT-0120,Marsabit,Long Rains,Camels,10,33.7,3.5,0,2,2,1
MKT-0121,Kajiado,Long Rains,Cattle,10,29.8,14.2,2,1,8,1
MKT-0122,Isiolo,Long Rains,Goats,10,71.4,3.5,2,0,7,1
MKT-0123,Garissa,Dry Season,Mixed,20,29.3,3.5,4,0,1,0
MKT-0124,Kajiado,Long Rains,Mixed,26,13.4,1.1,3,1,6,1
MKT-0125,Marsabit,Long Rains,Sheep,19,64.3,5.9,1,1,8,0
MKT-0126,Marsabit,Long Rains,Goats,10,24.9,20.6,1,0,10,1
MKT-0127,Baringo,Long Rains,Camels,19,89.4,25.3,4,0,10,0
MKT-0128,Samburu,Long Rains,Camels,15,73.8,43.3,1,0,1,0
MKT-0129,Turkana,Long Rains,Cattle,17,58.3,5.1,1,1,10,0
MKT-0130,West Pokot,Dry Season,Sheep,16,35.4,11.9,2,0,3,0
MKT-0131,West Pokot,Long Rains,Mixed,15,52.6,6.4,3,0,1,0
MKT-0132,Isiolo,Long Rains,Mixed,14,35.7,6.4,3,1,4,1
MKT-0133,Laikipia,Dry Season,Cattle,10,64.8,13.1,1,0,4,0
MKT-0134,Garissa,Short Rains,Camels,13,26.0,14.4,1,0,6,0
MKT-0135,Wajir,Dry Season,Camels,10,48.5,0.5,0,3,6,0
MKT-0136,Isiolo,Long Rains,Mixed,10,77.3,22.9,3,0,2,0
MKT-0137,Baringo,Dry Season,Cattle,10,57.9,13.9,2,0,7,0
MKT-0138,Wajir,Dry Season,Goats,16,54.0,10.2,1,0,7,0
MKT-0139,Kajiado,Dry Season,Sheep,22,45.6,15.3,1,1,6,0
MKT-0140,Samburu,Long Rains,Camels,18,28.3,6.2,1,0,9,1
MKT-0141,Kajiado,Dry Season,Camels,10,47.0,11.9,4,0,4,0
MKT-0142,Samburu,Short Rains,Camels,14,34.1,7.3,3,1,8,0
MKT-0143,Baringo,Dry Season,Goats,10,13.1,6.3,1,2,2,0
MKT-0144,Marsabit,Short Rains,Goats,10,59.8,1.9,1,1,10,0
MKT-0145,Isiolo,Short Rains,Sheep,13,81.5,15.0,1,1,4,1
MKT-0146,Garissa,Short Rains,Camels,10,57.2,17.2,1,0,7,0
MKT-0147,Narok,Long Rains,Mixed,15,22.5,28.4,3,0,7,0
MKT-0148,Turkana,Short Rains,Camels,10,17.9,1.0,1,0,4,0
MKT-0149,Baringo,Long Rains,Sheep,14,77.6,2.8,1,1,9,1
MKT-0150,Wajir,Long Rains,Sheep,10,83.4,9.3,1,0,2,0
MKT-0151,Garissa,Dry Season,Mixed,10,52.2,15.5,1,0,6,0
MKT-0152,Narok,Short Rains,Goats,10,34.1,11.1,1,1,3,1
MKT-0153,Baringo,Short Rains,Mixed,10,6.2,4.9,3,0,2,0
MKT-0154,Isiolo,Long Rains,Sheep,17,24.2,10.4,4,0,1,1
MKT-0155,Garissa,Long Rains,Mixed,21,51.0,0.6,2,0,10,0
MKT-0156,Turkana,Short Rains,Camels,10,14.2,8.7,0,0,8,0
MKT-0157,West Pokot,Dry Season,Sheep,10,29.4,0.5,1,0,2,0
MKT-0158,Isiolo,Short Rains,Goats,22,25.3,0.5,1,0,4,0
MKT-0159,Laikipia,Dry Season,Goats,24,41.8,11.3,0,0,3,0
MKT-0160,Wajir,Short Rains,Mixed,10,52.0,5.2,1,0,8,0
MKT-0161,Narok,Dry Season,Mixed,23,24.0,0.5,1,0,7,1
MKT-0162,Turkana,Long Rains,Mixed,10,41.0,5.3,0,0,4,1
MKT-0163,Turkana,Dry Season,Camels,14,12.0,0.5,5,2,6,0
MKT-0164,Isiolo,Long Rains,Goats,10,45.4,3.4,0,0,5,0
MKT-0165,Baringo,Short Rains,Sheep,25,47.7,1.4,0,1,2,0
MKT-0166,Baringo,Long Rains,Sheep,12,61.4,2.0,1,2,7,0
MKT-0167,Turkana,Long Rains,Goats,10,16.1,1.7,0,1,9,1
MKT-0168,Garissa,Short Rains,Mixed,10,24.0,3.7,1,1,8,0
MKT-0169,West Pokot,Short Rains,Cattle,10,66.2,0.9,2,0,7,0
MKT-0170,Narok,Dry Season,Mixed,13,16.3,6.0,1,0,6,1
MKT-0171,Marsabit,Short Rains,Goats,11,63.7,4.2,0,0,2,0
MKT-0172,Garissa,Long Rains,Camels,10,28.3,14.7,2,0,6,1
MKT-0173,Kajiado,Long Rains,Mixed,12,30.4,14.0,1,0,1,0
MKT-0174,Kajiado,Dry Season,Sheep,10,35.4,13.9,1,1,6,0
MKT-0175,Wajir,Short Rains,Camels,10,59.6,5.1,1,2,7,0
MKT-0176,Kajiado,Long Rains,Goats,18,38.5,2.7,1,0,4,1
MKT-0177,Mandera,Short Rains,Cattle,10,63.3,4.3,0,1,10,0
MKT-0178,Marsabit,Short Rains,Mixed,31,50.6,9.3,0,0,7,0
MKT-0179,Baringo,Long Rains,Camels,10,15.9,6.0,1,0,9,1
MKT-0180,Wajir,Dry Season,Camels,10,24.8,7.8,1,0,1,0
MKT-0181,Marsabit,Short Rains,Sheep,15,40.2,9.5,2,0,4,0
MKT-0182,Mandera,Short Rains,Mixed,12,21.5,20.0,2,0,10,1
MKT-0183,Laikipia,Dry Season,Cattle,14,53.8,23.1,3,0,4,0
MKT-0184,Wajir,Long Rains,Camels,10,38.3,14.7,2,0,4,0
MKT-0185,Marsabit,Long Rains,Sheep,16,26.0,0.5,2,1,1,1
MKT-0186,Laikipia,Dry Season,Mixed,10,32.0,31.0,2,1,7,0
MKT-0187,Laikipia,Dry Season,Mixed,12,55.9,9.7,3,1,8,0
MKT-0188,Kajiado,Long Rains,Cattle,13,66.0,9.5,1,1,7,1
MKT-0189,Laikipia,Long Rains,Sheep,15,41.0,0.5,3,0,2,0
MKT-0190,Marsabit,Dry Season,Cattle,17,77.1,5.2,1,1,4,0
MKT-0191,Kajiado,Short Rains,Camels,10,25.9,7.9,1,0,2,1
MKT-0192,Mandera,Long Rains,Goats,10,77.0,2.6,2,0,7,0
MKT-0193,West Pokot,Long Rains,Goats,10,35.7,0.7,0,3,4,0
MKT-0194,West Pokot,Short Rains,Cattle,10,38.5,6.1,1,1,7,1
MKT-0195,Garissa,Dry Season,Cattle,16,65.9,4.7,1,0,6,0
MKT-0196,Garissa,Dry Season,Goats,10,9.2,0.5,1,1,10,0
MKT-0197,West Pokot,Long Rains,Camels,10,52.5,5.9,2,0,10,0
MKT-0198,Mandera,Dry Season,Cattle,10,51.8,0.9,1,1,3,0
MKT-0199,Baringo,Long Rains,Camels,10,44.0,4.4,2,0,9,0
MKT-0200,Laikipia,Dry Season,Camels,18,9.9,2.5,2,1,8,0
MKT-0201,Mandera,Short Rains,Sheep,10,59.8,28.2,1,0,7,0
MKT-0202,Mandera,Short Rains,Camels,10,20.4,0.5,2,0,3,0
MKT-0203,Samburu,Short Rains,Mixed,10,42.8,6.6,1,1,5,0
MKT-0204,Turkana,Long Rains,Goats,10,16.4,1.3,0,2,8,1
MKT-0205,Wajir,Short Rains,Goats,10,74.9,3.1,1,2,2,0
MKT-0206,Turkana,Short Rains,Cattle,10,36.9,1.6,1,1,4,0
MKT-0207,Samburu,Dry Season,Cattle,10,75.9,42.6,3,0,5,0
MKT-0208,Baringo,Dry Season,Sheep,10,67.5,0.5,2,1,2,0
MKT-0209,Laikipia,Long Rains,Sheep,13,27.2,6.2,4,0,6,1
MKT-0210,Garissa,Dry Season,Mixed,12,69.7,7.5,0,1,7,1
MKT-0211,Marsabit,Dry Season,Cattle,13,32.3,11.8,2,0,8,1
MKT-0212,Baringo,Dry Season,Goats,10,21.8,7.9,2,1,4,1
MKT-0213,Mandera,Long Rains,Mixed,10,3.5,2.1,0,1,5,0
MKT-0214,Samburu,Dry Season,Cattle,10,69.0,7.3,0,1,3,0
MKT-0215,Laikipia,Long Rains,Mixed,11,3.7,29.5,2,0,5,0
MKT-0216,Isiolo,Short Rains,Camels,10,38.3,15.1,1,0,6,0
MKT-0217,West Pokot,Long Rains,Camels,10,67.0,4.8,2,1,4,0
MKT-0218,Marsabit,Long Rains,Mixed,10,38.9,5.2,3,1,6,1
MKT-0219,Mandera,Dry Season,Cattle,10,32.3,1.1,4,1,9,1
MKT-0220,Laikipia,Dry Season,Camels,10,19.6,6.8,3,0,4,0
MKT-0221,Mandera,Dry Season,Camels,11,26.3,2.6,0,1,7,1
MKT-0222,West Pokot,Dry Season,Mixed,11,44.6,0.9,1,1,8,1
MKT-0223,West Pokot,Long Rains,Camels,16,14.5,5.1,1,1,10,0
MKT-0224,Baringo,Dry Season,Goats,19,45.8,0.5,0,1,3,0
MKT-0225,Wajir,Short Rains,Camels,10,28.4,1.0,1,0,7,1
MKT-0226,Samburu,Long Rains,Mixed,11,48.7,2.0,1,1,9,1
MKT-0227,West Pokot,Dry Season,Camels,10,70.1,37.4,4,2,10,0
MKT-0228,Baringo,Long Rains,Camels,15,49.1,13.2,3,0,1,1
MKT-0229,Wajir,Dry Season,Sheep,10,58.0,6.2,0,1,1,0
MKT-0230,Marsabit,Short Rains,Mixed,19,41.6,2.1,2,1,7,0
MKT-0231,Turkana,Dry Season,Mixed,13,57.6,5.9,1,0,2,0
MKT-0232,Baringo,Short Rains,Sheep,12,13.4,8.4,0,0,8,1
MKT-0233,Laikipia,Long Rains,Sheep,11,37.3,0.5,2,1,6,1
MKT-0234,Kajiado,Long Rains,Goats,10,23.5,35.3,3,1,2,1
MKT-0235,Isiolo,Long Rains,Camels,13,41.2,7.9,4,0,4,0
MKT-0236,West Pokot,Short Rains,Cattle,10,26.3,35.5,2,0,7,1
MKT-0237,Mandera,Long Rains,Cattle,21,47.2,5.1,2,0,8,0
MKT-0238,Laikipia,Dry Season,Sheep,21,60.5,7.8,0,1,5,0
MKT-0239,Garissa,Long Rains,Mixed,13,28.5,5.0,1,0,2,0
MKT-0240,Baringo,Long Rains,Mixed,22,26.7,0.5,0,2,2,0
MKT-0241,Marsabit,Long Rains,Goats,13,36.9,15.2,2,0,4,0
MKT-0242,Samburu,Dry Season,Cattle,19,11.6,4.8,1,0,3,0
MKT-0243,West Pokot,Dry Season,Mixed,10,59.7,5.1,1,0,7,0
MKT-0244,West Pokot,Long Rains,Goats,10,25.7,3.6,1,1,5,0
MKT-0245,Garissa,Long Rains,Goats,22,56.7,4.5,4,0,5,0
MKT-0246,Turkana,Long Rains,Sheep,10,63.7,10.3,0,0,10,0
MKT-0247,Kajiado,Short Rains,Cattle,10,17.3,9.6,2,1,8,0
MKT-0248,Garissa,Long Rains,Goats,10,28.5,13.2,1,0,1,1
MKT-0249,Wajir,Short Rains,Goats,15,31.3,29.4,2,0,6,0
MKT-0250,West Pokot,Short Rains,Goats,12,47.4,4.0,2,0,6,0
MKT-0251,Turkana,Long Rains,Cattle,14,36.4,3.3,2,0,4,0
MKT-0252,Marsabit,Long Rains,Sheep,10,62.2,5.4,0,0,7,0
MKT-0253,West Pokot,Short Rains,Camels,10,16.2,1.3,2,2,9,0
MKT-0254,Garissa,Dry Season,Mixed,13,49.5,11.4,1,0,9,0
MKT-0255,Marsabit,Dry Season,Cattle,15,10.2,7.0,1,1,8,0
MKT-0256,Turkana,Dry Season,Cattle,10,67.1,1.9,1,1,1,0
MKT-0257,Laikipia,Long Rains,Cattle,10,37.0,16.0,2,0,9,0
MKT-0258,Turkana,Short Rains,Camels,13,33.3,7.7,1,0,4,0
MKT-0259,Mandera,Short Rains,Mixed,10,43.5,0.5,0,2,3,1
MKT-0260,Marsabit,Short Rains,Mixed,13,75.0,1.8,1,0,2,0
MKT-0261,Isiolo,Short Rains,Goats,10,40.1,17.7,1,2,4,1
MKT-0262,Wajir,Dry Season,Goats,19,31.8,3.8,1,1,7,0
MKT-0263,Isiolo,Dry Season,Sheep,18,26.8,33.3,0,2,10,0
MKT-0264,Mandera,Dry Season,Cattle,19,14.4,6.0,5,1,1,0
MKT-0265,Kajiado,Dry Season,Sheep,19,27.1,1.9,0,0,2,0
MKT-0266,Laikipia,Long Rains,Cattle,10,30.1,7.2,1,0,1,1
MKT-0267,Mandera,Dry Season,Mixed,10,53.1,0.9,3,1,6,1
MKT-0268,Marsabit,Dry Season,Sheep,10,46.0,13.2,2,0,10,0
MKT-0269,Baringo,Long Rains,Mixed,17,33.7,7.9,3,1,7,0
MKT-0270,Marsabit,Short Rains,Goats,37,23.8,26.6,1,0,8,1
MKT-0271,Mandera,Short Rains,Mixed,22,55.4,9.4,1,1,2,0
MKT-0272,Baringo,Long Rains,Camels,10,33.5,0.5,2,0,1,0
MKT-0273,Baringo,Long Rains,Sheep,10,31.4,5.2,1,0,2,0
MKT-0274,Marsabit,Dry Season,Cattle,15,14.5,6.1,1,1,8,1
MKT-0275,Baringo,Long Rains,Mixed,16,50.3,19.9,1,0,5,1
MKT-0276,Narok,Dry Season,Sheep,20,34.5,4.5,1,0,6,1
MKT-0277,Kajiado,Short Rains,Cattle,10,35.9,7.2,2,0,4,0
MKT-0278,Samburu,Long Rains,Sheep,31,50.5,1.6,2,2,3,1
MKT-0279,Narok,Long Rains,Sheep,14,64.1,2.2,1,1,9,0
MKT-0280,Laikipia,Dry Season,Camels,10,54.4,6.4,0,0,5,0
MKT-0281,Narok,Long Rains,Mixed,10,85.5,9.6,1,0,7,1
MKT-0282,Turkana,Dry Season,Camels,10,37.1,4.6,1,1,7,1
MKT-0283,Baringo,Dry Season,Goats,23,32.9,4.5,2,1,7,0
MKT-0284,Mandera,Dry Season,Sheep,10,22.4,2.4,2,0,8,1
MKT-0285,Turkana,Dry Season,Mixed,14,67.2,9.6,2,1,3,0
MKT-0286,Turkana,Dry Season,Goats,10,16.4,0.5,2,1,1,1
MKT-0287,Kajiado,Short Rains,Goats,17,16.9,5.8,3,0,4,0
MKT-0288,Laikipia,Dry Season,Camels,10,46.7,0.5,3,2,1,0
MKT-0289,Marsabit,Short Rains,Goats,10,25.1,7.2,3,0,4,0
MKT-0290,Mandera,Long Rains,Cattle,11,17.2,0.5,1,1,2,0
MKT-0291,Wajir,Short Rains,Cattle,11,16.1,22.5,2,1,8,0
MKT-0292,Wajir,Long Rains,Cattle,14,28.0,5.2,1,2,6,1
MKT-0293,Laikipia,Long Rains,Goats,10,10.9,9.2,0,1,5,0
MKT-0294,West Pokot,Long Rains,Sheep,13,32.6,15.4,1,1,2,1
MKT-0295,Mandera,Dry Season,Mixed,10,40.7,2.1,2,2,10,0
MKT-0296,Samburu,Long Rains,Cattle,10,46.3,6.2,2,0,3,0
MKT-0297,Narok,Short Rains,Cattle,17,37.0,15.9,2,0,9,0
MKT-0298,Wajir,Dry Season,Cattle,12,69.2,6.2,0,0,5,0
MKT-0299,Narok,Long Rains,Camels,11,38.2,4.0,2,1,2,1
MKT-0300,Wajir,Long Rains,Camels,10,18.2,3.7,3,0,1,0
MKT-0301,Laikipia,Dry Season,Cattle,21,18.5,3.9,1,0,5,0
MKT-0302,Mandera,Short Rains,Cattle,15,21.6,7.6,1,0,3,0
MKT-0303,Narok,Long Rains,Camels,10,65.6,0.5,4,1,5,0
MKT-0304,Marsabit,Dry Season,Mixed,18,33.1,4.3,1,0,8,0
MKT-0305,Kajiado,Short Rains,Sheep,10,39.5,6.6,2,0,4,1
MKT-0306,Isiolo,Long Rains,Mixed,10,30.0,12.3,1,1,6,1
MKT-0307,Baringo,Dry Season,Sheep,10,47.3,6.0,2,1,8,0
MKT-0308,Laikipia,Short Rains,Goats,10,14.1,20.8,1,0,3,0
MKT-0309,Kajiado,Long Rains,Goats,28,32.9,4.7,2,0,10,0
MKT-0310,Isiolo,Long Rains,Mixed,11,28.4,8.4,1,0,8,0
MKT-0311,Narok,Dry Season,Camels,10,20.4,0.5,2,0,1,0
MKT-0312,Laikipia,Dry Season,Cattle,16,18.1,2.2,1,0,10,1
MKT-0313,Marsabit,Dry Season,Goats,14,49.2,13.5,2,0,4,1
MKT-0314,Laikipia,Long Rains,Camels,12,40.1,7.1,0,0,6,0
MKT-0315,West Pokot,Dry Season,Camels,10,75.8,23.4,1,2,4,1
MKT-0316,Narok,Dry Season,Sheep,10,46.3,11.2,2,0,7,0
MKT-0317,Kajiado,Long Rains,Goats,15,47.2,4.8,2,1,4,0
MKT-0318,West Pokot,Dry Season,Mixed,17,12.6,12.1,1,2,6,1
MKT-0319,Wajir,Dry Season,Camels,10,46.7,5.0,2,1,10,0
MKT-0320,Garissa,Short Rains,Mixed,15,59.8,3.2,0,0,4,0
MKT-0321,Samburu,Dry Season,Mixed,10,4.4,0.5,3,0,6,1
MKT-0322,Laikipia,Dry Season,Goats,33,20.5,16.1,1,1,8,0
MKT-0323,West Pokot,Long Rains,Mixed,10,41.6,4.3,2,0,2,0
MKT-0324,Laikipia,Dry Season,Mixed,10,14.5,9.2,3,1,5,1
MKT-0325,Turkana,Dry Season,Cattle,17,61.8,1.3,2,0,7,0
MKT-0326,Garissa,Dry Season,Mixed,11,7.5,14.1,1,0,5,1
MKT-0327,Mandera,Short Rains,Cattle,10,65.7,13.9,3,2,7,1
MKT-0328,Mandera,Long Rains,Goats,10,76.2,5.3,1,0,3,0
MKT-0329,Marsabit,Long Rains,Mixed,29,58.9,8.9,3,0,4,0
MKT-0330,Baringo,Dry Season,Camels,12,18.8,5.9,0,0,5,1
MKT-0331,Turkana,Long Rains,Mixed,25,37.1,6.4,0,1,3,0
MKT-0332,Garissa,Short Rains,Cattle,11,60.9,17.6,0,0,6,0
MKT-0333,Garissa,Long Rains,Camels,10,26.2,27.3,1,0,10,0
MKT-0334,Marsabit,Long Rains,Goats,17,11.7,3.7,4,0,7,1
MKT-0335,Narok,Dry Season,Sheep,19,21.6,3.2,3,2,6,0
MKT-0336,Samburu,Dry Season,Sheep,10,21.5,2.9,3,1,6,1
MKT-0337,Marsabit,Long Rains,Cattle,10,85.2,11.8,1,0,5,0
MKT-0338,Marsabit,Short Rains,Goats,10,59.3,10.3,2,0,6,0
MKT-0339,Marsabit,Short Rains,Goats,10,45.0,0.5,1,0,6,0
MKT-0340,Turkana,Short Rains,Mixed,15,34.8,0.7,3,0,10,0
MKT-0341,Wajir,Dry Season,Sheep,16,7.6,8.3,3,0,8,0
MKT-0342,Samburu,Short Rains,Mixed,10,17.5,2.6,0,1,1,1
MKT-0343,Garissa,Long Rains,Goats,24,13.3,0.8,1,0,2,1
MKT-0344,Marsabit,Dry Season,Cattle,10,75.2,4.3,2,0,6,0
MKT-0345,Turkana,Dry Season,Cattle,10,76.1,16.8,1,1,6,0
MKT-0346,Turkana,Dry Season,Camels,10,29.9,3.6,0,0,7,0
MKT-0347,Marsabit,Dry Season,Cattle,10,76.7,9.5,1,1,1,0
MKT-0348,Turkana,Dry Season,Sheep,16,64.5,18.5,1,0,6,0
MKT-0349,Baringo,Dry Season,Camels,17,31.9,1.5,1,0,8,0
MKT-0350,Marsabit,Dry Season,Sheep,10,8.8,7.5,2,0,3,1
MKT-0351,Isiolo,Dry Season,Mixed,26,16.8,19.1,0,0,4,0
MKT-0352,Baringo,Dry Season,Mixed,10,57.7,1.7,0,1,1,0
MKT-0353,Wajir,Long Rains,Cattle,10,40.3,35.9,0,1,3,1
MKT-0354,Narok,Long Rains,Camels,10,9.4,3.6,1,0,7,1
MKT-0355,Kajiado,Long Rains,Sheep,20,27.2,2.0,2,0,9,1
MKT-0356,Mandera,Dry Season,Sheep,10,21.8,14.6,0,0,2,0
MKT-0357,Marsabit,Dry Season,Goats,12,37.8,5.0,0,0,6,0
MKT-0358,Garissa,Dry Season,Cattle,29,11.0,8.9,1,1,7,1
MKT-0359,Baringo,Long Rains,Mixed,10,33.9,5.4,0,0,2,0
MKT-0360,Kajiado,Long Rains,Goats,15,20.6,8.3,3,0,8,1
MKT-0361,Isiolo,Dry Season,Mixed,13,45.9,0.5,3,0,2,0
MKT-0362,Mandera,Short Rains,Mixed,10,31.5,3.4,1,1,10,1
MKT-0363,Narok,Short Rains,Sheep,10,17.6,8.6,1,0,5,0
MKT-0364,Narok,Dry Season,Mixed,10,11.4,3.5,3,1,10,0
MKT-0365,Narok,Short Rains,Camels,28,58.4,12.0,2,0,10,0
MKT-0366,Narok,Long Rains,Mixed,12,40.4,25.9,2,1,6,0
MKT-0367,Laikipia,Short Rains,Camels,10,24.6,0.5,0,0,1,0
MKT-0368,Mandera,Short Rains,Mixed,10,15.8,15.5,0,0,7,1
MKT-0369,Samburu,Long Rains,Goats,24,25.1,1.5,1,1,6,1
MKT-0370,Laikipia,Long Rains,Sheep,10,31.3,19.9,1,1,4,0
MKT-0371,Samburu,Long Rains,Goats,10,56.5,23.5,1,3,2,1
MKT-0372,Isiolo,Short Rains,Sheep,12,31.4,6.7,2,1,6,0
MKT-0373,Baringo,Dry Season,Goats,13,65.3,5.2,0,0,9,0
MKT-0374,Isiolo,Long Rains,Cattle,10,48.0,11.4,4,1,8,0
MKT-0375,West Pokot,Long Rains,Mixed,22,67.5,20.0,1,2,10,0
MKT-0376,West Pokot,Short Rains,Mixed,10,41.2,2.1,1,2,6,0
MKT-0377,Garissa,Long Rains,Cattle,20,53.3,3.9,3,3,5,0
MKT-0378,Laikipia,Long Rains,Cattle,14,14.2,4.3,1,1,10,1
MKT-0379,Turkana,Long Rains,Camels,10,28.0,15.0,1,0,7,1
MKT-0380,Marsabit,Dry Season,Goats,10,47.1,1.2,1,2,3,1
MKT-0381,Mandera,Dry Season,Mixed,10,71.8,7.8,1,0,9,0
MKT-0382,West Pokot,Long Rains,Camels,18,70.8,3.5,1,1,6,1
MKT-0383,Turkana,Short Rains,Mixed,11,18.8,17.3,2,0,2,0
MKT-0384,West Pokot,Long Rains,Cattle,10,13.2,3.3,1,0,5,1
MKT-0385,Baringo,Short Rains,Camels,19,15.8,30.5,3,2,9,0
MKT-0386,Narok,Dry Season,Camels,11,30.5,0.5,2,1,6,1
MKT-0387,Marsabit,Long Rains,Camels,11,11.8,2.2,1,0,9,1
MKT-0388,Marsabit,Dry Season,Goats,10,44.3,4.9,0,0,1,0
MKT-0389,Narok,Dry Season,Camels,14,34.8,2.4,2,0,2,0
MKT-0390,West Pokot,Long Rains,Mixed,21,26.1,10.7,1,0,9,1
MKT-0391,Samburu,Long Rains,Goats,16,43.8,13.5,1,0,9,0
MKT-0392,Narok,Long Rains,Mixed,16,66.6,9.6,1,0,1,0
MKT-0393,Turkana,Short Rains,Camels,21,61.7,28.2,1,1,5,0
MKT-0394,Wajir,Dry Season,Camels,10,42.2,4.9,5,0,6,0
MKT-0395,Samburu,Long Rains,Mixed,16,54.2,31.2,1,0,5,0
MKT-0396,Marsabit,Short Rains,Sheep,10,47.2,1.1,1,0,10,0
MKT-0397,Turkana,Dry Season,Camels,11,18.2,15.0,1,1,3,1
MKT-0398,Isiolo,Short Rains,Camels,14,23.0,0.5,2,1,6,1
MKT-0399,Isiolo,Short Rains,Goats,11,53.5,6.1,2,1,9,0
MKT-0400,Laikipia,Long Rains,Mixed,14,16.9,5.3,1,1,10,1
MKT-0401,Baringo,Dry Season,Camels,10,22.5,15.5,1,1,4,0
MKT-0402,Laikipia,Long Rains,Mixed,10,63.5,9.7,0,1,2,0
MKT-0403,Turkana,Dry Season,Goats,10,72.1,4.7,2,0,3,0
MKT-0404,Samburu,Short Rains,Mixed,14,56.9,18.1,3,0,7,0
MKT-0405,Marsabit,Long Rains,Mixed,10,73.8,17.4,1,0,1,0
MKT-0406,Baringo,Long Rains,Goats,10,44.0,0.5,7,1,7,0
MKT-0407,Wajir,Dry Season,Camels,10,33.8,16.4,3,1,10,0
MKT-0408,Baringo,Short Rains,Mixed,20,3.0,6.0,2,1,10,1
MKT-0409,Mandera,Short Rains,Sheep,10,27.6,14.6,1,1,7,0
MKT-0410,Laikipia,Dry Season,Camels,10,58.9,1.6,4,0,10,0
MKT-0411,Laikipia,Dry Season,Goats,10,47.6,1.3,0,1,10,1
MKT-0412,Isiolo,Dry Season,Cattle,10,6.6,10.2,2,1,6,0
MKT-0413,Narok,Short Rains,Sheep,14,32.2,2.6,2,1,2,1
MKT-0414,Baringo,Long Rains,Camels,10,36.8,6.5,2,0,1,0
MKT-0415,Marsabit,Long Rains,Goats,10,46.3,9.3,0,2,3,0
MKT-0416,Baringo,Dry Season,Sheep,15,77.2,7.5,3,0,9,0
MKT-0417,Garissa,Short Rains,Camels,16,35.7,9.6,1,3,10,1
MKT-0418,Narok,Short Rains,Cattle,10,26.9,7.7,5,0,5,0
MKT-0419,Wajir,Long Rains,Camels,10,22.2,3.8,3,0,5,1
MKT-0420,Mandera,Short Rains,Cattle,22,43.9,0.8,1,2,10,0
MKT-0421,Garissa,Dry Season,Cattle,21,12.6,15.5,3,0,10,0
MKT-0422,Wajir,Dry Season,Mixed,10,28.5,15.0,1,0,4,0
MKT-0423,West Pokot,Dry Season,Goats,10,47.7,0.5,1,1,4,0
MKT-0424,Turkana,Long Rains,Mixed,10,22.5,14.7,0,1,7,0
MKT-0425,West Pokot,Dry Season,Cattle,10,21.9,1.3,0,0,10,1
MKT-0426,Isiolo,Short Rains,Goats,10,65.9,3.2,2,1,2,1
MKT-0427,Garissa,Short Rains,Goats,14,44.8,4.3,1,0,7,0
MKT-0428,Turkana,Long Rains,Goats,18,44.4,9.1,1,1,4,0
MKT-0429,Isiolo,Short Rains,Sheep,17,48.0,0.8,0,1,6,0
MKT-0430,Garissa,Short Rains,Camels,10,23.4,14.0,1,0,1,1
MKT-0431,Baringo,Long Rains,Cattle,16,59.1,22.9,1,0,7,1
MKT-0432,Isiolo,Dry Season,Goats,19,28.2,24.4,1,0,3,0
MKT-0433,Samburu,Dry Season,Sheep,18,16.2,0.8,1,0,9,1
MKT-0434,Isiolo,Long Rains,Sheep,10,40.3,20.1,2,1,5,1
MKT-0435,Garissa,Short Rains,Cattle,13,26.6,6.7,1,0,6,0
MKT-0436,Baringo,Short Rains,Mixed,10,34.9,10.4,1,0,10,1
MKT-0437,Baringo,Long Rains,Sheep,10,31.9,21.3,0,2,6,1
MKT-0438,Turkana,Short Rains,Cattle,23,43.1,8.7,3,0,7,0
MKT-0439,Narok,Short Rains,Sheep,10,32.6,4.9,0,0,3,1
MKT-0440,Laikipia,Dry Season,Cattle,10,23.6,6.0,2,0,1,0
MKT-0441,Turkana,Long Rains,Goats,14,36.8,9.2,3,0,1,0
MKT-0442,Marsabit,Short Rains,Mixed,22,45.8,23.2,1,1,7,0
MKT-0443,Laikipia,Dry Season,Sheep,18,60.2,17.6,3,0,10,0
MKT-0444,Samburu,Dry Season,Sheep,10,34.9,6.9,1,0,2,0
MKT-0445,Wajir,Long Rains,Sheep,23,66.3,1.9,1,0,7,0
MKT-0446,Samburu,Short Rains,Camels,10,43.7,3.4,1,1,8,0
MKT-0447,Samburu,Dry Season,Camels,15,45.3,3.6,3,0,1,0
MKT-0448,West Pokot,Dry Season,Goats,15,36.3,2.7,1,1,5,0
MKT-0449,Mandera,Short Rains,Sheep,14,50.6,11.0,2,1,10,0
MKT-0450,Marsabit,Long Rains,Mixed,19,31.6,14.5,0,0,2,0
MKT-0451,Laikipia,Long Rains,Camels,14,51.8,3.1,2,0,3,0
MKT-0452,Wajir,Long Rains,Cattle,10,84.9,15.0,1,1,5,0
MKT-0453,Isiolo,Long Rains,Cattle,10,39.2,10.6,1,1,10,1
MKT-0454,Kajiado,Long Rains,Cattle,18,52.3,4.7,0,1,5,0
MKT-0455,West Pokot,Dry Season,Goats,10,16.1,9.6,2,1,2,0
MKT-0456,West Pokot,Long Rains,Sheep,10,84.7,11.7,0,1,4,1
MKT-0457,Turkana,Short Rains,Sheep,10,13.8,6.6,1,0,7,0
MKT-0458,Wajir,Short Rains,Camels,10,14.4,4.7,0,0,6,0
MKT-0459,West Pokot,Long Rains,Cattle,23,42.6,0.9,0,1,3,0
MKT-0460,Isiolo,Long Rains,Goats,11,82.0,0.5,0,1,4,0
MKT-0461,Samburu,Short Rains,Mixed,10,35.6,22.1,4,0,7,0
MKT-0462,Marsabit,Dry Season,Sheep,10,9.5,2.5,0,0,1,0
MKT-0463,West Pokot,Short Rains,Sheep,10,33.0,8.7,1,0,8,0
MKT-0464,West Pokot,Dry Season,Goats,19,49.7,23.0,1,1,8,1
MKT-0465,Isiolo,Dry Season,Camels,10,30.0,13.6,0,0,3,0
MKT-0466,Laikipia,Short Rains,Goats,11,30.5,1.0,1,0,6,0
MKT-0467,Garissa,Dry Season,Camels,10,53.2,13.0,1,0,2,0
MKT-0468,Samburu,Dry Season,Sheep,18,9.8,10.4,2,1,8,1
MKT-0469,Marsabit,Short Rains,Camels,10,16.5,3.2,3,0,8,0
MKT-0470,Marsabit,Dry Season,Camels,11,47.0,9.4,1,0,3,0
MKT-0471,Isiolo,Long Rains,Camels,14,7.8,14.0,1,1,6,1
MKT-0472,Marsabit,Long Rains,Camels,10,23.6,2.8,1,2,1,1
MKT-0473,Mandera,Short Rains,Cattle,12,60.4,16.3,2,1,4,0
MKT-0474,Marsabit,Dry Season,Cattle,21,37.9,0.7,1,1,9,0
MKT-0475,Turkana,Long Rains,Cattle,12,18.8,6.0,1,1,7,1
MKT-0476,Narok,Dry Season,Cattle,11,54.7,2.1,6,0,4,0
MKT-0477,Laikipia,Dry Season,Goats,15,12.7,10.4,2,0,3,0
MKT-0478,Garissa,Long Rains,Mixed,13,14.8,1.5,3,0,10,0
MKT-0479,Marsabit,Short Rains,Camels,16,9.1,3.3,1,0,8,0
MKT-0480,Garissa,Short Rains,Goats,10,31.8,1.1,2,1,8,0
MKT-0481,Samburu,Short Rains,Cattle,29,64.2,13.4,2,1,6,0
MKT-0482,Marsabit,Dry Season,Camels,18,25.8,1.1,1,0,7,0
MKT-0483,Samburu,Short Rains,Mixed,10,28.6,10.3,1,0,2,1
MKT-0484,Wajir,Long Rains,Camels,10,24.0,9.8,2,1,3,1
MKT-0485,Kajiado,Long Rains,Sheep,11,33.2,1.2,0,2,4,1
MKT-0486,Mandera,Dry Season,Sheep,10,34.4,6.7,1,0,6,1
MKT-0487,Marsabit,Long Rains,Goats,10,26.1,5.5,3,0,2,1
MKT-0488,Samburu,Dry Season,Mixed,10,63.3,7.2,3,0,3,0
MKT-0489,Garissa,Dry Season,Goats,24,43.0,22.1,2,0,8,0
MKT-0490,Narok,Dry Season,Camels,10,12.4,0.7,1,0,3,0
MKT-0491,West Pokot,Short Rains,Mixed,15,64.1,13.7,1,1,10,1
MKT-0492,Kajiado,Short Rains,Goats,10,54.3,15.9,2,1,8,0
MKT-0493,Kajiado,Short Rains,Camels,12,35.5,1.1,1,2,7,1
MKT-0494,West Pokot,Long Rains,Cattle,10,21.0,8.5,3,1,9,0
MKT-0495,West Pokot,Dry Season,Camels,45,52.4,9.7,1,1,6,1
MKT-0496,Garissa,Short Rains,Goats,13,52.5,6.4,3,3,5,0
MKT-0497,Turkana,Short Rains,Mixed,16,62.9,5.6,3,0,2,0
MKT-0498,Kajiado,Long Rains,Mixed,11,32.5,3.1,2,0,1,1
MKT-0499,Mandera,Short Rains,Cattle,21,19.0,9.3,1,2,4,1
MKT-0500,Narok,Long Rains,Goats,20,13.5,2.7,0,0,7,1
MKT-0501,Samburu,Short Rains,Cattle,13,29.1,4.9,2,0,3,0
MKT-0502,Wajir,Dry Season,Sheep,17,37.3,15.6,2,1,5,0
MKT-0503,Narok,Long Rains,Camels,10,25.2,0.8,2,0,8,0
MKT-0504,Laikipia,Long Rains,Sheep,20,46.4,6.0,0,0,2,0
MKT-0505,Samburu,Short Rains,Sheep,16,26.0,5.3,1,0,9,0
MKT-0506,Narok,Short Rains,Cattle,10,41.7,3.8,0,2,5,0
MKT-0507,Baringo,Dry Season,Cattle,11,42.9,7.3,2,1,5,0
MKT-0508,Turkana,Dry Season,Camels,11,29.5,0.5,3,0,3,1
MKT-0509,Isiolo,Long Rains,Cattle,13,25.6,5.4,0,0,2,1
MKT-0510,West Pokot,Long Rains,Cattle,10,39.8,5.3,0,0,9,0
MKT-0511,West Pokot,Short Rains,Cattle,10,33.5,5.8,0,2,4,1
MKT-0512,Samburu,Dry Season,Cattle,12,45.7,1.9,0,0,5,0
MKT-0513,Mandera,Dry Season,Cattle,19,29.3,1.9,3,0,3,0
MKT-0514,Garissa,Long Rains,Sheep,10,44.2,8.3,4,0,6,0
MKT-0515,Narok,Dry Season,Sheep,10,53.0,0.8,2,0,5,0
MKT-0516,Laikipia,Short Rains,Camels,10,29.2,2.9,0,0,3,1
MKT-0517,Turkana,Dry Season,Mixed,10,4.8,14.2,0,0,10,1
MKT-0518,West Pokot,Dry Season,Camels,15,34.6,0.9,2,0,1,1
MKT-0519,Wajir,Long Rains,Goats,15,55.2,5.0,1,2,10,0
MKT-0520,Garissa,Short Rains,Camels,10,32.8,8.8,2,0,3,0
MKT-0521,West Pokot,Dry Season,Camels,18,61.9,1.2,2,1,3,0
MKT-0522,Turkana,Short Rains,Cattle,10,39.3,3.0,1,1,5,1
MKT-0523,Laikipia,Dry Season,Cattle,15,20.9,6.5,0,0,9,0
MKT-0524,Mandera,Short Rains,Cattle,23,53.5,3.2,0,0,4,0
MKT-0525,Laikipia,Dry Season,Mixed,10,19.1,0.9,2,2,2,1
MKT-0526,Isiolo,Long Rains,Cattle,10,61.3,2.1,1,0,1,1
MKT-0527,Samburu,Short Rains,Goats,10,15.0,0.9,1,0,7,0
MKT-0528,Samburu,Dry Season,Sheep,11,7.1,32.9,1,0,9,0
MKT-0529,Wajir,Dry Season,Goats,10,44.1,2.1,0,0,6,0
MKT-0530,Mandera,Long Rains,Mixed,10,53.5,6.0,1,0,9,0
MKT-0531,Garissa,Short Rains,Cattle,34,59.4,4.5,0,1,4,0
MKT-0532,Laikipia,Dry Season,Camels,25,13.1,6.7,2,0,6,1
MKT-0533,Laikipia,Dry Season,Sheep,10,17.2,5.5,2,1,2,0
MKT-0534,West Pokot,Dry Season,Mixed,10,15.7,10.4,1,1,10,0
MKT-0535,Mandera,Long Rains,Goats,12,37.6,16.5,1,1,5,1
MKT-0536,Kajiado,Short Rains,Cattle,23,30.5,2.7,3,0,7,1
MKT-0537,Marsabit,Dry Season,Mixed,12,39.9,1.6,1,0,6,1
MKT-0538,Kajiado,Dry Season,Mixed,11,38.8,33.3,1,0,1,0
MKT-0539,Kajiado,Long Rains,Camels,23,64.8,16.1,4,1,3,1
MKT-0540,Marsabit,Long Rains,Camels,17,61.8,3.6,2,0,5,0
MKT-0541,Isiolo,Long Rains,Camels,10,24.6,18.0,2,0,9,0
MKT-0542,Isiolo,Dry Season,Goats,11,20.6,8.9,1,2,1,0
MKT-0543,Turkana,Dry Season,Camels,10,20.9,4.6,1,0,10,0
MKT-0544,Turkana,Dry Season,Mixed,10,25.4,16.5,2,2,9,1
MKT-0545,Laikipia,Long Rains,Mixed,23,25.1,9.0,1,0,1,1
MKT-0546,Samburu,Long Rains,Mixed,16,58.3,14.0,2,1,2,0
MKT-0547,Mandera,Dry Season,Sheep,14,37.8,4.3,0,0,4,0
MKT-0548,Baringo,Short Rains,Sheep,13,42.7,12.8,1,1,6,1
MKT-0549,Baringo,Long Rains,Goats,24,10.4,3.7,2,1,1,1
MKT-0550,Samburu,Long Rains,Camels,10,29.8,10.6,1,0,7,1
MKT-0551,Turkana,Dry Season,Mixed,10,34.0,4.6,0,0,9,0
MKT-0552,West Pokot,Short Rains,Camels,23,15.6,4.2,1,0,9,1
MKT-0553,Kajiado,Short Rains,Mixed,16,14.6,12.7,1,0,9,0
MKT-0554,Mandera,Short Rains,Sheep,12,30.3,1.1,2,1,2,0
MKT-0555,Garissa,Long Rains,Mixed,10,66.2,21.1,1,1,2,1
MKT-0556,Samburu,Short Rains,Goats,29,55.0,5.7,2,0,1,0
MKT-0557,Isiolo,Long Rains,Cattle,10,45.0,8.1,1,1,10,0
MKT-0558,Baringo,Dry Season,Mixed,10,17.8,4.2,1,0,2,0
MKT-0559,Laikipia,Long Rains,Goats,10,25.6,8.3,2,0,3,1
MKT-0560,Wajir,Short Rains,Sheep,12,80.8,9.9,2,0,2,0
MKT-0561,Narok,Dry Season,Sheep,10,73.4,16.2,1,1,5,1
MKT-0562,Garissa,Long Rains,Cattle,10,18.7,15.4,2,0,4,0
MKT-0563,Garissa,Short Rains,Camels,14,26.9,3.5,1,0,7,1
MKT-0564,Mandera,Long Rains,Camels,12,31.3,7.7,0,0,7,0
MKT-0565,Mandera,Dry Season,Mixed,12,17.3,12.1,3,1,7,1
MKT-0566,Isiolo,Dry Season,Sheep,10,35.3,11.6,0,0,5,0
MKT-0567,Marsabit,Long Rains,Goats,10,27.7,17.7,1,0,10,0
MKT-0568,Samburu,Short Rains,Cattle,10,73.1,14.3,0,1,4,1
MKT-0569,Baringo,Dry Season,Camels,10,68.5,10.1,1,1,8,0
MKT-0570,Marsabit,Long Rains,Mixed,17,9.4,11.1,1,0,4,1
MKT-0571,Baringo,Dry Season,Mixed,11,22.4,13.2,1,0,5,1
MKT-0572,West Pokot,Long Rains,Sheep,10,57.3,14.6,4,1,8,0
MKT-0573,Samburu,Short Rains,Goats,12,36.5,3.5,1,0,3,0
MKT-0574,Narok,Short Rains,Goats,14,38.0,12.2,1,0,7,0
MKT-0575,Samburu,Short Rains,Camels,17,35.2,23.8,2,0,1,1
MKT-0576,Laikipia,Short Rains,Mixed,10,18.0,2.1,2,0,2,1
MKT-0577,Kajiado,Short Rains,Sheep,10,39.4,0.5,1,1,2,1
MKT-0578,West Pokot,Long Rains,Goats,13,40.6,0.6,0,1,5,0
MKT-0579,Wajir,Long Rains,Mixed,10,8.7,2.0,3,0,2,0
MKT-0580,Isiolo,Long Rains,Goats,13,17.9,20.2,2,0,4,0
MKT-0581,Marsabit,Long Rains,Cattle,11,22.6,1.1,2,0,1,1
MKT-0582,Samburu,Dry Season,Goats,10,33.2,11.0,2,1,6,1
MKT-0583,Narok,Dry Season,Goats,10,59.7,16.1,3,0,10,0
MKT-0584,Marsabit,Short Rains,Mixed,22,57.0,16.8,2,0,1,0
MKT-0585,Narok,Long Rains,Goats,10,45.0,4.3,2,0,2,0
MKT-0586,Wajir,Short Rains,Goats,10,86.0,5.5,3,0,4,0
MKT-0587,Baringo,Short Rains,Cattle,11,7.8,3.1,2,0,4,0
MKT-0588,Garissa,Dry Season,Goats,14,50.8,1.3,1,1,9,0
MKT-0589,Narok,Long Rains,Goats,11,24.1,1.9,0,1,5,0
MKT-0590,Samburu,Dry Season,Mixed,21,33.9,1.2,0,1,10,0
MKT-0591,Kajiado,Long Rains,Sheep,19,65.0,4.2,2,0,4,0
MKT-0592,West Pokot,Short Rains,Cattle,17,16.8,1.5,6,1,5,1
MKT-0593,Narok,Dry Season,Goats,15,81.7,4.1,0,0,7,0
MKT-0594,Wajir,Short Rains,Sheep,12,36.6,15.2,2,0,9,0
MKT-0595,Marsabit,Short Rains,Mixed,10,1.9,8.5,3,1,9,0
MKT-0596,Kajiado,Short Rains,Cattle,10,24.1,8.7,4,0,1,0
MKT-0597,Isiolo,Dry Season,Mixed,10,58.8,13.4,1,0,4,0
MKT-0598,Laikipia,Long Rains,Sheep,10,92.4,0.5,0,0,4,0
MKT-0599,Laikipia,Long Rains,Cattle,13,9.0,12.7,2,0,7,0
MKT-0600,Laikipia,Dry Season,Goats,10,64.8,1.7,2,0,6,0
MKT-0601,West Pokot,Long Rains,Sheep,29,43.3,3.4,5,2,8,1
MKT-0602,Samburu,Dry Season,Mixed,10,38.9,2.9,0,2,4,1
MKT-0603,Laikipia,Long Rains,Cattle,10,74.8,0.9,0,0,8,1
MKT-0604,Marsabit,Dry Season,Sheep,18,35.6,1.5,1,0,6,0
MKT-0605,Isiolo,Dry Season,Sheep,10,29.6,25.1,2,0,2,0
MKT-0606,Garissa,Long Rains,Mixed,10,5.5,7.3,1,0,1,1
MKT-0607,Laikipia,Long Rains,Mixed,10,58.0,5.1,3,0,10,0
MKT-0608,Samburu,Dry Season,Goats,18,20.5,11.3,3,1,9,1
MKT-0609,Kajiado,Dry Season,Goats,10,45.0,13.4,2,0,8,0
MKT-0610,Laikipia,Long Rains,Sheep,10,53.6,0.9,1,0,1,1
MKT-0611,West Pokot,Dry Season,Mixed,10,64.1,10.8,1,0,4,0
MKT-0612,Turkana,Long Rains,Sheep,18,89.0,21.6,1,2,2,0
MKT-0613,Mandera,Short Rains,Camels,10,8.9,7.0,3,0,2,0
MKT-0614,Mandera,Long Rains,Mixed,10,34.5,7.6,2,0,7,1
MKT-0615,Narok,Long Rains,Camels,11,38.1,16.3,1,0,10,0
MKT-0616,Marsabit,Short Rains,Camels,10,31.8,9.1,0,1,5,1
MKT-0617,Marsabit,Long Rains,Mixed,13,20.2,42.8,1,0,2,1
MKT-0618,Turkana,Dry Season,Goats,23,19.4,2.7,0,0,1,1
MKT-0619,Isiolo,Short Rains,Sheep,10,29.7,14.9,0,0,1,1
MKT-0620,Kajiado,Short Rains,Cattle,29,55.5,7.6,0,0,4,0
MKT-0621,Narok,Dry Season,Cattle,10,32.7,3.6,3,1,4,1
MKT-0622,Kajiado,Long Rains,Mixed,12,15.6,17.2,0,1,2,0
MKT-0623,Baringo,Short Rains,Goats,10,39.0,44.7,1,1,2,1
MKT-0624,Narok,Dry Season,Goats,10,40.1,0.5,1,1,4,1
MKT-0625,Narok,Dry Season,Goats,10,38.8,20.8,1,0,8,0
MKT-0626,Samburu,Long Rains,Cattle,10,79.2,1.8,0,0,6,1
MKT-0627,Marsabit,Long Rains,Camels,18,26.8,1.8,3,0,1,0
MKT-0628,Turkana,Short Rains,Cattle,10,28.6,0.5,1,1,8,1
MKT-0629,Mandera,Dry Season,Goats,11,63.1,20.4,1,1,5,1
MKT-0630,Kajiado,Long Rains,Cattle,14,65.4,11.4,1,1,10,0
MKT-0631,Mandera,Long Rains,Cattle,10,74.3,0.5,1,0,6,0
MKT-0632,Kajiado,Dry Season,Sheep,10,70.1,8.0,2,0,7,0
MKT-0633,Narok,Short Rains,Mixed,10,15.8,1.0,3,1,10,0
MKT-0634,Marsabit,Short Rains,Camels,10,36.9,11.1,1,2,6,0
MKT-0635,Turkana,Short Rains,Sheep,12,12.2,4.2,5,3,3,1
MKT-0636,Laikipia,Short Rains,Mixed,15,31.0,0.5,1,0,10,0
MKT-0637,Narok,Dry Season,Goats,10,22.4,14.1,1,0,2,0
MKT-0638,Narok,Long Rains,Sheep,10,37.9,6.8,3,0,2,1
MKT-0639,Narok,Short Rains,Mixed,15,15.8,11.9,2,1,3,1
MKT-0640,Laikipia,Short Rains,Sheep,10,18.9,9.0,3,0,6,0
MKT-0641,Kajiado,Short Rains,Cattle,10,64.6,4.6,1,0,1,0
MKT-0642,Marsabit,Dry Season,Cattle,14,15.8,9.6,3,0,3,0
MKT-0643,Garissa,Dry Season,Sheep,11,15.5,0.5,0,2,2,1
MKT-0644,Baringo,Long Rains,Sheep,12,25.4,3.3,3,0,4,0
MKT-0645,Narok,Long Rains,Camels,10,70.7,12.0,0,2,1,1
MKT-0646,Garissa,Long Rains,Goats,10,37.4,11.5,2,2,3,1
MKT-0647,Narok,Short Rains,Cattle,10,13.7,17.5,1,0,4,0
MKT-0648,Laikipia,Dry Season,Sheep,14,47.9,7.6,1,2,5,0
MKT-0649,Mandera,Dry Season,Mixed,10,59.3,22.8,1,0,4,0
MKT-0650,Samburu,Long Rains,Goats,10,61.2,6.5,1,0,5,1
MKT-0651,Baringo,Long Rains,Mixed,16,31.0,5.6,5,1,1,0
MKT-0652,Turkana,Long Rains,Goats,10,35.0,1.8,2,2,8,1
MKT-0653,Mandera,Short Rains,Mixed,12,50.5,12.1,1,0,2,0
MKT-0654,Samburu,Short Rains,Cattle,10,41.1,9.4,2,0,6,0
MKT-0655,Garissa,Long Rains,Sheep,10,1.1,4.9,2,0,2,1
MKT-0656,Isiolo,Short Rains,Sheep,10,74.8,0.7,1,0,2,0
MKT-0657,Wajir,Short Rains,Camels,21,44.1,1.1,2,0,8,0
MKT-0658,Laikipia,Long Rains,Sheep,13,15.8,1.0,0,1,3,0
MKT-0659,Samburu,Dry Season,Cattle,25,63.5,3.8,1,0,8,0
MKT-0660,Narok,Dry Season,Goats,12,52.9,1.4,0,0,2,0
MKT-0661,Samburu,Short Rains,Goats,28,35.8,15.8,2,1,1,1
MKT-0662,Laikipia,Short Rains,Sheep,35,52.5,18.4,3,0,1,0
MKT-0663,Mandera,Long Rains,Mixed,17,49.0,15.5,2,1,7,0
MKT-0664,Turkana,Dry Season,Sheep,10,45.0,7.5,1,0,8,0
MKT-0665,Mandera,Dry Season,Goats,10,38.3,7.3,4,1,1,1
MKT-0666,Kajiado,Dry Season,Camels,10,51.7,17.7,2,0,3,0
MKT-0667,Mandera,Dry Season,Goats,18,52.3,4.2,1,0,4,0
MKT-0668,Isiolo,Short Rains,Mixed,25,21.0,0.5,4,0,8,0
MKT-0669,Samburu,Short Rains,Mixed,10,71.0,5.1,3,0,7,0
MKT-0670,Baringo,Short Rains,Camels,10,16.5,6.5,4,0,5,0
MKT-0671,Laikipia,Long Rains,Mixed,10,37.6,6.4,0,0,7,0
MKT-0672,Laikipia,Short Rains,Sheep,18,25.5,1.4,4,0,2,0
MKT-0673,Garissa,Dry Season,Sheep,13,20.3,12.2,3,0,7,0
MKT-0674,Wajir,Dry Season,Goats,16,27.4,10.5,2,0,1,0
MKT-0675,Wajir,Short Rains,Cattle,12,17.3,2.1,2,0,6,1
MKT-0676,Isiolo,Dry Season,Sheep,12,9.1,6.4,0,0,8,1
MKT-0677,West Pokot,Long Rains,Sheep,18,73.3,12.5,3,0,7,0
MKT-0678,Marsabit,Dry Season,Camels,10,49.0,0.5,1,2,5,0
MKT-0679,Narok,Dry Season,Sheep,31,16.4,2.6,1,0,3,0
MKT-0680,Kajiado,Short Rains,Goats,10,46.1,5.1,2,0,7,0
MKT-0681,Wajir,Long Rains,Camels,18,33.2,14.9,3,0,9,1
MKT-0682,Turkana,Short Rains,Sheep,20,29.7,12.8,1,0,10,0
MKT-0683,Laikipia,Dry Season,Goats,12,34.4,1.3,3,0,7,0
MKT-0684,Turkana,Long Rains,Camels,10,43.5,5.0,4,2,1,1
MKT-0685,Narok,Dry Season,Cattle,11,1.9,2.9,1,0,10,1
MKT-0686,Garissa,Short Rains,Goats,10,63.9,4.1,1,0,7,0
MKT-0687,Garissa,Dry Season,Sheep,10,37.9,6.2,2,0,10,0
MKT-0688,Baringo,Dry Season,Camels,10,17.3,5.5,1,0,2,0
MKT-0689,Marsabit,Dry Season,Cattle,22,54.9,1.2,1,0,7,0
MKT-0690,Wajir,Short Rains,Goats,10,64.4,1.0,0,0,5,0
MKT-0691,Mandera,Long Rains,Cattle,20,21.5,1.1,3,1,6,1
MKT-0692,Mandera,Short Rains,Goats,12,52.7,14.7,5,0,6,0
MKT-0693,Laikipia,Short Rains,Sheep,42,8.0,0.5,2,0,10,0
MKT-0694,West Pokot,Long Rains,Goats,18,73.0,1.8,2,0,3,1
MKT-0695,Isiolo,Short Rains,Sheep,10,35.9,25.0,2,0,9,0
MKT-0696,Laikipia,Dry Season,Goats,10,82.7,0.5,2,0,3,0
MKT-0697,Mandera,Long Rains,Camels,10,27.9,0.5,0,1,2,1
MKT-0698,Laikipia,Dry Season,Goats,10,19.0,3.9,1,0,2,0
MKT-0699,Laikipia,Short Rains,Goats,12,24.4,1.3,1,1,7,1
MKT-0700,Wajir,Short Rains,Mixed,14,36.2,6.7,3,1,7,1
MKT-0701,West Pokot,Short Rains,Mixed,10,16.7,3.3,1,0,2,0
MKT-0702,Narok,Short Rains,Goats,15,72.1,1.9,0,0,4,0
MKT-0703,Garissa,Long Rains,Mixed,21,39.1,50.0,1,0,5,0
MKT-0704,Laikipia,Long Rains,Sheep,10,24.5,3.3,3,1,2,1
MKT-0705,Laikipia,Dry Season,Mixed,10,68.9,8.2,2,1,8,0
MKT-0706,Isiolo,Long Rains,Goats,15,6.2,16.6,0,1,6,1
MKT-0707,Mandera,Short Rains,Cattle,10,52.8,20.4,1,0,5,0
MKT-0708,Laikipia,Short Rains,Cattle,11,6.4,4.2,4,0,8,0
MKT-0709,Baringo,Dry Season,Goats,10,26.8,29.9,2,0,6,0
MKT-0710,Narok,Dry Season,Goats,16,68.2,10.3,0,0,9,0
MKT-0711,Laikipia,Dry Season,Cattle,10,35.9,7.0,1,1,7,0
MKT-0712,Narok,Short Rains,Camels,10,25.7,9.5,0,1,8,0
MKT-0713,Isiolo,Short Rains,Mixed,10,55.8,3.6,1,0,10,0
MKT-0714,Turkana,Short Rains,Camels,14,25.1,4.4,0,0,7,0
MKT-0715,Isiolo,Dry Season,Sheep,10,42.4,7.1,1,1,7,0
MKT-0716,Isiolo,Short Rains,Cattle,10,15.9,3.2,0,0,8,0
MKT-0717,West Pokot,Long Rains,Cattle,18,24.6,11.7,7,1,6,1
MKT-0718,Mandera,Long Rains,Camels,17,33.8,2.3,1,0,10,1
MKT-0719,Isiolo,Long Rains,Sheep,11,53.6,12.7,0,0,4,0
MKT-0720,Marsabit,Short Rains,Camels,11,47.2,1.3,0,1,9,1
MKT-0721,West Pokot,Long Rains,Sheep,10,53.2,2.0,1,0,8,0
MKT-0722,Baringo,Short Rains,Goats,10,50.5,11.2,2,0,4,0
MKT-0723,Mandera,Dry Season,Goats,10,36.9,2.4,2,0,3,0
MKT-0724,Wajir,Short Rains,Cattle,11,78.3,12.7,0,1,9,0
MKT-0725,West Pokot,Short Rains,Goats,10,34.1,12.3,3,0,5,1
MKT-0726,Isiolo,Long Rains,Camels,33,30.7,2.4,2,1,8,0
MKT-0727,Kajiado,Dry Season,Sheep,19,45.9,0.6,3,1,9,0
MKT-0728,Kajiado,Short Rains,Cattle,10,42.1,1.5,1,0,6,0
MKT-0729,Garissa,Long Rains,Goats,10,37.8,11.2,1,0,9,1
MKT-0730,Laikipia,Short Rains,Cattle,10,24.7,15.0,0,0,10,0
MKT-0731,Marsabit,Short Rains,Cattle,10,54.9,3.9,1,1,3,1
MKT-0732,Marsabit,Long Rains,Sheep,10,50.4,1.4,1,1,6,0
MKT-0733,West Pokot,Short Rains,Camels,11,52.6,0.6,4,0,10,0
MKT-0734,Narok,Dry Season,Camels,10,18.7,1.9,3,1,9,1
MKT-0735,Garissa,Dry Season,Mixed,10,47.2,31.2,2,0,2,0
MKT-0736,Kajiado,Dry Season,Camels,10,54.9,1.5,3,0,3,0
MKT-0737,Isiolo,Short Rains,Goats,26,30.5,0.7,0,0,7,0
MKT-0738,Baringo,Long Rains,Mixed,13,28.4,12.3,2,0,5,0
MKT-0739,Laikipia,Dry Season,Mixed,10,46.9,7.6,0,1,9,0
MKT-0740,Baringo,Dry Season,Mixed,10,3.1,6.1,1,1,1,0
MKT-0741,Kajiado,Short Rains,Mixed,11,38.7,4.8,1,0,8,0
MKT-0742,Kajiado,Long Rains,Camels,18,24.9,9.7,0,1,6,1
MKT-0743,Turkana,Dry Season,Mixed,19,44.9,9.6,2,1,2,0
MKT-0744,Laikipia,Long Rains,Goats,10,28.4,4.4,0,0,6,0
MKT-0745,Narok,Dry Season,Goats,12,40.2,2.1,2,0,1,0
MKT-0746,Marsabit,Long Rains,Cattle,23,21.1,14.7,0,0,7,0
MKT-0747,Narok,Short Rains,Goats,10,41.1,1.4,2,1,9,0
MKT-0748,Samburu,Short Rains,Cattle,13,28.3,6.1,4,1,3,0
MKT-0749,Marsabit,Short Rains,Goats,10,30.0,9.4,1,0,4,0
MKT-0750,Turkana,Short Rains,Mixed,10,42.0,8.1,0,0,6,0
MKT-0751,Samburu,Dry Season,Sheep,10,10.1,7.7,2,0,5,1
MKT-0752,Narok,Dry Season,Mixed,27,60.1,8.7,3,0,2,0
MKT-0753,Garissa,Dry Season,Camels,14,49.8,16.7,0,0,8,0
MKT-0754,Samburu,Long Rains,Cattle,10,37.1,3.6,4,0,10,0
MKT-0755,Laikipia,Long Rains,Sheep,11,4.3,7.9,1,0,10,1
MKT-0756,Mandera,Short Rains,Goats,10,52.9,9.6,2,1,10,0
MKT-0757,Laikipia,Dry Season,Mixed,16,43.8,7.1,1,3,8,0
MKT-0758,Samburu,Long Rains,Cattle,13,26.2,18.7,3,0,2,0
MKT-0759,Laikipia,Long Rains,Cattle,17,49.6,8.5,1,0,2,1
MKT-0760,Turkana,Dry Season,Goats,10,29.5,4.4,1,1,10,1
MKT-0761,Baringo,Long Rains,Cattle,12,25.6,14.9,2,0,7,0
MKT-0762,Samburu,Dry Season,Goats,10,32.2,5.4,3,1,3,1
MKT-0763,Kajiado,Dry Season,Goats,10,50.9,6.0,3,1,9,0
MKT-0764,Wajir,Short Rains,Mixed,22,34.4,7.0,1,0,6,0
MKT-0765,Mandera,Short Rains,Cattle,14,24.5,3.1,3,0,3,0
MKT-0766,Isiolo,Dry Season,Camels,20,53.8,10.3,2,2,6,0
MKT-0767,Baringo,Long Rains,Camels,10,2.0,0.8,2,1,8,1
MKT-0768,Marsabit,Short Rains,Mixed,22,43.4,16.3,0,0,7,0
MKT-0769,West Pokot,Long Rains,Mixed,10,19.1,11.2,0,2,7,1
MKT-0770,Laikipia,Long Rains,Goats,18,18.0,3.5,2,0,5,0
MKT-0771,Turkana,Dry Season,Camels,10,26.9,2.1,2,1,10,1
MKT-0772,Turkana,Dry Season,Cattle,10,51.6,3.9,0,0,4,0
MKT-0773,Laikipia,Dry Season,Camels,10,48.0,13.1,4,0,8,0
MKT-0774,Marsabit,Dry Season,Mixed,10,22.8,0.5,3,0,9,0
MKT-0775,Mandera,Short Rains,Mixed,10,35.4,5.0,1,0,2,0
MKT-0776,Mandera,Dry Season,Goats,13,12.7,2.3,2,0,5,0
MKT-0777,Baringo,Short Rains,Cattle,18,46.2,16.6,0,0,7,1
MKT-0778,Laikipia,Short Rains,Mixed,32,47.2,4.3,1,2,5,0
MKT-0779,Garissa,Dry Season,Cattle,16,30.2,9.6,2,0,8,0
MKT-0780,Narok,Long Rains,Camels,10,54.1,3.5,0,0,8,0
MKT-0781,Garissa,Dry Season,Goats,24,49.5,3.2,3,0,5,0
MKT-0782,Isiolo,Short Rains,Camels,10,63.2,3.2,3,0,8,0
MKT-0783,Garissa,Dry Season,Mixed,10,47.6,9.1,1,1,2,0
MKT-0784,Turkana,Short Rains,Mixed,13,27.2,26.6,1,1,5,1
MKT-0785,Baringo,Short Rains,Cattle,10,60.1,1.9,0,3,5,1
MKT-0786,Samburu,Long Rains,Mixed,15,87.3,8.3,1,0,9,0
MKT-0787,Wajir,Long Rains,Cattle,10,24.6,2.5,2,0,10,1
MKT-0788,Kajiado,Long Rains,Sheep,13,12.8,6.4,3,1,2,1
MKT-0789,Isiolo,Dry Season,Mixed,10,27.0,6.2,2,0,3,0
MKT-0790,Wajir,Dry Season,Camels,27,43.0,4.8,3,0,10,0
MKT-0791,Laikipia,Short Rains,Camels,10,44.5,5.5,2,0,9,0
MKT-0792,Garissa,Short Rains,Cattle,10,42.1,17.0,1,1,6,0
MKT-0793,Kajiado,Long Rains,Sheep,21,40.8,0.7,2,1,6,0
MKT-0794,Wajir,Long Rains,Mixed,10,30.7,14.2,1,0,10,1
MKT-0795,Marsabit,Long Rains,Goats,12,37.2,5.0,0,1,4,0
MKT-0796,Isiolo,Short Rains,Goats,11,14.9,3.2,1,2,3,0
MKT-0797,Narok,Dry Season,Camels,13,21.3,1.6,6,1,8,0
MKT-0798,Isiolo,Short Rains,Mixed,27,6.8,13.5,1,1,1,1
MKT-0799,Kajiado,Long Rains,Goats,12,33.6,7.2,1,0,9,1
MKT-0800,Wajir,Long Rains,Cattle,10,27.0,10.4,0,1,1,1
MKT-0801,Kajiado,Short Rains,Mixed,10,41.0,3.0,1,1,2,1
MKT-0802,Laikipia,Dry Season,Camels,10,7.9,4.0,2,1,4,1
MKT-0803,Baringo,Long Rains,Sheep,12,20.5,19.6,0,0,5,0
MKT-0804,Kajiado,Long Rains,Cattle,14,25.5,26.0,1,0,4,1
MKT-0805,Mandera,Long Rains,Cattle,10,43.0,10.8,1,0,10,0
MKT-0806,West Pokot,Dry Season,Mixed,10,29.2,11.1,1,3,10,0
MKT-0807,Turkana,Dry Season,Sheep,16,32.5,9.5,1,0,8,1
MKT-0808,Garissa,Long Rains,Cattle,10,56.7,7.1,2,1,9,0
MKT-0809,Narok,Short Rains,Sheep,10,41.9,7.2,2,0,5,0
MKT-0810,Turkana,Short Rains,Camels,15,50.2,26.6,1,0,2,0
MKT-0811,Mandera,Short Rains,Cattle,11,5.4,11.1,4,1,1,0
MKT-0812,Marsabit,Dry Season,Goats,10,43.6,8.5,4,1,9,0
MKT-0813,Baringo,Long Rains,Camels,12,21.0,1.7,1,0,5,0
MKT-0814,Narok,Dry Season,Camels,16,64.2,30.2,0,2,3,1
MKT-0815,Baringo,Short Rains,Cattle,10,27.3,5.9,1,0,4,0
MKT-0816,Baringo,Long Rains,Goats,10,37.6,23.0,1,0,1,0
MKT-0817,Marsabit,Dry Season,Sheep,10,18.7,10.0,3,1,8,1
MKT-0818,Marsabit,Short Rains,Goats,10,20.6,0.5,2,0,1,0
MKT-0819,Baringo,Long Rains,Camels,15,8.2,6.2,2,1,5,1
MKT-0820,Marsabit,Dry Season,Cattle,10,2.5,17.9,2,0,1,1
MKT-0821,Garissa,Dry Season,Goats,12,58.2,0.5,2,0,8,0
MKT-0822,Marsabit,Dry Season,Goats,19,25.5,16.1,3,1,5,0
MKT-0823,Turkana,Dry Season,Camels,10,74.3,7.6,2,0,5,0
MKT-0824,West Pokot,Dry Season,Sheep,22,52.3,0.5,2,1,7,0
MKT-0825,Samburu,Short Rains,Goats,17,70.3,3.7,0,0,6,0
MKT-0826,Laikipia,Dry Season,Goats,10,45.6,0.5,0,0,10,0
MKT-0827,Kajiado,Dry Season,Mixed,14,39.2,0.5,2,0,9,0
MKT-0828,West Pokot,Long Rains,Camels,10,54.5,18.1,2,0,8,0
MKT-0829,Samburu,Short Rains,Mixed,12,57.1,11.0,1,0,8,0
MKT-0830,Wajir,Long Rains,Camels,13,59.8,2.7,2,1,3,1
MKT-0831,Isiolo,Dry Season,Camels,13,23.3,1.0,4,0,3,1
MKT-0832,Narok,Short Rains,Mixed,10,47.4,0.5,0,1,5,0
MKT-0833,Wajir,Dry Season,Sheep,13,51.7,19.9,3,1,8,0
MKT-0834,Turkana,Long Rains,Sheep,10,51.8,7.9,3,1,3,0
MKT-0835,Baringo,Long Rains,Camels,10,24.4,1.4,1,0,3,0
MKT-0836,Wajir,Long Rains,Mixed,14,6.9,9.2,0,0,8,0
MKT-0837,Isiolo,Short Rains,Goats,10,10.5,50.0,1,0,4,1
MKT-0838,Mandera,Long Rains,Camels,28,21.4,12.4,1,2,1,0
MKT-0839,Narok,Long Rains,Camels,10,13.4,4.7,4,0,5,0
MKT-0840,Marsabit,Long Rains,Cattle,12,4.4,13.5,0,0,5,0
MKT-0841,Samburu,Short Rains,Sheep,13,57.0,10.9,2,0,4,0
MKT-0842,Isiolo,Long Rains,Mixed,12,55.4,0.7,2,0,6,1
MKT-0843,Kajiado,Long Rains,Goats,10,65.4,20.8,0,0,4,0
MKT-0844,Marsabit,Dry Season,Goats,10,29.0,17.2,1,1,7,0
MKT-0845,Samburu,Dry Season,Camels,18,44.1,7.1,3,0,8,0
MKT-0846,Samburu,Dry Season,Goats,10,29.7,5.7,0,1,1,1
MKT-0847,West Pokot,Long Rains,Goats,13,77.6,2.1,0,0,8,0
MKT-0848,Wajir,Long Rains,Camels,16,41.0,14.4,3,0,4,0
MKT-0849,Baringo,Short Rains,Sheep,14,32.0,4.5,1,0,9,0
MKT-0850,Kajiado,Dry Season,Cattle,10,21.1,6.9,2,2,2,1
MKT-0851,Isiolo,Long Rains,Sheep,10,43.0,1.5,1,2,2,1
MKT-0852,Marsabit,Dry Season,Sheep,19,36.9,1.9,1,1,3,0
MKT-0853,Laikipia,Long Rains,Cattle,10,23.8,33.7,2,0,6,0
MKT-0854,Baringo,Short Rains,Camels,23,32.5,5.4,5,1,4,0
MKT-0855,Baringo,Short Rains,Sheep,10,11.2,13.5,0,1,5,0
MKT-0856,Baringo,Dry Season,Mixed,10,16.0,14.2,0,1,8,0
MKT-0857,Laikipia,Short Rains,Mixed,19,30.0,31.9,5,0,7,0
MKT-0858,Isiolo,Short Rains,Cattle,10,21.3,32.6,2,0,8,0
MKT-0859,Turkana,Dry Season,Mixed,20,60.9,4.9,1,0,3,0
MKT-0860,Baringo,Dry Season,Camels,11,49.3,24.0,2,2,2,0
MKT-0861,Kajiado,Short Rains,Goats,10,7.3,3.6,1,0,6,0
MKT-0862,Marsabit,Short Rains,Camels,10,50.4,7.5,0,0,3,0
MKT-0863,Mandera,Short Rains,Cattle,11,49.2,13.8,0,0,1,0
MKT-0864,Samburu,Long Rains,Goats,10,36.1,19.6,0,1,8,0
MKT-0865,Baringo,Dry Season,Mixed,20,32.8,5.9,2,1,3,0
MKT-0866,Narok,Short Rains,Sheep,10,20.9,4.3,2,1,6,1
MKT-0867,Samburu,Dry Season,Mixed,17,40.3,10.4,2,1,9,0
MKT-0868,West Pokot,Short Rains,Camels,10,8.3,4.9,1,1,7,1
MKT-0869,Mandera,Short Rains,Camels,20,29.9,8.9,2,1,4,1
MKT-0870,Mandera,Dry Season,Cattle,11,22.2,13.0,2,1,6,1
MKT-0871,Narok,Short Rains,Sheep,13,59.7,14.7,4,1,10,0
MKT-0872,Baringo,Dry Season,Sheep,29,29.4,2.3,2,0,9,0
MKT-0873,Narok,Dry Season,Goats,18,62.3,6.8,1,0,1,1
MKT-0874,Turkana,Short Rains,Goats,10,33.7,0.5,0,1,2,1
MKT-0875,Marsabit,Long Rains,Camels,15,58.7,12.8,1,0,1,0
MKT-0876,Mandera,Long Rains,Cattle,10,11.6,1.1,1,2,5,1
MKT-0877,Narok,Dry Season,Camels,10,24.1,16.4,1,0,5,0
MKT-0878,Garissa,Long Rains,Sheep,12,13.1,4.2,2,1,1,1
MKT-0879,West Pokot,Long Rains,Sheep,10,54.1,1.5,1,0,1,0
MKT-0880,Garissa,Short Rains,Camels,18,7.4,12.7,1,0,8,0
MKT-0881,Marsabit,Long Rains,Sheep,10,13.8,1.8,0,0,8,1
MKT-0882,Laikipia,Short Rains,Goats,10,28.8,4.0,2,0,1,1
MKT-0883,Turkana,Short Rains,Sheep,10,57.3,6.7,1,0,10,1
MKT-0884,Laikipia,Dry Season,Goats,13,35.3,3.6,1,3,10,1
MKT-0885,Baringo,Short Rains,Mixed,18,61.4,1.6,0,1,7,0
MKT-0886,Kajiado,Short Rains,Cattle,10,39.4,4.2,1,0,4,0
MKT-0887,Baringo,Dry Season,Cattle,10,21.0,1.2,2,0,1,0
MKT-0888,Marsabit,Dry Season,Sheep,13,46.4,10.2,2,0,4,0
MKT-0889,Laikipia,Short Rains,Cattle,11,31.7,1.5,1,1,8,1
MKT-0890,Wajir,Short Rains,Mixed,20,22.1,5.3,1,2,2,0
MKT-0891,Marsabit,Short Rains,Sheep,10,45.7,6.6,0,0,9,0
MKT-0892,Laikipia,Short Rains,Goats,34,60.0,23.2,2,2,7,1
MKT-0893,Kajiado,Dry Season,Mixed,16,30.2,0.7,3,0,5,1
MKT-0894,Baringo,Long Rains,Mixed,18,26.9,21.3,0,1,8,1
MKT-0895,Isiolo,Dry Season,Cattle,10,66.5,1.9,2,1,7,0
MKT-0896,Turkana,Long Rains,Goats,11,20.6,14.7,0,0,9,0
MKT-0897,Garissa,Dry Season,Camels,16,45.3,0.8,3,0,10,0
MKT-0898,Garissa,Long Rains,Mixed,13,49.0,35.9,2,0,6,0
MKT-0899,Samburu,Dry Season,Cattle,10,62.8,13.2,0,0,9,1
MKT-0900,Mandera,Long Rains,Mixed,16,41.5,0.5,1,1,1,0
MKT-0901,Wajir,Dry Season,Goats,10,29.3,1.9,1,1,3,1
MKT-0902,West Pokot,Long Rains,Goats,11,37.9,6.4,0,0,1,1
MKT-0903,Wajir,Long Rains,Sheep,11,40.0,5.9,1,0,4,0
MKT-0904,Baringo,Dry Season,Camels,10,39.3,7.9,0,0,7,0
MKT-0905,Samburu,Short Rains,Camels,13,27.2,5.0,2,0,1,1
MKT-0906,Turkana,Long Rains,Cattle,10,62.0,10.6,3,0,3,0
MKT-0907,Narok,Dry Season,Camels,10,51.1,3.4,1,0,4,0
MKT-0908,Narok,Dry Season,Goats,12,3.6,1.6,0,0,3,1
MKT-0909,Samburu,Long Rains,Camels,15,49.3,0.5,0,0,9,0
MKT-0910,Narok,Long Rains,Cattle,10,67.3,3.1,1,1,6,0
MKT-0911,West Pokot,Short Rains,Mixed,22,13.0,4.5,2,1,10,0
MKT-0912,Isiolo,Dry Season,Camels,17,86.7,8.6,2,1,6,0
MKT-0913,Laikipia,Long Rains,Camels,18,79.1,13.1,1,1,9,0
MKT-0914,Narok,Dry Season,Goats,10,61.6,2.2,0,0,8,0
MKT-0915,Marsabit,Short Rains,Goats,16,17.1,5.4,1,0,6,0
MKT-0916,Narok,Short Rains,Mixed,10,32.2,2.1,2,1,8,1
MKT-0917,West Pokot,Long Rains,Sheep,10,27.5,24.2,0,1,9,1
MKT-0918,Narok,Dry Season,Camels,10,28.0,8.3,0,2,4,1
MKT-0919,Isiolo,Long Rains,Goats,17,19.1,9.1,2,1,5,1
MKT-0920,Garissa,Short Rains,Sheep,18,51.5,6.1,1,1,6,0
MKT-0921,Baringo,Short Rains,Camels,10,45.5,2.6,3,0,7,0
MKT-0922,Baringo,Short Rains,Camels,10,32.9,1.8,3,0,10,0
MKT-0923,Laikipia,Short Rains,Sheep,11,79.7,8.6,1,0,5,1
MKT-0924,Baringo,Short Rains,Goats,10,47.6,20.4,0,1,5,0
MKT-0925,Laikipia,Dry Season,Mixed,10,45.1,1.9,3,0,10,0
MKT-0926,Mandera,Long Rains,Camels,20,36.1,6.8,3,0,5,0
MKT-0927,Turkana,Long Rains,Cattle,13,24.6,6.0,1,0,7,0
MKT-0928,Narok,Dry Season,Cattle,10,25.4,8.2,3,1,10,0
MKT-0929,Baringo,Long Rains,Cattle,10,41.8,7.1,0,1,10,1
MKT-0930,Narok,Dry Season,Mixed,10,51.1,2.5,4,0,3,0
MKT-0931,Turkana,Short Rains,Camels,10,36.9,9.4,0,0,10,0
MKT-0932,West Pokot,Long Rains,Goats,10,5.6,2.5,4,0,8,0
MKT-0933,Mandera,Long Rains,Goats,12,37.1,8.5,0,1,10,0
MKT-0934,Baringo,Long Rains,Mixed,24,10.1,2.9,1,0,4,0
MKT-0935,Baringo,Long Rains,Camels,21,41.2,0.7,2,0,4,0
MKT-0936,Kajiado,Short Rains,Sheep,14,33.8,1.1,0,0,6,0
MKT-0937,Kajiado,Dry Season,Sheep,19,52.1,14.4,1,1,8,0
MKT-0938,Garissa,Long Rains,Camels,12,17.4,1.0,1,0,9,0
MKT-0939,Kajiado,Short Rains,Camels,10,46.2,3.2,1,0,1,0
MKT-0940,Laikipia,Long Rains,Goats,11,7.4,2.7,0,1,2,1
MKT-0941,Wajir,Dry Season,Mixed,15,33.4,0.5,3,2,10,1
MKT-0942,Samburu,Short Rains,Mixed,10,59.8,7.3,0,0,6,1
MKT-0943,Laikipia,Short Rains,Goats,10,50.4,12.8,2,1,7,0
MKT-0944,Wajir,Dry Season,Cattle,10,48.1,39.0,2,1,10,0
MKT-0945,Turkana,Dry Season,Sheep,10,44.9,22.0,3,1,5,0
MKT-0946,Marsabit,Short Rains,Camels,11,25.7,0.5,2,0,5,0
MKT-0947,Baringo,Dry Season,Sheep,10,63.6,2.4,0,2,6,1
MKT-0948,Marsabit,Long Rains,Sheep,10,69.9,4.2,2,1,6,0
MKT-0949,Laikipia,Dry Season,Mixed,10,11.0,16.6,0,0,4,0
MKT-0950,Samburu,Long Rains,Goats,11,55.0,3.6,1,1,10,0
MKT-0951,West Pokot,Dry Season,Cattle,10,48.4,6.8,0,0,7,0
MKT-0952,Marsabit,Dry Season,Cattle,10,77.1,8.6,1,0,9,0
MKT-0953,Baringo,Short Rains,Goats,10,27.0,2.8,0,1,2,0
MKT-0954,Isiolo,Short Rains,Sheep,10,12.4,7.0,2,1,8,0
MKT-0955,Marsabit,Long Rains,Goats,11,46.1,0.5,0,1,10,0
MKT-0956,Kajiado,Short Rains,Goats,14,41.2,5.2,3,1,10,0
MKT-0957,West Pokot,Long Rains,Camels,12,31.2,3.8,3,0,6,0
MKT-0958,Baringo,Dry Season,Camels,10,21.4,3.5,1,0,3,0
MKT-0959,Samburu,Short Rains,Sheep,10,48.7,2.1,1,1,2,0
MKT-0960,Mandera,Long Rains,Mixed,18,44.7,13.6,0,0,10,0
MKT-0961,West Pokot,Long Rains,Cattle,10,29.1,17.1,0,2,10,0
MKT-0962,Kajiado,Long Rains,Camels,20,77.2,17.5,1,1,6,0
MKT-0963,Isiolo,Short Rains,Sheep,10,30.8,4.0,1,0,6,1
MKT-0964,Samburu,Short Rains,Goats,10,74.0,2.4,2,0,5,0
MKT-0965,Isiolo,Dry Season,Camels,10,59.3,0.8,1,0,4,0
MKT-0966,Narok,Dry Season,Goats,10,21.4,8.9,2,0,9,0
MKT-0967,Kajiado,Dry Season,Goats,12,11.4,3.2,5,0,2,0
MKT-0968,Wajir,Dry Season,Camels,17,30.8,2.6,0,2,4,1
MKT-0969,Mandera,Long Rains,Sheep,18,52.3,3.7,1,0,1,1
MKT-0970,Baringo,Dry Season,Cattle,10,49.1,6.5,2,0,10,0
MKT-0971,Isiolo,Long Rains,Sheep,14,14.6,1.4,5,1,4,0
MKT-0972,West Pokot,Short Rains,Mixed,18,63.2,26.0,0,1,8,0
MKT-0973,Isiolo,Long Rains,Mixed,10,68.6,10.6,1,1,10,1
MKT-0974,Samburu,Short Rains,Cattle,11,61.5,0.5,1,0,3,0
MKT-0975,Mandera,Long Rains,Mixed,13,31.1,2.9,2,0,3,1
MKT-0976,Samburu,Short Rains,Goats,10,56.9,0.5,2,0,6,0
MKT-0977,Narok,Long Rains,Mixed,10,26.2,2.1,1,1,2,1
MKT-0978,Wajir,Long Rains,Camels,10,40.3,2.7,1,0,4,0
MKT-0979,Turkana,Dry Season,Goats,10,35.7,10.1,1,0,5,0
MKT-0980,Isiolo,Long Rains,Sheep,10,41.8,10.1,0,1,8,1
MKT-0981,Narok,Dry Season,Cattle,10,42.9,0.5,2,0,4,1
MKT-0982,Garissa,Short Rains,Camels,10,6.2,7.1,4,0,5,0
MKT-0983,Baringo,Dry Season,Camels,27,54.5,25.9,1,1,4,0
MKT-0984,Mandera,Dry Season,Cattle,14,12.8,7.9,1,0,3,0
MKT-0985,Laikipia,Dry Season,Mixed,14,68.4,25.9,3,1,6,0
MKT-0986,Garissa,Long Rains,Cattle,20,60.6,3.8,0,0,9,1
MKT-0987,Garissa,Long Rains,Cattle,16,52.0,4.9,1,2,6,1
MKT-0988,Laikipia,Short Rains,Mixed,11,37.9,5.5,2,0,7,0
MKT-0989,Wajir,Short Rains,Sheep,15,29.1,20.6,2,0,8,0
MKT-0990,Kajiado,Long Rains,Cattle,12,45.8,3.8,1,0,1,0
MKT-0991,West Pokot,Dry Season,Mixed,16,52.2,32.8,0,0,7,0
MKT-0992,Kajiado,Short Rains,Camels,16,43.6,6.3,2,0,8,1
MKT-0993,Laikipia,Short Rains,Cattle,10,48.2,2.0,2,0,7,0
MKT-0994,Kajiado,Short Rains,Cattle,10,31.0,0.9,1,1,1,0
MKT-0995,Wajir,Short Rains,Sheep,10,7.5,1.5,1,1,2,1
MKT-0996,West Pokot,Dry Season,Sheep,13,22.7,0.5,2,1,4,1
MKT-0997,Baringo,Dry Season,Camels,11,69.7,9.4,0,0,5,0
MKT-0998,Marsabit,Long Rains,Sheep,10,53.2,5.8,0,1,9,0
MKT-0999,Narok,Short Rains,Camels,10,49.4,10.7,1,0,9,0
MKT-1000,Laikipia,Dry Season,Cattle,11,69.8,12.2,2,2,2,0
MKT-1001,Narok,Short Rains,Mixed,10,10.1,21.4,0,0,7,0
MKT-1002,Isiolo,Long Rains,Sheep,21,88.1,1.0,2,1,3,1
MKT-1003,Wajir,Dry Season,Camels,17,69.4,1.6,0,0,8,0
MKT-1004,Narok,Long Rains,Sheep,15,35.3,6.4,1,0,9,1
MKT-1005,Laikipia,Short Rains,Sheep,15,16.5,1.1,3,1,4,1
MKT-1006,Baringo,Short Rains,Goats,10,37.1,0.8,0,1,2,0
MKT-1007,Kajiado,Dry Season,Cattle,10,28.2,8.8,1,0,10,0
MKT-1008,Garissa,Short Rains,Sheep,10,46.0,10.3,2,0,9,0
MKT-1009,Garissa,Long Rains,Mixed,10,28.7,14.8,0,1,2,1
MKT-1010,Isiolo,Dry Season,Goats,15,24.6,19.8,1,0,2,1
MKT-1011,Samburu,Dry Season,Camels,10,52.7,4.7,2,1,9,0
MKT-1012,Narok,Long Rains,Camels,10,52.1,31.2,0,1,6,0
MKT-1013,Mandera,Short Rains,Mixed,10,25.0,0.5,3,0,5,0
MKT-1014,Laikipia,Long Rains,Mixed,10,51.0,16.3,3,1,6,0
MKT-1015,Mandera,Short Rains,Cattle,10,66.4,3.1,2,0,9,0
MKT-1016,Laikipia,Short Rains,Mixed,12,78.5,20.4,0,0,1,0
MKT-1017,Laikipia,Dry Season,Camels,10,43.8,2.0,1,0,7,1
MKT-1018,Baringo,Short Rains,Cattle,28,30.3,10.8,4,0,8,0
MKT-1019,Samburu,Short Rains,Mixed,10,22.1,4.4,4,1,4,1
MKT-1020,Isiolo,Long Rains,Mixed,19,41.4,3.8,1,0,8,0
MKT-1021,Garissa,Long Rains,Camels,15,57.6,0.5,1,0,10,0
MKT-1022,Isiolo,Dry Season,Cattle,10,53.9,9.8,2,3,1,0
MKT-1023,Isiolo,Dry Season,Goats,10,20.9,1.5,1,0,8,1
MKT-1024,Turkana,Dry Season,Goats,14,51.5,5.0,1,0,3,0
MKT-1025,Laikipia,Long Rains,Cattle,14,40.3,1.2,2,0,4,0
MKT-1026,Mandera,Dry Season,Mixed,10,45.8,7.4,2,0,8,0
MKT-1027,Baringo,Short Rains,Mixed,10,8.2,2.1,4,0,8,1
MKT-1028,Wajir,Long Rains,Cattle,10,58.6,7.2,2,1,2,1
MKT-1029,West Pokot,Long Rains,Goats,18,15.5,23.4,2,0,9,1
MKT-1030,West Pokot,Short Rains,Sheep,10,55.2,20.3,0,1,4,0
MKT-1031,West Pokot,Short Rains,Camels,10,30.7,1.8,1,1,6,1
MKT-1032,Laikipia,Long Rains,Cattle,10,23.5,0.8,0,0,8,0
MKT-1033,Marsabit,Long Rains,Sheep,10,31.8,0.5,3,0,4,1
MKT-1034,Laikipia,Long Rains,Camels,10,2.0,14.1,0,0,8,0
MKT-1035,Garissa,Dry Season,Sheep,10,18.1,2.3,2,0,7,1
MKT-1036,West Pokot,Long Rains,Sheep,16,32.1,2.7,0,0,8,1
MKT-1037,Mandera,Dry Season,Camels,15,34.2,2.1,4,0,4,0
MKT-1038,Kajiado,Long Rains,Sheep,14,23.7,14.7,0,1,2,1
MKT-1039,West Pokot,Long Rains,Goats,10,32.4,30.9,3,1,4,0
MKT-1040,Kajiado,Short Rains,Cattle,10,41.7,11.3,1,1,5,0
MKT-1041,Garissa,Long Rains,Goats,13,52.5,13.9,1,0,4,0
MKT-1042,Laikipia,Dry Season,Goats,10,52.2,7.8,1,0,8,0
MKT-1043,Laikipia,Long Rains,Camels,11,48.6,6.0,2,0,10,0
MKT-1044,Wajir,Short Rains,Camels,10,35.8,10.2,0,0,5,0
MKT-1045,Garissa,Long Rains,Camels,32,71.7,0.5,1,0,9,0
MKT-1046,West Pokot,Short Rains,Sheep,10,44.3,0.5,1,0,7,0
MKT-1047,Laikipia,Long Rains,Sheep,10,29.6,9.3,2,0,7,0
MKT-1048,Mandera,Long Rains,Cattle,12,40.2,3.3,0,0,5,0
MKT-1049,Samburu,Long Rains,Sheep,10,38.7,5.4,1,0,3,1
MKT-1050,Kajiado,Dry Season,Cattle,14,51.2,12.2,3,0,8,0
MKT-1051,Marsabit,Dry Season,Goats,10,57.4,6.9,1,0,4,0
MKT-1052,Laikipia,Long Rains,Cattle,10,62.4,13.1,1,0,3,1
MKT-1053,West Pokot,Long Rains,Cattle,10,78.8,4.3,1,1,4,0
MKT-1054,Isiolo,Dry Season,Camels,12,10.0,2.7,2,0,1,1
MKT-1055,Samburu,Dry Season,Sheep,11,43.5,2.1,2,0,8,1
MKT-1056,Narok,Short Rains,Mixed,10,28.9,1.1,0,1,9,1
MKT-1057,Kajiado,Long Rains,Mixed,10,36.9,0.5,2,0,3,1
MKT-1058,West Pokot,Long Rains,Camels,10,33.7,0.5,0,0,10,1
MKT-1059,Turkana,Short Rains,Goats,23,14.3,2.5,2,0,6,0
MKT-1060,Garissa,Short Rains,Goats,10,37.8,2.6,2,0,4,1
MKT-1061,Wajir,Short Rains,Goats,11,29.9,3.8,1,1,9,1
MKT-1062,Isiolo,Dry Season,Cattle,21,22.4,7.2,0,1,2,0
MKT-1063,Garissa,Long Rains,Sheep,10,41.6,11.4,0,0,3,0
MKT-1064,Laikipia,Long Rains,Goats,12,20.2,1.8,1,1,1,1
MKT-1065,Laikipia,Long Rains,Mixed,10,23.2,11.4,3,0,7,0
MKT-1066,Laikipia,Dry Season,Cattle,10,62.3,1.2,3,0,9,0
MKT-1067,Kajiado,Long Rains,Goats,18,8.7,35.9,2,0,1,1
MKT-1068,Narok,Long Rains,Goats,10,39.8,2.7,0,1,3,1
MKT-1069,West Pokot,Short Rains,Sheep,29,63.3,14.5,1,1,7,0
MKT-1070,Baringo,Long Rains,Sheep,10,45.6,1.7,2,0,3,0
MKT-1071,Marsabit,Long Rains,Cattle,10,57.7,24.1,3,0,3,0
MKT-1072,Garissa,Long Rains,Mixed,10,27.8,14.0,5,2,3,0
MKT-1073,Turkana,Long Rains,Camels,29,12.4,3.6,3,0,4,0
MKT-1074,Isiolo,Long Rains,Mixed,20,42.6,4.4,4,1,4,0
MKT-1075,Narok,Long Rains,Sheep,10,34.9,0.5,5,0,8,1
MKT-1076,Kajiado,Long Rains,Sheep,11,37.5,2.3,1,2,5,1
MKT-1077,Narok,Short Rains,Camels,10,29.8,2.7,1,0,3,1
MKT-1078,Samburu,Long Rains,Mixed,14,21.6,4.8,2,1,10,0
MKT-1079,Mandera,Dry Season,Mixed,10,39.3,1.2,0,0,5,0
MKT-1080,Wajir,Dry Season,Camels,10,14.0,5.2,2,0,9,1
MKT-1081,West Pokot,Dry Season,Sheep,10,93.7,8.8,2,1,6,0
MKT-1082,West Pokot,Short Rains,Cattle,10,17.4,3.7,1,0,4,0
MKT-1083,Laikipia,Short Rains,Mixed,21,28.7,2.1,2,0,1,1
MKT-1084,Baringo,Long Rains,Goats,10,48.8,6.3,3,1,8,1
MKT-1085,Wajir,Short Rains,Mixed,15,7.8,0.5,2,1,5,1
MKT-1086,Baringo,Short Rains,Mixed,10,62.6,3.3,0,0,9,0
MKT-1087,Garissa,Long Rains,Mixed,11,52.0,6.0,0,0,7,0
MKT-1088,West Pokot,Short Rains,Sheep,10,85.5,3.3,1,1,2,1
MKT-1089,Wajir,Short Rains,Goats,16,20.4,3.4,2,1,2,0
MKT-1090,Turkana,Dry Season,Mixed,15,22.1,15.1,4,0,8,1
MKT-1091,Mandera,Short Rains,Cattle,10,13.6,21.7,5,0,5,0
MKT-1092,Isiolo,Short Rains,Goats,10,42.5,14.1,1,0,5,0
MKT-1093,Samburu,Short Rains,Camels,10,42.5,0.8,2,0,6,0
MKT-1094,Laikipia,Dry Season,Cattle,15,11.6,2.7,0,0,7,0
MKT-1095,Marsabit,Dry Season,Camels,10,25.9,9.9,4,1,4,0
MKT-1096,Mandera,Short Rains,Mixed,10,31.5,29.3,1,1,9,1
MKT-1097,Turkana,Short Rains,Sheep,10,69.7,2.2,1,0,8,0
MKT-1098,West Pokot,Dry Season,Mixed,12,59.8,18.3,0,0,6,0
MKT-1099,Baringo,Short Rains,Mixed,19,21.2,10.7,1,0,1,0
MKT-1100,Wajir,Dry Season,Camels,10,30.2,32.8,1,1,6,1
MKT-1101,Kajiado,Long Rains,Mixed,14,41.4,0.8,2,1,1,1
MKT-1102,Samburu,Short Rains,Cattle,10,26.5,4.0,0,0,5,0
MKT-1103,Laikipia,Dry Season,Sheep,10,35.7,5.2,1,1,6,1
MKT-1104,Baringo,Long Rains,Camels,18,36.2,8.9,1,0,2,0
MKT-1105,Baringo,Short Rains,Goats,11,59.1,8.5,0,2,3,0
MKT-1106,Kajiado,Long Rains,Mixed,11,55.6,18.9,0,0,7,0
MKT-1107,Garissa,Dry Season,Camels,22,23.2,14.6,3,0,5,1
MKT-1108,Garissa,Short Rains,Mixed,10,17.7,0.5,0,1,10,1
MKT-1109,Kajiado,Long Rains,Mixed,17,69.5,5.3,4,1,9,0
MKT-1110,Narok,Short Rains,Camels,13,37.0,4.2,3,1,8,0
MKT-1111,Kajiado,Dry Season,Cattle,16,44.1,46.9,4,0,10,0
MKT-1112,Samburu,Long Rains,Goats,10,30.6,4.5,2,0,9,1
MKT-1113,Laikipia,Short Rains,Mixed,15,25.2,9.2,2,1,6,0
MKT-1114,Garissa,Long Rains,Cattle,10,45.3,2.7,1,0,2,0
MKT-1115,Garissa,Dry Season,Mixed,15,38.6,7.6,1,0,6,0
MKT-1116,Narok,Dry Season,Mixed,20,40.4,1.9,1,0,5,0
MKT-1117,West Pokot,Long Rains,Cattle,10,44.5,7.4,4,2,10,1
MKT-1118,Baringo,Dry Season,Mixed,15,16.4,16.2,1,0,4,0
MKT-1119,Kajiado,Long Rains,Goats,10,19.5,0.5,2,0,9,1
MKT-1120,West Pokot,Short Rains,Camels,10,39.0,5.6,1,0,2,0
MKT-1121,Isiolo,Dry Season,Cattle,10,50.9,32.3,2,1,3,0
MKT-1122,West Pokot,Long Rains,Sheep,15,31.2,1.4,3,1,4,0
MKT-1123,Laikipia,Long Rains,Mixed,10,40.7,1.6,0,0,7,1
MKT-1124,Turkana,Dry Season,Camels,10,21.1,5.1,3,0,1,0
MKT-1125,Wajir,Long Rains,Goats,10,31.9,16.4,0,1,9,1
MKT-1126,Mandera,Short Rains,Goats,12,24.9,6.6,0,0,5,1
MKT-1127,Samburu,Dry Season,Sheep,10,43.2,5.7,1,1,1,0
MKT-1128,Baringo,Short Rains,Goats,12,54.0,0.7,0,1,8,0
MKT-1129,Wajir,Long Rains,Camels,10,73.5,26.2,0,0,3,0
MKT-1130,Turkana,Short Rains,Sheep,10,46.4,3.4,1,1,1,0
MKT-1131,Samburu,Short Rains,Cattle,12,75.6,2.3,2,1,7,0
MKT-1132,Samburu,Dry Season,Sheep,22,33.0,4.2,2,1,4,0
MKT-1133,Garissa,Long Rains,Cattle,10,9.5,4.3,1,0,5,0
MKT-1134,Marsabit,Long Rains,Goats,11,26.6,4.9,1,1,10,0
MKT-1135,Garissa,Dry Season,Camels,10,51.3,9.3,0,0,2,0
MKT-1136,Kajiado,Long Rains,Mixed,10,60.8,16.2,0,0,4,0
MKT-1137,Baringo,Long Rains,Sheep,12,49.6,0.5,1,0,5,0
MKT-1138,West Pokot,Dry Season,Goats,20,35.4,5.4,0,0,4,0
MKT-1139,Isiolo,Dry Season,Camels,15,24.1,4.3,0,0,3,0
MKT-1140,Isiolo,Long Rains,Mixed,24,34.4,0.5,1,0,5,1
MKT-1141,Samburu,Long Rains,Sheep,10,32.3,13.6,3,1,2,0
MKT-1142,Garissa,Long Rains,Camels,16,16.1,0.9,2,0,10,1
MKT-1143,Kajiado,Long Rains,Goats,10,69.1,1.0,0,1,10,1
MKT-1144,Mandera,Long Rains,Sheep,18,32.4,0.5,1,1,1,1
MKT-1145,Wajir,Dry Season,Sheep,14,12.2,1.8,1,1,7,1
MKT-1146,Garissa,Short Rains,Cattle,16,80.8,1.6,2,0,3,0
MKT-1147,West Pokot,Dry Season,Cattle,10,50.4,3.4,1,2,6,1
MKT-1148,Narok,Dry Season,Sheep,16,42.2,8.6,1,0,8,0
MKT-1149,West Pokot,Short Rains,Camels,10,11.6,0.5,1,0,3,0
MKT-1150,Garissa,Short Rains,Goats,10,73.7,15.7,1,2,9,0
MKT-1151,Isiolo,Dry Season,Mixed,10,15.0,3.2,0,0,5,0
MKT-1152,Kajiado,Dry Season,Cattle,10,38.8,7.5,2,0,8,0
MKT-1153,Marsabit,Dry Season,Goats,10,49.6,0.5,2,0,10,0
MKT-1154,Garissa,Short Rains,Sheep,10,82.5,3.6,0,0,2,0
MKT-1155,Narok,Short Rains,Goats,16,32.8,0.5,3,0,2,0
MKT-1156,Garissa,Dry Season,Goats,16,26.0,1.4,0,0,6,0
MKT-1157,Laikipia,Short Rains,Goats,15,75.0,4.8,1,0,2,0
MKT-1158,West Pokot,Dry Season,Sheep,10,29.4,6.1,2,2,6,0
MKT-1159,Kajiado,Short Rains,Cattle,19,19.4,1.3,1,2,9,1
MKT-1160,Marsabit,Dry Season,Mixed,10,29.1,10.9,2,0,3,0
MKT-1161,Samburu,Short Rains,Camels,10,47.2,1.7,1,0,8,0
MKT-1162,Wajir,Dry Season,Cattle,19,10.7,1.0,4,0,3,0
MKT-1163,West Pokot,Long Rains,Mixed,12,44.6,3.2,0,1,9,1
MKT-1164,Garissa,Dry Season,Sheep,10,73.9,6.4,0,0,5,0
MKT-1165,Baringo,Short Rains,Mixed,10,52.0,36.0,0,1,8,0
MKT-1166,Kajiado,Short Rains,Sheep,12,16.1,4.3,3,1,1,0
MKT-1167,Baringo,Short Rains,Mixed,10,9.7,4.4,2,1,1,1
MKT-1168,Samburu,Dry Season,Cattle,19,83.3,0.5,1,0,9,0
MKT-1169,Laikipia,Long Rains,Sheep,13,18.1,11.6,2,0,7,0
MKT-1170,Kajiado,Long Rains,Goats,10,18.6,1.6,4,0,5,0
MKT-1171,Marsabit,Short Rains,Sheep,13,49.0,10.9,2,0,10,0
MKT-1172,West Pokot,Long Rains,Sheep,10,51.1,19.3,3,0,1,0
MKT-1173,Marsabit,Long Rains,Mixed,17,25.4,11.7,3,0,3,0
MKT-1174,Marsabit,Long Rains,Sheep,10,6.3,8.2,0,0,10,1
MKT-1175,Wajir,Dry Season,Mixed,14,38.0,7.4,0,1,10,0
MKT-1176,Turkana,Short Rains,Cattle,11,27.1,4.8,2,0,9,0
MKT-1177,Kajiado,Long Rains,Sheep,11,42.1,1.2,2,0,10,1
MKT-1178,Marsabit,Dry Season,Goats,10,64.3,12.1,2,0,3,0
MKT-1179,Garissa,Dry Season,Goats,11,67.7,5.2,1,0,5,0
MKT-1180,Baringo,Dry Season,Cattle,15,65.3,7.9,1,1,2,0
MKT-1181,Narok,Short Rains,Goats,10,57.5,3.7,0,1,5,1
MKT-1182,Laikipia,Long Rains,Mixed,14,48.3,1.8,3,0,7,1
MKT-1183,Marsabit,Short Rains,Sheep,10,18.0,13.1,1,1,5,0
MKT-1184,Garissa,Short Rains,Camels,10,26.3,3.4,0,1,5,1
MKT-1185,Garissa,Long Rains,Sheep,11,32.2,16.1,0,0,4,1
MKT-1186,Marsabit,Dry Season,Sheep,10,58.2,27.0,4,1,4,0
MKT-1187,Marsabit,Short Rains,Camels,18,51.5,14.2,2,0,5,0
MKT-1188,Wajir,Short Rains,Goats,16,76.6,1.1,3,0,2,0
MKT-1189,Samburu,Long Rains,Goats,10,23.3,15.4,1,0,6,0
MKT-1190,Garissa,Short Rains,Sheep,13,68.3,5.9,5,1,2,0
MKT-1191,Narok,Long Rains,Goats,12,51.9,2.2,2,0,9,1
MKT-1192,Garissa,Short Rains,Mixed,10,54.1,0.8,1,0,6,0
MKT-1193,Narok,Short Rains,Mixed,10,85.7,2.6,2,0,5,0
MKT-1194,Wajir,Long Rains,Camels,15,49.1,1.2,2,0,3,1
MKT-1195,Turkana,Dry Season,Sheep,16,60.1,0.5,2,1,10,0
MKT-1196,Baringo,Dry Season,Mixed,10,9.3,35.2,0,0,9,0
MKT-1197,Narok,Dry Season,Cattle,10,32.9,14.2,0,1,8,1
MKT-1198,Turkana,Short Rains,Goats,10,31.7,10.7,1,3,3,0
MKT-1199,West Pokot,Dry Season,Sheep,10,23.4,1.7,3,0,1,1
MKT-1200,Isiolo,Long Rains,Mixed,22,33.1,0.5,1,0,1,0
MKT-1201,Isiolo,Dry Season,Camels,22,32.1,5.3,1,0,10,0
MKT-1202,Wajir,Long Rains,Mixed,10,27.4,10.8,2,1,8,0
MKT-1203,Kajiado,Short Rains,Cattle,17,28.0,26.3,1,0,10,0
MKT-1204,Turkana,Short Rains,Mixed,10,16.6,14.9,2,0,7,0
MKT-1205,Turkana,Long Rains,Sheep,10,10.1,17.9,0,1,7,0
MKT-1206,Laikipia,Short Rains,Camels,10,23.1,2.2,1,1,3,0
MKT-1207,Mandera,Dry Season,Camels,10,75.3,1.4,1,1,6,0
MKT-1208,Wajir,Short Rains,Cattle,18,76.8,2.3,0,1,10,1
MKT-1209,West Pokot,Long Rains,Sheep,12,30.7,1.2,2,0,5,1
MKT-1210,West Pokot,Short Rains,Cattle,10,47.5,12.8,0,0,5,0
MKT-1211,Isiolo,Short Rains,Cattle,10,55.6,18.7,0,1,6,0
MKT-1212,Isiolo,Dry Season,Cattle,10,28.8,2.9,2,0,8,1
MKT-1213,Garissa,Long Rains,Mixed,10,19.1,16.8,1,1,9,1
MKT-1214,Samburu,Dry Season,Goats,10,25.2,0.5,3,1,5,0
MKT-1215,Laikipia,Short Rains,Mixed,10,28.4,9.0,3,0,10,0
MKT-1216,Marsabit,Dry Season,Sheep,10,70.0,6.0,1,1,7,1
MKT-1217,Baringo,Long Rains,Cattle,10,54.4,2.6,5,0,1,0
MKT-1218,West Pokot,Dry Season,Cattle,10,18.2,11.7,1,1,5,0
MKT-1219,Garissa,Short Rains,Goats,10,38.7,1.9,1,1,10,1
MKT-1220,Laikipia,Dry Season,Camels,17,46.2,4.3,3,0,3,0
MKT-1221,Isiolo,Long Rains,Cattle,21,13.0,9.9,1,0,10,1
MKT-1222,Laikipia,Long Rains,Mixed,19,55.8,3.3,1,1,2,1
MKT-1223,Samburu,Short Rains,Cattle,29,26.1,15.5,1,0,3,0
MKT-1224,Kajiado,Long Rains,Sheep,10,11.7,16.0,3,0,10,0
MKT-1225,Baringo,Short Rains,Goats,10,31.6,1.8,1,0,9,1
MKT-1226,West Pokot,Long Rains,Camels,10,59.7,4.6,1,1,9,1
MKT-1227,Marsabit,Long Rains,Sheep,10,30.5,4.5,1,0,2,0
MKT-1228,Mandera,Dry Season,Mixed,10,51.3,4.2,1,2,9,0
MKT-1229,Wajir,Dry Season,Sheep,28,11.1,5.6,1,1,3,1
MKT-1230,Turkana,Short Rains,Cattle,10,16.1,0.6,1,0,3,1
MKT-1231,Samburu,Long Rains,Goats,12,20.1,16.3,1,1,5,1
MKT-1232,Kajiado,Long Rains,Cattle,13,12.2,2.7,1,0,4,0
MKT-1233,Turkana,Dry Season,Goats,10,4.0,0.5,1,1,1,1
MKT-1234,Laikipia,Dry Season,Mixed,10,61.9,9.2,1,0,1,0
MKT-1235,Baringo,Dry Season,Sheep,12,49.6,8.4,0,0,5,0
MKT-1236,Garissa,Dry Season,Goats,10,58.2,32.7,1,0,4,0
MKT-1237,Narok,Dry Season,Sheep,20,11.9,10.2,1,1,8,1
MKT-1238,Turkana,Dry Season,Goats,10,24.5,3.2,0,0,2,0
MKT-1239,Wajir,Long Rains,Cattle,13,64.5,24.4,0,0,8,1
MKT-1240,Isiolo,Dry Season,Goats,16,55.8,3.6,2,0,6,0
MKT-1241,Garissa,Dry Season,Goats,21,71.1,13.8,2,0,10,0
MKT-1242,West Pokot,Short Rains,Camels,12,28.0,3.3,3,0,9,0
MKT-1243,Garissa,Short Rains,Mixed,10,27.3,0.5,1,0,6,0
MKT-1244,Narok,Short Rains,Cattle,10,15.6,10.6,1,2,7,0
MKT-1245,Laikipia,Dry Season,Cattle,10,60.0,3.4,0,0,8,0
MKT-1246,Laikipia,Long Rains,Sheep,10,66.5,3.3,1,1,1,1
MKT-1247,Isiolo,Short Rains,Goats,10,17.1,10.1,3,0,7,0
MKT-1248,Turkana,Dry Season,Goats,10,57.3,3.1,2,0,7,0
MKT-1249,Wajir,Short Rains,Goats,10,24.5,1.0,3,0,3,0
MKT-1250,Marsabit,Dry Season,Cattle,10,82.5,4.1,1,0,7,0
MKT-1251,Samburu,Dry Season,Camels,10,45.4,13.9,2,0,4,0
MKT-1252,Mandera,Dry Season,Sheep,10,8.2,1.1,5,0,6,0
MKT-1253,Garissa,Short Rains,Goats,16,25.1,6.5,1,0,2,0
MKT-1254,Baringo,Dry Season,Camels,15,21.2,1.1,1,1,4,0
MKT-1255,Kajiado,Long Rains,Mixed,10,40.4,0.5,1,0,10,0
MKT-1256,Marsabit,Long Rains,Cattle,10,24.7,3.8,2,1,10,1
MKT-1257,Kajiado,Long Rains,Mixed,10,56.5,8.6,0,0,4,0
MKT-1258,Laikipia,Long Rains,Cattle,12,54.6,2.6,3,0,5,0
MKT-1259,Narok,Dry Season,Sheep,12,54.6,4.7,0,0,6,0
MKT-1260,Isiolo,Long Rains,Mixed,10,23.5,5.4,4,0,4,0
MKT-1261,Isiolo,Dry Season,Sheep,11,35.5,14.7,1,0,6,0
MKT-1262,Samburu,Short Rains,Sheep,10,35.6,13.7,0,1,9,1
MKT-1263,Marsabit,Long Rains,Sheep,19,12.8,0.5,1,2,4,1
MKT-1264,West Pokot,Long Rains,Mixed,12,88.1,4.3,0,0,7,0
MKT-1265,Turkana,Long Rains,Mixed,10,27.6,8.5,1,0,7,0
MKT-1266,Isiolo,Dry Season,Mixed,11,88.0,15.3,1,0,8,0
MKT-1267,Laikipia,Dry Season,Goats,10,51.2,0.5,2,0,2,0
MKT-1268,West Pokot,Long Rains,Sheep,10,25.2,7.9,1,0,1,0
MKT-1269,Samburu,Dry Season,Goats,15,58.1,14.8,0,0,9,0
MKT-1270,Kajiado,Long Rains,Cattle,10,23.6,2.4,0,0,9,1
MKT-1271,Samburu,Short Rains,Mixed,18,68.9,1.8,1,1,4,1
MKT-1272,Baringo,Long Rains,Camels,10,42.8,5.0,0,0,4,0
MKT-1273,Baringo,Long Rains,Cattle,10,50.7,26.3,0,0,10,1
MKT-1274,Mandera,Dry Season,Sheep,18,21.2,9.4,1,1,3,1
MKT-1275,Mandera,Short Rains,Sheep,10,23.8,4.4,1,2,3,0
MKT-1276,Samburu,Long Rains,Goats,15,58.1,0.5,1,0,5,0
MKT-1277,Wajir,Short Rains,Mixed,27,81.4,6.5,3,1,5,1
MKT-1278,Marsabit,Short Rains,Mixed,15,39.1,3.4,2,1,4,0
MKT-1279,Kajiado,Long Rains,Cattle,12,24.8,1.6,0,1,5,1
MKT-1280,Turkana,Short Rains,Cattle,12,30.0,5.5,1,0,3,1
MKT-1281,Mandera,Dry Season,Cattle,13,45.7,3.3,1,0,6,0
MKT-1282,Garissa,Long Rains,Camels,10,33.2,0.5,3,0,8,0
MKT-1283,Isiolo,Short Rains,Camels,15,32.5,10.3,3,1,6,0
MKT-1284,Samburu,Long Rains,Sheep,11,3.9,10.6,3,1,7,1
MKT-1285,Turkana,Short Rains,Sheep,25,55.4,7.7,3,0,8,0
MKT-1286,Mandera,Dry Season,Sheep,10,35.6,14.7,0,3,7,1
MKT-1287,Kajiado,Short Rains,Mixed,10,65.6,1.8,1,0,10,0
MKT-1288,Samburu,Short Rains,Sheep,11,5.9,2.7,1,0,5,1
MKT-1289,Turkana,Long Rains,Goats,12,19.0,4.9,2,0,6,0
MKT-1290,Samburu,Dry Season,Cattle,14,83.6,0.5,0,1,6,0
MKT-1291,Turkana,Dry Season,Mixed,10,35.7,17.2,0,1,9,1
MKT-1292,Kajiado,Short Rains,Camels,16,51.2,5.4,0,0,5,0
MKT-1293,Samburu,Short Rains,Cattle,16,23.5,3.1,4,0,4,1
MKT-1294,West Pokot,Long Rains,Sheep,10,38.2,5.2,2,0,2,0
MKT-1295,Mandera,Dry Season,Camels,13,56.1,3.1,0,1,4,0
MKT-1296,Kajiado,Long Rains,Camels,10,14.8,2.7,4,1,2,0
MKT-1297,Narok,Long Rains,Camels,10,27.0,4.8,2,0,7,0
MKT-1298,Narok,Short Rains,Cattle,10,18.6,5.3,1,1,10,1
MKT-1299,Baringo,Short Rains,Mixed,10,18.0,4.5,2,1,6,0
MKT-1300,Baringo,Long Rains,Cattle,11,26.6,6.4,0,0,6,1
MKT-1301,Kajiado,Short Rains,Goats,10,15.0,12.2,2,1,1,1
MKT-1302,Baringo,Short Rains,Sheep,23,38.5,0.5,0,2,3,1
MKT-1303,Mandera,Short Rains,Mixed,10,15.8,13.4,1,0,2,0
MKT-1304,Baringo,Long Rains,Mixed,10,3.9,2.1,2,0,4,1
MKT-1305,Samburu,Short Rains,Sheep,10,15.5,2.3,2,0,9,1
MKT-1306,Marsabit,Long Rains,Goats,10,6.2,7.3,2,0,8,1
MKT-1307,Samburu,Dry Season,Camels,11,41.5,29.7,2,1,1,1
MKT-1308,Marsabit,Short Rains,Sheep,10,30.6,0.5,2,1,7,0
MKT-1309,Mandera,Long Rains,Camels,10,23.2,8.9,1,0,10,0
MKT-1310,Isiolo,Dry Season,Sheep,10,51.5,9.5,2,0,1,0
MKT-1311,Marsabit,Long Rains,Cattle,21,37.9,6.8,0,0,9,1
MKT-1312,Narok,Short Rains,Goats,13,11.9,0.5,2,0,9,1
MKT-1313,Kajiado,Short Rains,Goats,10,40.3,7.5,2,0,3,0
MKT-1314,Narok,Long Rains,Sheep,21,59.2,1.0,2,1,2,0
MKT-1315,Mandera,Long Rains,Goats,10,36.6,0.7,2,1,8,0
MKT-1316,Baringo,Short Rains,Camels,19,27.6,9.5,3,0,6,1
MKT-1317,Baringo,Dry Season,Goats,10,41.4,9.6,1,0,3,0
MKT-1318,Marsabit,Dry Season,Goats,18,26.1,17.7,0,0,5,1
MKT-1319,Laikipia,Short Rains,Goats,22,40.3,0.5,1,1,10,0
MKT-1320,Wajir,Dry Season,Mixed,10,49.1,3.8,1,1,9,0
MKT-1321,Baringo,Short Rains,Sheep,10,19.2,0.5,4,0,8,0
MKT-1322,Isiolo,Dry Season,Cattle,10,62.2,3.6,2,1,10,0
MKT-1323,Wajir,Short Rains,Cattle,10,20.1,5.4,1,0,2,0
MKT-1324,Narok,Dry Season,Mixed,10,34.4,6.0,2,1,4,0
MKT-1325,Marsabit,Short Rains,Mixed,10,42.9,3.5,1,0,10,0
MKT-1326,Mandera,Long Rains,Cattle,21,15.9,10.3,0,0,9,0
MKT-1327,Samburu,Short Rains,Camels,12,15.3,4.3,1,0,8,0
MKT-1328,Garissa,Dry Season,Cattle,13,15.1,5.8,1,0,3,0
MKT-1329,West Pokot,Short Rains,Cattle,12,82.9,12.9,1,0,2,0
MKT-1330,West Pokot,Short Rains,Sheep,10,41.3,1.5,4,1,4,0
MKT-1331,Mandera,Short Rains,Cattle,10,53.2,3.1,1,0,2,0
MKT-1332,Isiolo,Short Rains,Cattle,12,21.7,5.9,1,0,10,1
MKT-1333,Mandera,Dry Season,Goats,16,63.8,11.7,2,0,7,1
MKT-1334,Kajiado,Dry Season,Mixed,10,62.3,4.4,0,0,10,0
MKT-1335,Laikipia,Dry Season,Cattle,10,40.9,0.6,0,0,6,0
MKT-1336,Isiolo,Dry Season,Cattle,10,19.8,36.0,2,0,1,1
MKT-1337,Wajir,Short Rains,Camels,10,37.2,9.8,0,1,2,0
MKT-1338,West Pokot,Short Rains,Cattle,10,39.1,10.3,1,3,10,1
MKT-1339,Narok,Long Rains,Sheep,14,52.1,5.0,1,0,8,0
MKT-1340,Marsabit,Dry Season,Camels,16,53.2,6.3,1,0,10,0
MKT-1341,Kajiado,Dry Season,Cattle,15,39.6,41.0,0,0,8,1
MKT-1342,Turkana,Long Rains,Sheep,18,29.5,7.2,1,1,6,1
MKT-1343,Kajiado,Short Rains,Mixed,10,34.3,2.0,3,0,10,1
MKT-1344,Turkana,Short Rains,Cattle,14,33.7,26.7,0,0,10,0
MKT-1345,Garissa,Long Rains,Mixed,14,1.6,6.2,4,0,7,0
MKT-1346,Garissa,Dry Season,Cattle,22,31.4,0.5,2,0,2,1
MKT-1347,West Pokot,Short Rains,Camels,10,52.6,6.8,1,0,1,0
MKT-1348,Wajir,Dry Season,Camels,15,17.4,0.6,0,0,6,0
MKT-1349,Marsabit,Dry Season,Sheep,10,31.7,6.0,1,1,10,0
MKT-1350,West Pokot,Dry Season,Goats,10,79.7,14.0,1,0,3,0
MKT-1351,Samburu,Dry Season,Sheep,10,43.6,6.2,3,0,1,0
MKT-1352,West Pokot,Short Rains,Cattle,18,52.0,3.7,0,0,1,0
MKT-1353,Mandera,Dry Season,Mixed,14,25.4,17.1,2,0,3,0
MKT-1354,Mandera,Long Rains,Mixed,30,23.3,21.0,1,2,10,1
MKT-1355,Narok,Dry Season,Cattle,19,53.4,3.4,1,2,7,1
MKT-1356,Laikipia,Short Rains,Goats,14,37.9,5.5,2,1,2,1
MKT-1357,West Pokot,Long Rains,Goats,25,28.0,32.6,2,0,4,0
MKT-1358,Turkana,Short Rains,Goats,16,67.8,1.6,0,2,4,0
MKT-1359,Garissa,Short Rains,Cattle,12,27.1,2.8,3,0,6,0
MKT-1360,West Pokot,Dry Season,Camels,14,71.0,4.5,1,0,7,0
MKT-1361,Marsabit,Dry Season,Camels,10,69.4,0.9,3,0,2,0
MKT-1362,Samburu,Long Rains,Cattle,12,39.4,2.5,1,0,1,0
MKT-1363,Narok,Long Rains,Camels,10,62.1,6.3,0,0,6,0
MKT-1364,West Pokot,Dry Season,Goats,23,62.6,2.1,2,0,3,0
MKT-1365,Garissa,Long Rains,Camels,10,34.6,9.3,1,1,6,0
MKT-1366,Narok,Dry Season,Cattle,10,75.1,3.4,1,0,2,0
MKT-1367,Marsabit,Long Rains,Camels,10,69.7,0.8,0,0,10,0
MKT-1368,Garissa,Long Rains,Camels,12,40.5,11.6,0,1,7,0
MKT-1369,West Pokot,Dry Season,Camels,13,41.4,6.7,1,0,10,0
MKT-1370,Baringo,Long Rains,Camels,10,7.5,13.9,0,0,8,0
MKT-1371,Wajir,Long Rains,Cattle,10,49.6,3.6,3,0,5,0
MKT-1372,Mandera,Dry Season,Sheep,17,52.4,0.5,0,1,9,0
MKT-1373,Laikipia,Dry Season,Camels,15,42.7,0.5,3,0,6,0
MKT-1374,West Pokot,Dry Season,Sheep,13,48.0,12.7,0,1,3,0
MKT-1375,Baringo,Long Rains,Cattle,10,44.3,4.2,3,0,2,0
MKT-1376,Baringo,Long Rains,Mixed,10,13.3,30.0,0,0,7,0
MKT-1377,Kajiado,Short Rains,Sheep,10,32.7,14.2,3,0,1,0
MKT-1378,Samburu,Short Rains,Cattle,31,69.5,0.5,0,0,1,0
MKT-1379,Marsabit,Dry Season,Mixed,26,33.7,16.3,2,0,8,0
MKT-1380,Kajiado,Short Rains,Camels,13,4.0,1.9,0,0,6,0
MKT-1381,Baringo,Long Rains,Cattle,10,36.4,5.3,2,0,3,0
MKT-1382,Marsabit,Dry Season,Goats,19,61.5,5.6,1,0,9,0
MKT-1383,Kajiado,Dry Season,Mixed,18,69.3,0.5,2,0,1,0
MKT-1384,West Pokot,Short Rains,Goats,13,43.6,1.1,1,0,5,0
MKT-1385,Kajiado,Long Rains,Camels,15,43.1,4.4,1,1,1,0
MKT-1386,Isiolo,Dry Season,Camels,10,77.6,8.2,0,0,7,0
MKT-1387,Mandera,Long Rains,Sheep,10,46.8,2.5,3,0,1,0
MKT-1388,Narok,Dry Season,Camels,18,17.9,6.0,2,1,4,0
MKT-1389,Laikipia,Dry Season,Sheep,12,7.3,3.8,1,0,2,0
MKT-1390,Narok,Long Rains,Mixed,10,44.1,8.0,1,0,10,0
MKT-1391,Isiolo,Long Rains,Goats,10,14.5,4.4,1,1,9,0
MKT-1392,Mandera,Long Rains,Mixed,10,43.5,15.3,1,1,3,0
MKT-1393,Marsabit,Dry Season,Goats,14,49.7,33.0,4,0,6,0
MKT-1394,Marsabit,Long Rains,Cattle,10,51.0,19.5,4,1,7,0
MKT-1395,Narok,Dry Season,Mixed,21,21.4,1.5,1,2,2,1
MKT-1396,Samburu,Dry Season,Cattle,21,16.3,4.9,4,0,1,0
MKT-1397,Laikipia,Short Rains,Goats,20,26.0,4.9,4,0,2,0
MKT-1398,Wajir,Dry Season,Sheep,11,29.5,14.7,1,0,8,0
MKT-1399,Wajir,Long Rains,Mixed,10,19.7,3.5,4,0,9,0
MKT-1400,Samburu,Dry Season,Mixed,11,54.1,6.4,2,0,8,0
MKT-1401,Garissa,Short Rains,Sheep,10,43.0,7.5,1,2,1,1
MKT-1402,Samburu,Short Rains,Sheep,14,31.2,0.9,2,0,2,1
MKT-1403,Laikipia,Long Rains,Camels,12,75.3,6.5,3,1,4,0
MKT-1404,Garissa,Long Rains,Camels,10,13.5,2.3,0,1,8,1
MKT-1405,Narok,Short Rains,Goats,18,16.7,1.9,3,0,9,0
MKT-1406,Isiolo,Dry Season,Mixed,10,53.8,2.3,1,2,7,1
MKT-1407,Samburu,Long Rains,Sheep,21,35.2,0.8,0,1,8,1
MKT-1408,Isiolo,Dry Season,Sheep,10,52.4,0.6,0,0,9,0
MKT-1409,Narok,Long Rains,Cattle,11,39.7,8.3,2,0,4,1
MKT-1410,Isiolo,Short Rains,Camels,10,70.7,22.6,2,1,4,0
MKT-1411,West Pokot,Long Rains,Cattle,10,17.9,9.3,2,3,3,0
MKT-1412,Marsabit,Dry Season,Sheep,16,13.8,3.0,4,1,7,0
MKT-1413,Samburu,Long Rains,Mixed,10,21.4,3.3,3,0,4,1
MKT-1414,Wajir,Short Rains,Mixed,29,36.6,6.2,1,1,1,1
MKT-1415,Samburu,Dry Season,Cattle,16,10.8,16.1,3,2,8,1
MKT-1416,Isiolo,Short Rains,Camels,10,40.5,1.8,1,0,1,0
MKT-1417,Mandera,Dry Season,Goats,10,30.5,5.1,1,1,3,1
MKT-1418,Samburu,Long Rains,Mixed,10,26.7,5.5,0,0,9,0
MKT-1419,Kajiado,Long Rains,Goats,11,54.9,21.4,1,0,10,1
MKT-1420,Isiolo,Short Rains,Camels,10,27.3,6.1,3,0,1,0
MKT-1421,Baringo,Dry Season,Cattle,10,14.0,12.1,3,1,1,0
MKT-1422,Laikipia,Dry Season,Camels,10,29.3,0.7,0,0,3,0
MKT-1423,Turkana,Long Rains,Sheep,13,30.3,3.2,4,0,7,1
MKT-1424,Kajiado,Short Rains,Camels,10,34.6,7.6,1,0,6,0
MKT-1425,Garissa,Short Rains,Cattle,10,32.1,9.1,2,0,5,0
MKT-1426,Kajiado,Short Rains,Cattle,10,30.3,17.3,1,1,4,0
MKT-1427,Baringo,Long Rains,Camels,17,68.1,7.1,0,1,5,1
MKT-1428,Baringo,Long Rains,Cattle,10,59.7,2.7,0,1,5,1
MKT-1429,Turkana,Short Rains,Sheep,10,17.4,6.2,3,1,7,0
MKT-1430,Laikipia,Long Rains,Goats,10,22.3,9.9,2,0,10,0
MKT-1431,West Pokot,Dry Season,Camels,18,19.3,12.3,2,0,6,0
MKT-1432,Garissa,Dry Season,Cattle,10,90.8,23.1,1,1,9,0
MKT-1433,Kajiado,Long Rains,Goats,10,23.2,1.7,4,0,3,0
MKT-1434,Laikipia,Dry Season,Sheep,15,71.9,8.7,1,2,7,1
MKT-1435,Mandera,Long Rains,Camels,13,53.6,1.8,2,1,6,0
MKT-1436,Baringo,Long Rains,Cattle,20,25.8,3.1,2,0,3,1
MKT-1437,Kajiado,Dry Season,Goats,10,29.3,1.2,1,0,7,0
MKT-1438,Isiolo,Dry Season,Sheep,15,13.2,11.9,5,2,7,1
MKT-1439,Kajiado,Long Rains,Mixed,18,11.4,19.6,1,0,10,0
MKT-1440,Laikipia,Long Rains,Cattle,18,44.0,0.5,2,2,1,1
MKT-1441,Wajir,Dry Season,Sheep,10,63.1,13.4,3,1,6,0
MKT-1442,Marsabit,Long Rains,Goats,11,75.1,2.2,2,0,7,1
MKT-1443,Laikipia,Long Rains,Camels,11,59.0,5.3,2,1,2,0
MKT-1444,Isiolo,Dry Season,Goats,14,12.4,11.0,2,0,10,1
MKT-1445,Mandera,Short Rains,Camels,16,95.2,5.7,1,0,3,0
MKT-1446,Mandera,Long Rains,Sheep,14,53.9,2.1,1,0,9,1
MKT-1447,Kajiado,Dry Season,Sheep,10,27.2,18.9,1,0,8,0
MKT-1448,Mandera,Long Rains,Goats,10,35.8,7.2,1,0,1,0
MKT-1449,Baringo,Short Rains,Goats,10,16.8,21.4,1,2,3,0
MKT-1450,Wajir,Long Rains,Camels,12,59.2,15.0,2,1,3,0
MKT-1451,Wajir,Short Rains,Cattle,10,71.0,16.7,1,0,3,0
MKT-1452,Narok,Long Rains,Goats,10,76.3,3.6,1,1,2,0
MKT-1453,Narok,Short Rains,Cattle,14,32.9,34.9,1,1,5,0
MKT-1454,Turkana,Long Rains,Cattle,10,64.8,15.3,1,1,3,1
MKT-1455,Isiolo,Long Rains,Cattle,10,57.8,3.3,1,0,3,0
MKT-1456,Mandera,Long Rains,Sheep,11,33.1,18.1,0,1,1,0
MKT-1457,Mandera,Long Rains,Sheep,18,37.6,11.3,2,0,6,1
MKT-1458,Turkana,Short Rains,Cattle,12,71.6,10.3,2,0,10,0
MKT-1459,Marsabit,Long Rains,Cattle,10,64.1,0.5,1,0,9,1
MKT-1460,Laikipia,Long Rains,Sheep,10,37.2,0.5,2,0,6,1
MKT-1461,Kajiado,Short Rains,Camels,17,53.8,9.5,1,0,6,1
MKT-1462,Turkana,Dry Season,Mixed,10,64.1,2.6,0,2,4,0
MKT-1463,Laikipia,Dry Season,Goats,11,17.8,0.5,1,0,1,0
MKT-1464,Wajir,Short Rains,Cattle,11,30.8,2.7,2,0,2,0
MKT-1465,Turkana,Short Rains,Sheep,10,24.7,14.6,0,1,2,1
MKT-1466,Mandera,Short Rains,Cattle,12,52.6,5.1,1,0,10,0
MKT-1467,Kajiado,Long Rains,Cattle,12,57.1,7.6,6,0,1,0
MKT-1468,Narok,Short Rains,Cattle,10,29.7,12.9,1,0,2,1
MKT-1469,West Pokot,Short Rains,Cattle,10,36.7,3.1,3,0,5,0
MKT-1470,Isiolo,Long Rains,Camels,12,12.6,0.5,1,0,4,1
MKT-1471,Isiolo,Dry Season,Goats,10,64.3,3.1,3,2,8,0
MKT-1472,Samburu,Dry Season,Goats,16,19.3,25.1,1,0,3,0
MKT-1473,Turkana,Dry Season,Sheep,10,23.3,5.3,1,0,4,0
MKT-1474,West Pokot,Short Rains,Camels,10,11.9,6.7,1,1,8,0
MKT-1475,Isiolo,Short Rains,Camels,15,43.9,11.4,0,1,1,0
MKT-1476,Wajir,Short Rains,Goats,10,76.4,1.0,2,0,7,0
MKT-1477,Mandera,Dry Season,Sheep,16,33.9,10.6,0,0,6,1
MKT-1478,Isiolo,Long Rains,Camels,11,42.2,2.8,0,1,5,1
MKT-1479,Garissa,Long Rains,Sheep,21,70.3,3.9,5,1,1,0
MKT-1480,Wajir,Long Rains,Goats,10,7.7,2.5,2,1,2,1
MKT-1481,Wajir,Dry Season,Cattle,10,43.0,1.3,0,0,5,0
MKT-1482,Baringo,Long Rains,Camels,14,34.6,3.6,0,0,9,0
MKT-1483,Narok,Long Rains,Sheep,10,67.6,0.8,1,1,7,0
MKT-1484,Turkana,Dry Season,Cattle,19,69.9,14.9,4,0,7,0
MKT-1485,Marsabit,Long Rains,Goats,11,27.1,2.9,1,0,1,1
MKT-1486,West Pokot,Long Rains,Mixed,10,57.1,8.5,1,1,8,1
MKT-1487,Wajir,Long Rains,Camels,12,16.0,2.8,1,0,4,0
MKT-1488,West Pokot,Dry Season,Camels,15,44.3,1.9,2,0,2,0
MKT-1489,Isiolo,Short Rains,Sheep,10,57.2,10.0,0,0,7,0
MKT-1490,Kajiado,Short Rains,Goats,11,32.6,7.8,0,0,6,0
MKT-1491,Samburu,Dry Season,Goats,17,57.9,2.0,1,1,9,1
MKT-1492,Mandera,Long Rains,Camels,10,27.3,7.6,4,0,9,0
MKT-1493,Marsabit,Dry Season,Camels,10,46.2,0.5,4,0,4,0
MKT-1494,Narok,Long Rains,Sheep,11,55.9,1.6,2,0,5,0
MKT-1495,Wajir,Long Rains,Sheep,10,38.9,10.4,1,0,5,1
MKT-1496,Mandera,Short Rains,Mixed,10,30.3,4.2,0,1,8,0
MKT-1497,Narok,Dry Season,Cattle,10,38.6,1.8,4,1,1,1
MKT-1498,Mandera,Dry Season,Sheep,18,44.0,5.6,2,1,6,0
MKT-1499,Laikipia,Long Rains,Cattle,16,40.2,5.0,3,0,5,0
MKT-1500,Isiolo,Short Rains,Camels,12,59.2,8.0,2,1,2,0
MKT-1501,Kajiado,Dry Season,Mixed,10,27.9,0.6,2,0,4,1
MKT-1502,Garissa,Long Rains,Mixed,10,24.8,13.7,1,0,7,0
MKT-1503,Mandera,Short Rains,Mixed,18,26.7,0.5,3,1,2,0
MKT-1504,Mandera,Dry Season,Goats,14,89.5,4.8,0,0,6,0
MKT-1505,Samburu,Dry Season,Camels,11,12.0,9.9,1,0,5,1
MKT-1506,Wajir,Long Rains,Goats,10,17.8,3.4,3,1,1,0
MKT-1507,Turkana,Dry Season,Goats,19,65.7,19.3,2,0,1,0
MKT-1508,Narok,Short Rains,Mixed,10,23.6,11.3,0,1,8,0
MKT-1509,Laikipia,Short Rains,Goats,10,16.1,4.4,2,1,9,1
MKT-1510,Marsabit,Dry Season,Camels,12,3.3,1.6,4,1,7,0
MKT-1511,Garissa,Short Rains,Camels,19,48.8,0.5,1,0,9,0
MKT-1512,West Pokot,Dry Season,Goats,10,54.5,12.9,0,1,2,0
MKT-1513,Isiolo,Dry Season,Camels,10,24.5,1.7,1,0,10,0
MKT-1514,Mandera,Long Rains,Cattle,12,35.6,2.5,2,0,10,0
MKT-1515,Samburu,Dry Season,Goats,10,66.8,0.5,4,1,8,0
MKT-1516,Turkana,Short Rains,Mixed,11,30.9,0.5,1,2,6,1
MKT-1517,Baringo,Long Rains,Mixed,12,20.9,2.1,1,0,7,0
MKT-1518,Wajir,Dry Season,Camels,10,55.4,16.5,0,0,7,0
MKT-1519,Wajir,Dry Season,Camels,21,76.3,12.1,4,0,6,0
MKT-1520,Garissa,Long Rains,Mixed,10,5.1,11.8,0,0,4,0
MKT-1521,Garissa,Short Rains,Cattle,14,26.7,14.0,0,2,3,1
MKT-1522,Turkana,Short Rains,Mixed,10,32.8,1.7,1,3,9,1
MKT-1523,Baringo,Long Rains,Goats,10,9.0,30.9,1,0,5,1
MKT-1524,Baringo,Long Rains,Mixed,10,39.9,2.1,3,0,1,0
MKT-1525,Garissa,Short Rains,Sheep,24,39.6,1.3,2,0,1,1
MKT-1526,Laikipia,Long Rains,Cattle,23,31.5,2.8,2,0,8,0
MKT-1527,Laikipia,Dry Season,Cattle,20,49.0,6.0,1,0,5,0
MKT-1528,Garissa,Long Rains,Mixed,12,17.3,1.1,0,1,5,1
MKT-1529,West Pokot,Short Rains,Sheep,10,38.3,10.7,2,0,2,0
MKT-1530,Kajiado,Dry Season,Goats,10,23.9,3.7,2,2,8,1
MKT-1531,Garissa,Short Rains,Mixed,10,30.0,6.7,4,0,6,0
MKT-1532,Turkana,Dry Season,Goats,11,62.8,10.6,1,0,1,0
MKT-1533,Samburu,Short Rains,Sheep,13,66.1,18.6,1,0,9,0
MKT-1534,Baringo,Long Rains,Mixed,18,32.2,13.7,0,0,6,0
MKT-1535,Marsabit,Long Rains,Mixed,14,82.8,6.2,5,0,3,0
MKT-1536,Wajir,Long Rains,Goats,15,30.8,37.8,1,1,6,1
MKT-1537,Garissa,Long Rains,Mixed,10,13.9,6.0,2,0,4,0
MKT-1538,Narok,Short Rains,Sheep,10,53.9,6.1,1,1,9,0
MKT-1539,Mandera,Long Rains,Mixed,12,58.3,1.4,1,0,8,0
MKT-1540,Kajiado,Long Rains,Camels,13,59.2,1.3,1,0,2,0
MKT-1541,Marsabit,Short Rains,Sheep,14,34.7,1.5,3,0,3,0
MKT-1542,Garissa,Dry Season,Cattle,10,39.9,7.2,0,0,8,0
MKT-1543,Garissa,Dry Season,Goats,11,48.4,4.3,2,0,2,0
MKT-1544,West Pokot,Dry Season,Sheep,20,11.4,3.9,1,0,10,0
MKT-1545,Marsabit,Dry Season,Cattle,10,3.7,1.1,2,0,8,0
MKT-1546,Laikipia,Short Rains,Cattle,10,35.3,3.8,1,0,8,1
MKT-1547,Garissa,Long Rains,Sheep,10,43.1,3.8,3,0,5,0
MKT-1548,Baringo,Dry Season,Cattle,12,32.2,7.8,3,0,5,0
MKT-1549,Narok,Short Rains,Cattle,18,36.6,3.9,0,1,8,0
MKT-1550,Samburu,Long Rains,Camels,10,57.2,4.3,3,0,7,0
MKT-1551,Turkana,Long Rains,Mixed,10,51.7,2.5,1,0,8,0
MKT-1552,Narok,Short Rains,Camels,15,24.4,1.1,0,0,1,1
MKT-1553,Samburu,Long Rains,Mixed,12,42.7,2.9,0,0,7,0
MKT-1554,Baringo,Dry Season,Cattle,10,42.6,0.5,2,0,7,0
MKT-1555,Narok,Dry Season,Mixed,10,20.0,1.8,3,1,2,0
MKT-1556,Laikipia,Short Rains,Camels,10,17.0,3.1,0,2,9,1
MKT-1557,Turkana,Long Rains,Goats,10,87.3,1.3,1,2,6,0
MKT-1558,Narok,Short Rains,Goats,10,89.3,8.7,2,0,8,0
MKT-1559,West Pokot,Long Rains,Mixed,10,60.1,2.6,1,0,6,1
MKT-1560,Wajir,Dry Season,Goats,11,48.9,7.6,1,1,7,0
MKT-1561,Baringo,Long Rains,Sheep,13,32.2,8.3,0,0,3,1
MKT-1562,Baringo,Dry Season,Goats,15,14.3,4.7,1,0,2,1
MKT-1563,Mandera,Long Rains,Mixed,15,33.6,4.8,3,2,4,1
MKT-1564,Isiolo,Long Rains,Cattle,10,55.4,7.0,2,0,4,0
MKT-1565,West Pokot,Dry Season,Camels,22,50.8,2.4,1,1,5,0
MKT-1566,Kajiado,Dry Season,Goats,18,26.7,0.5,4,0,7,0
MKT-1567,Isiolo,Dry Season,Mixed,13,66.1,8.3,0,1,3,0
MKT-1568,Kajiado,Dry Season,Camels,10,9.6,7.5,1,0,6,0
MKT-1569,Narok,Dry Season,Sheep,12,82.3,5.2,0,0,8,0
MKT-1570,Wajir,Dry Season,Cattle,10,48.2,16.7,0,0,8,0
MKT-1571,Wajir,Dry Season,Camels,15,42.2,5.7,1,1,9,0
MKT-1572,Garissa,Short Rains,Camels,10,45.9,2.9,0,0,2,0
MKT-1573,Isiolo,Long Rains,Mixed,10,30.8,10.0,2,0,4,0
MKT-1574,West Pokot,Long Rains,Sheep,11,8.2,26.2,1,0,1,0
MKT-1575,Narok,Long Rains,Goats,10,69.9,10.7,0,0,7,1
MKT-1576,Samburu,Dry Season,Sheep,11,38.9,19.2,0,1,6,1
MKT-1577,Mandera,Short Rains,Cattle,12,45.1,1.0,0,2,3,0
MKT-1578,Mandera,Short Rains,Goats,13,19.5,1.0,1,0,5,1
MKT-1579,Marsabit,Dry Season,Sheep,11,49.0,1.3,2,0,3,1
MKT-1580,Garissa,Short Rains,Cattle,13,48.2,9.7,0,1,10,1
MKT-1581,Wajir,Short Rains,Camels,13,73.4,4.0,1,1,7,0
MKT-1582,Samburu,Long Rains,Camels,15,29.7,5.2,0,0,8,0
MKT-1583,Laikipia,Dry Season,Camels,10,24.0,2.4,2,0,8,1
MKT-1584,Wajir,Long Rains,Camels,10,11.2,10.7,3,1,9,0
MKT-1585,Isiolo,Dry Season,Goats,10,40.3,14.9,4,0,9,0
MKT-1586,Laikipia,Short Rains,Camels,10,10.8,1.4,2,1,4,0
MKT-1587,Wajir,Dry Season,Goats,13,22.1,1.7,1,0,10,1
MKT-1588,Wajir,Short Rains,Goats,13,21.0,3.3,3,0,5,1
MKT-1589,Marsabit,Short Rains,Sheep,18,11.9,2.6,2,0,9,0
MKT-1590,Wajir,Long Rains,Camels,10,49.4,6.1,0,1,5,1
MKT-1591,Isiolo,Short Rains,Mixed,14,52.5,11.2,1,0,3,0
MKT-1592,Isiolo,Long Rains,Camels,16,9.9,12.6,2,0,9,0
MKT-1593,Wajir,Long Rains,Mixed,12,65.6,1.9,1,0,8,0
MKT-1594,Baringo,Short Rains,Camels,15,47.4,1.5,1,2,8,0
MKT-1595,Marsabit,Dry Season,Goats,30,68.8,3.6,1,0,6,0
MKT-1596,Baringo,Long Rains,Camels,10,34.5,1.3,1,2,2,1
MKT-1597,Isiolo,Dry Season,Camels,12,32.2,0.8,2,0,6,0
MKT-1598,West Pokot,Dry Season,Camels,10,20.5,2.2,0,1,3,1
MKT-1599,Kajiado,Short Rains,Camels,34,76.9,4.0,2,0,2,0
MKT-1600,West Pokot,Long Rains,Sheep,12,81.4,7.1,3,0,6,0
MKT-1601,Turkana,Long Rains,Sheep,26,52.4,10.3,1,1,8,0
MKT-1602,Turkana,Dry Season,Goats,10,40.7,2.0,0,0,7,0
MKT-1603,Narok,Dry Season,Goats,19,34.8,13.7,1,0,4,0
MKT-1604,Baringo,Long Rains,Mixed,24,57.3,0.5,2,0,8,0
MKT-1605,Isiolo,Short Rains,Goats,10,50.9,4.7,0,1,8,0
MKT-1606,Mandera,Long Rains,Sheep,17,23.2,8.0,1,1,7,1
MKT-1607,Isiolo,Dry Season,Goats,13,25.5,2.8,4,0,2,1
MKT-1608,Mandera,Dry Season,Mixed,20,41.7,9.2,0,0,4,0
MKT-1609,Kajiado,Dry Season,Mixed,10,86.5,16.1,0,1,3,0
MKT-1610,Wajir,Dry Season,Sheep,19,36.7,0.7,1,2,7,0
MKT-1611,Isiolo,Short Rains,Goats,20,25.6,5.7,1,0,3,0
MKT-1612,Narok,Dry Season,Mixed,10,33.6,0.5,2,0,7,1
MKT-1613,Wajir,Dry Season,Goats,14,44.8,2.6,5,0,8,0
MKT-1614,Turkana,Short Rains,Goats,10,23.1,1.2,2,1,4,0
MKT-1615,West Pokot,Short Rains,Sheep,16,79.0,7.8,2,0,7,0
MKT-1616,Baringo,Long Rains,Sheep,10,14.0,2.3,0,0,9,1
MKT-1617,Isiolo,Dry Season,Goats,10,61.7,2.7,0,1,7,0
MKT-1618,Marsabit,Long Rains,Camels,24,23.0,1.8,1,1,2,0
MKT-1619,Isiolo,Short Rains,Camels,10,55.4,2.2,1,0,9,0
MKT-1620,Kajiado,Long Rains,Cattle,11,23.3,2.0,2,1,5,1
MKT-1621,West Pokot,Long Rains,Cattle,10,21.4,9.6,3,0,10,0
MKT-1622,Samburu,Long Rains,Cattle,13,21.0,25.0,2,0,6,0
MKT-1623,West Pokot,Long Rains,Sheep,20,46.2,5.4,1,0,2,0
MKT-1624,Laikipia,Dry Season,Goats,11,5.7,7.3,2,0,10,0
MKT-1625,Narok,Long Rains,Mixed,27,38.6,13.6,1,0,7,0
MKT-1626,Marsabit,Dry Season,Goats,17,26.6,5.2,1,0,9,0
MKT-1627,Kajiado,Dry Season,Goats,10,47.9,2.9,0,1,2,0
MKT-1628,Samburu,Long Rains,Cattle,10,36.5,24.1,2,1,9,0
MKT-1629,Wajir,Long Rains,Goats,12,14.1,18.9,1,0,5,0
MKT-1630,Baringo,Long Rains,Cattle,10,22.3,2.0,3,1,1,1
MKT-1631,Kajiado,Long Rains,Goats,13,30.5,9.7,0,0,5,0
MKT-1632,Turkana,Dry Season,Mixed,11,25.9,8.3,3,0,2,0
MKT-1633,Turkana,Dry Season,Camels,13,13.0,8.4,2,0,8,0
MKT-1634,Mandera,Long Rains,Camels,10,54.5,14.2,1,1,3,1
MKT-1635,Baringo,Dry Season,Sheep,14,63.3,9.0,4,2,9,0
MKT-1636,Turkana,Dry Season,Mixed,10,23.1,5.8,1,1,5,1
MKT-1637,Isiolo,Dry Season,Goats,13,13.5,15.0,1,1,3,1
MKT-1638,Wajir,Short Rains,Mixed,10,29.8,2.5,0,0,10,1
MKT-1639,Garissa,Dry Season,Goats,20,23.8,9.1,1,1,1,1
MKT-1640,Turkana,Long Rains,Mixed,10,10.1,9.7,1,1,4,1
MKT-1641,Laikipia,Dry Season,Mixed,15,69.2,16.3,1,1,7,0
MKT-1642,Garissa,Short Rains,Camels,12,67.2,50.0,2,0,3,0
MKT-1643,Garissa,Dry Season,Mixed,12,15.2,6.5,2,0,9,1
MKT-1644,Samburu,Long Rains,Sheep,12,23.8,5.3,1,2,5,1
MKT-1645,West Pokot,Dry Season,Goats,13,52.6,7.3,1,0,6,0
MKT-1646,Laikipia,Dry Season,Cattle,13,29.1,8.6,2,2,7,1
MKT-1647,Garissa,Short Rains,Mixed,10,12.1,10.0,0,0,10,1
MKT-1648,Isiolo,Short Rains,Cattle,16,41.0,2.6,0,0,5,0
MKT-1649,Kajiado,Dry Season,Camels,10,15.5,5.3,1,0,2,0
MKT-1650,Turkana,Long Rains,Cattle,10,59.4,3.7,2,0,3,0
MKT-1651,Marsabit,Long Rains,Sheep,10,23.5,0.5,1,0,9,0
MKT-1652,Turkana,Dry Season,Sheep,16,44.4,7.5,2,0,3,0
MKT-1653,Garissa,Dry Season,Camels,16,51.5,16.6,4,0,2,0
MKT-1654,Wajir,Short Rains,Sheep,10,16.0,20.4,2,0,8,0
MKT-1655,Samburu,Long Rains,Goats,10,31.6,5.8,0,0,8,0
MKT-1656,Laikipia,Dry Season,Sheep,10,53.1,11.6,2,0,7,0
MKT-1657,Wajir,Dry Season,Mixed,10,28.7,10.0,3,0,2,0
MKT-1658,Marsabit,Short Rains,Sheep,10,64.9,2.1,2,0,2,0
MKT-1659,Samburu,Short Rains,Goats,17,34.5,0.5,1,1,3,1
MKT-1660,Isiolo,Short Rains,Camels,32,27.8,11.0,1,1,10,0
MKT-1661,Garissa,Dry Season,Sheep,14,26.1,2.7,3,0,1,1
MKT-1662,Laikipia,Long Rains,Goats,18,74.6,6.4,1,1,5,1
MKT-1663,Mandera,Long Rains,Mixed,21,29.5,5.9,5,0,3,1
MKT-1664,Mandera,Short Rains,Cattle,10,19.5,13.6,1,0,4,0
MKT-1665,West Pokot,Short Rains,Cattle,30,19.3,8.3,4,0,9,0
MKT-1666,Marsabit,Dry Season,Camels,14,29.5,15.0,3,0,7,0
MKT-1667,Marsabit,Long Rains,Camels,15,76.1,11.2,1,0,7,0
MKT-1668,Baringo,Long Rains,Cattle,16,37.2,50.0,1,1,3,0
MKT-1669,West Pokot,Short Rains,Cattle,12,37.8,16.0,1,0,7,1
MKT-1670,Marsabit,Long Rains,Camels,10,15.5,1.9,1,0,9,0
MKT-1671,Marsabit,Dry Season,Cattle,15,49.4,26.0,2,0,10,0
MKT-1672,Isiolo,Short Rains,Sheep,10,36.0,3.3,1,2,9,0
MKT-1673,Baringo,Dry Season,Goats,14,37.6,7.5,8,0,10,0
MKT-1674,Mandera,Short Rains,Camels,15,33.6,22.7,2,0,1,0
MKT-1675,Samburu,Short Rains,Goats,13,31.3,1.9,2,1,9,0
MKT-1676,West Pokot,Long Rains,Mixed,15,38.7,15.6,3,0,3,0
MKT-1677,Mandera,Dry Season,Mixed,16,17.5,24.5,2,0,6,0
MKT-1678,West Pokot,Long Rains,Sheep,10,49.3,15.4,0,0,2,1
MKT-1679,Laikipia,Dry Season,Mixed,19,45.0,13.7,3,1,4,0
MKT-1680,Wajir,Long Rains,Camels,15,28.2,2.5,4,1,3,1
MKT-1681,Kajiado,Short Rains,Sheep,17,52.8,4.2,2,0,6,0
MKT-1682,Samburu,Short Rains,Sheep,17,53.3,11.4,1,1,1,0
MKT-1683,Garissa,Dry Season,Camels,14,53.8,1.0,2,1,4,0
MKT-1684,Laikipia,Short Rains,Cattle,17,57.4,17.5,3,0,1,0
MKT-1685,Laikipia,Dry Season,Goats,10,24.8,1.9,1,2,1,1
MKT-1686,Isiolo,Dry Season,Camels,28,34.0,6.7,1,0,4,0
MKT-1687,Kajiado,Short Rains,Cattle,12,26.4,0.9,0,0,5,0
MKT-1688,Laikipia,Long Rains,Cattle,10,6.6,1.6,1,1,7,0
MKT-1689,Turkana,Short Rains,Mixed,17,31.0,7.0,2,1,8,1
MKT-1690,Mandera,Short Rains,Sheep,10,67.2,8.1,0,2,3,0
MKT-1691,Samburu,Short Rains,Sheep,16,27.7,2.5,3,0,3,0
MKT-1692,Samburu,Long Rains,Mixed,10,30.6,1.0,3,1,10,0
MKT-1693,Samburu,Dry Season,Mixed,10,68.5,6.4,0,1,4,0
MKT-1694,Marsabit,Dry Season,Sheep,14,78.6,14.7,1,0,6,0
MKT-1695,Marsabit,Dry Season,Camels,12,47.6,1.8,3,0,2,0
MKT-1696,Samburu,Short Rains,Camels,10,70.5,9.4,2,0,6,0
MKT-1697,Narok,Long Rains,Camels,19,61.7,3.9,3,0,6,0
MKT-1698,Isiolo,Long Rains,Camels,12,36.6,22.9,3,0,2,0
MKT-1699,Baringo,Short Rains,Mixed,26,22.7,0.7,0,0,5,1
MKT-1700,Garissa,Short Rains,Goats,10,84.9,0.5,1,0,7,0
MKT-1701,Mandera,Long Rains,Goats,10,50.7,1.1,3,1,9,1
MKT-1702,Turkana,Dry Season,Sheep,12,10.0,12.2,3,0,3,0
MKT-1703,Samburu,Dry Season,Goats,29,16.6,20.5,2,0,7,0
MKT-1704,Laikipia,Short Rains,Camels,10,50.4,13.8,2,1,3,1
MKT-1705,Laikipia,Dry Season,Mixed,10,26.1,10.1,1,0,2,0
MKT-1706,Isiolo,Dry Season,Camels,12,36.7,0.5,0,1,4,1
MKT-1707,Garissa,Long Rains,Cattle,13,36.9,1.9,0,1,8,1
MKT-1708,Wajir,Short Rains,Mixed,10,14.2,21.9,1,0,5,0
MKT-1709,Turkana,Dry Season,Cattle,10,20.2,7.8,3,0,8,0
MKT-1710,Garissa,Dry Season,Cattle,12,23.4,5.1,1,0,6,1
MKT-1711,Wajir,Dry Season,Sheep,25,39.5,8.5,1,0,1,1
MKT-1712,Garissa,Long Rains,Cattle,10,33.0,1.6,1,0,3,0
MKT-1713,Laikipia,Long Rains,Goats,10,51.1,17.9,1,2,8,0
MKT-1714,Laikipia,Short Rains,Goats,11,59.1,8.5,0,0,4,0
MKT-1715,Kajiado,Dry Season,Cattle,10,16.4,5.1,0,0,2,1
MKT-1716,Narok,Short Rains,Sheep,10,17.0,4.9,1,0,8,1
MKT-1717,West Pokot,Short Rains,Cattle,10,67.8,13.8,1,0,5,0
MKT-1718,Narok,Long Rains,Mixed,10,20.3,2.9,0,3,1,1
MKT-1719,Isiolo,Long Rains,Mixed,10,44.4,1.2,4,0,8,0
MKT-1720,Wajir,Short Rains,Mixed,10,27.9,1.6,0,0,9,0
MKT-1721,Laikipia,Long Rains,Mixed,10,51.6,0.7,1,0,8,1
MKT-1722,Narok,Long Rains,Cattle,10,14.7,5.7,3,0,1,0
MKT-1723,Kajiado,Long Rains,Camels,10,33.9,9.0,4,1,6,1
MKT-1724,Baringo,Short Rains,Camels,10,23.9,21.7,3,0,6,1
MKT-1725,Laikipia,Long Rains,Mixed,10,16.2,11.1,3,0,7,0
MKT-1726,Kajiado,Short Rains,Sheep,10,26.8,7.0,1,0,1,0
MKT-1727,Marsabit,Short Rains,Sheep,10,20.7,16.0,2,0,8,0
MKT-1728,Garissa,Dry Season,Cattle,10,45.0,17.8,2,0,4,0
MKT-1729,West Pokot,Long Rains,Camels,10,45.8,10.0,0,0,4,0
MKT-1730,West Pokot,Short Rains,Cattle,31,26.1,0.5,4,0,10,0
MKT-1731,Narok,Long Rains,Goats,16,64.8,2.8,5,0,4,0
MKT-1732,Baringo,Short Rains,Mixed,12,10.3,3.3,1,0,6,1
MKT-1733,Kajiado,Short Rains,Goats,20,44.7,47.6,0,0,6,0
MKT-1734,Wajir,Long Rains,Goats,13,48.1,5.0,0,1,6,1
MKT-1735,Turkana,Dry Season,Sheep,16,24.5,11.5,1,0,2,0
MKT-1736,Baringo,Dry Season,Camels,11,31.5,13.4,2,0,5,1
MKT-1737,West Pokot,Long Rains,Mixed,10,51.6,8.5,2,2,2,0
MKT-1738,Mandera,Long Rains,Cattle,10,40.1,0.5,2,1,6,1
MKT-1739,Marsabit,Dry Season,Mixed,21,26.3,0.5,3,1,7,1
MKT-1740,Samburu,Short Rains,Cattle,10,14.4,13.7,3,0,6,0
MKT-1741,Laikipia,Short Rains,Cattle,15,31.3,10.8,3,0,3,0
MKT-1742,Laikipia,Dry Season,Camels,12,82.4,6.1,1,0,10,0
MKT-1743,Marsabit,Long Rains,Goats,12,24.6,2.3,0,2,10,1
MKT-1744,Laikipia,Dry Season,Cattle,10,48.3,0.7,1,0,5,0
MKT-1745,Turkana,Short Rains,Camels,10,50.0,1.4,0,0,9,0
MKT-1746,West Pokot,Long Rains,Goats,10,25.5,6.9,2,0,6,1
MKT-1747,Garissa,Dry Season,Goats,17,39.0,6.3,3,1,3,1
MKT-1748,Laikipia,Long Rains,Mixed,10,52.3,22.7,0,0,9,0
MKT-1749,Samburu,Long Rains,Mixed,23,48.8,25.2,2,0,5,0
MKT-1750,Marsabit,Short Rains,Mixed,10,28.9,6.9,2,0,1,0
MKT-1751,Laikipia,Short Rains,Sheep,15,46.1,14.7,2,0,10,0
MKT-1752,Samburu,Short Rains,Goats,10,17.5,13.4,2,0,3,0
MKT-1753,Baringo,Long Rains,Sheep,10,6.5,11.2,2,1,3,0
MKT-1754,Marsabit,Dry Season,Mixed,10,35.0,4.6,2,0,2,0
MKT-1755,Samburu,Dry Season,Camels,22,16.3,3.9,2,0,2,0
MKT-1756,Baringo,Long Rains,Mixed,14,23.7,2.5,3,0,9,0
MKT-1757,Turkana,Dry Season,Cattle,10,31.0,22.1,0,0,3,0
MKT-1758,Kajiado,Long Rains,Camels,10,53.3,14.4,1,0,10,0
MKT-1759,Mandera,Long Rains,Camels,10,16.3,1.6,2,0,4,1
MKT-1760,Mandera,Short Rains,Goats,10,42.5,2.3,3,0,6,0
MKT-1761,Marsabit,Dry Season,Sheep,10,20.5,7.0,0,1,10,1
MKT-1762,Turkana,Short Rains,Cattle,10,91.8,4.3,1,1,9,1
MKT-1763,Laikipia,Long Rains,Camels,15,52.6,1.9,2,1,1,1
MKT-1764,Narok,Dry Season,Sheep,16,16.6,12.5,1,1,3,0
MKT-1765,Narok,Short Rains,Sheep,10,40.4,0.5,0,0,3,0
MKT-1766,Marsabit,Short Rains,Cattle,15,33.4,3.4,2,0,6,1
MKT-1767,Garissa,Short Rains,Cattle,14,26.3,21.2,1,0,9,0
MKT-1768,Garissa,Long Rains,Mixed,20,35.8,11.4,1,1,9,1
MKT-1769,Marsabit,Short Rains,Mixed,10,53.5,4.1,1,2,5,0
MKT-1770,Samburu,Long Rains,Camels,14,82.8,21.1,3,0,9,0
MKT-1771,Baringo,Long Rains,Camels,10,60.7,18.5,0,0,6,0
MKT-1772,West Pokot,Long Rains,Camels,17,27.9,0.5,1,0,5,1
MKT-1773,Garissa,Short Rains,Mixed,18,11.9,1.1,3,2,8,0
MKT-1774,Garissa,Dry Season,Camels,28,22.4,3.9,0,1,7,1
MKT-1775,Garissa,Long Rains,Camels,14,47.2,21.2,4,2,7,1
MKT-1776,Wajir,Dry Season,Mixed,10,52.8,14.9,1,1,4,1
MKT-1777,Laikipia,Dry Season,Mixed,24,45.6,0.5,2,1,10,1
MKT-1778,West Pokot,Long Rains,Camels,10,42.0,5.7,0,1,1,0
MKT-1779,West Pokot,Short Rains,Camels,10,34.5,10.2,1,0,5,0
MKT-1780,Narok,Long Rains,Sheep,24,75.7,2.6,2,0,9,0
MKT-1781,Garissa,Dry Season,Goats,14,56.6,10.3,2,0,8,0
MKT-1782,Isiolo,Long Rains,Mixed,13,35.9,3.7,0,1,4,1
MKT-1783,Samburu,Short Rains,Goats,24,64.7,2.6,1,1,10,1
MKT-1784,Turkana,Short Rains,Mixed,10,27.1,4.0,0,0,9,0
MKT-1785,Marsabit,Long Rains,Sheep,12,40.5,24.1,0,0,6,0
MKT-1786,Garissa,Short Rains,Goats,10,48.6,18.9,2,0,7,0
MKT-1787,Baringo,Dry Season,Sheep,15,46.5,19.6,3,0,10,0
MKT-1788,Turkana,Short Rains,Cattle,25,16.3,19.9,3,1,10,0
MKT-1789,Mandera,Long Rains,Goats,16,31.9,1.6,1,0,10,1
MKT-1790,Mandera,Dry Season,Goats,14,66.7,18.1,1,0,8,0
MKT-1791,Laikipia,Dry Season,Goats,11,29.7,1.9,1,0,1,0
MKT-1792,Isiolo,Long Rains,Cattle,18,67.4,14.6,1,1,4,1
MKT-1793,Laikipia,Short Rains,Cattle,11,33.2,6.2,0,1,6,1
MKT-1794,Baringo,Short Rains,Sheep,11,20.9,2.2,0,0,4,1
MKT-1795,Laikipia,Long Rains,Cattle,10,19.2,4.1,0,1,3,1
MKT-1796,Isiolo,Long Rains,Mixed,14,39.1,4.5,3,1,5,0
MKT-1797,Turkana,Long Rains,Camels,11,19.4,10.6,2,0,4,1
MKT-1798,Marsabit,Short Rains,Goats,10,55.0,7.5,0,1,5,0
MKT-1799,Garissa,Dry Season,Sheep,16,33.4,13.6,0,0,2,1
MKT-1800,Garissa,Short Rains,Sheep,15,66.7,4.0,1,0,3,0
MKT-1801,Marsabit,Long Rains,Sheep,10,32.2,10.9,1,2,8,0
MKT-1802,Laikipia,Dry Season,Sheep,22,69.7,12.6,3,1,8,0
MKT-1803,Mandera,Dry Season,Goats,18,63.0,0.5,0,1,10,0
MKT-1804,Mandera,Long Rains,Sheep,13,17.6,3.8,3,1,8,1
MKT-1805,Isiolo,Short Rains,Goats,10,11.6,17.4,1,0,3,1
MKT-1806,Turkana,Dry Season,Sheep,10,11.6,9.8,0,1,1,0
MKT-1807,Laikipia,Short Rains,Sheep,16,18.7,4.3,4,0,2,1
MKT-1808,Baringo,Dry Season,Camels,10,63.5,1.6,2,0,3,0
MKT-1809,Garissa,Dry Season,Mixed,10,5.8,0.8,2,3,2,0
MKT-1810,Baringo,Short Rains,Cattle,10,17.9,2.1,1,0,3,1
MKT-1811,Wajir,Dry Season,Cattle,10,51.6,2.2,0,0,7,0
MKT-1812,Kajiado,Dry Season,Cattle,14,47.1,3.7,4,1,5,0
MKT-1813,Isiolo,Long Rains,Mixed,10,16.2,1.6,2,1,5,1
MKT-1814,Isiolo,Long Rains,Goats,10,49.8,1.3,4,0,2,0
MKT-1815,Narok,Dry Season,Cattle,16,58.3,14.9,2,0,9,0
MKT-1816,Turkana,Long Rains,Cattle,11,35.1,2.3,1,0,9,1
MKT-1817,Narok,Dry Season,Cattle,11,49.5,6.6,0,1,1,1
MKT-1818,Narok,Long Rains,Goats,27,70.6,1.8,2,0,8,0
MKT-1819,Isiolo,Short Rains,Mixed,10,73.7,5.4,3,0,8,0
MKT-1820,Turkana,Short Rains,Mixed,10,33.4,2.6,4,0,9,1
MKT-1821,Baringo,Short Rains,Goats,10,16.2,0.7,1,0,2,0
MKT-1822,Garissa,Short Rains,Camels,15,53.4,32.2,0,0,6,0
MKT-1823,Kajiado,Short Rains,Sheep,10,30.0,4.9,2,0,2,0
MKT-1824,Baringo,Long Rains,Goats,14,46.9,4.0,3,0,1,0
MKT-1825,Isiolo,Short Rains,Sheep,16,19.6,1.8,4,0,7,0
MKT-1826,Wajir,Dry Season,Mixed,10,38.8,5.5,1,0,3,0
MKT-1827,Laikipia,Dry Season,Sheep,13,41.7,8.1,1,0,8,0
MKT-1828,Samburu,Long Rains,Cattle,16,10.3,2.9,3,1,3,0
MKT-1829,Isiolo,Long Rains,Sheep,11,41.7,5.2,3,1,2,1
MKT-1830,Wajir,Short Rains,Sheep,13,5.4,2.2,1,0,8,1
MKT-1831,Samburu,Long Rains,Mixed,10,65.0,6.0,4,0,8,0
MKT-1832,Marsabit,Long Rains,Camels,10,55.3,12.4,2,0,10,0
MKT-1833,Garissa,Dry Season,Sheep,10,23.9,0.5,1,1,1,0
MKT-1834,West Pokot,Short Rains,Mixed,17,37.7,5.8,0,2,1,1
MKT-1835,Marsabit,Dry Season,Cattle,14,10.2,4.1,1,0,10,0
MKT-1836,Isiolo,Dry Season,Sheep,10,78.7,0.6,0,0,3,0
MKT-1837,Wajir,Long Rains,Sheep,10,50.4,22.6,2,0,10,0
MKT-1838,Baringo,Short Rains,Cattle,10,54.4,2.4,1,0,4,0
MKT-1839,Isiolo,Long Rains,Goats,10,66.5,6.7,0,0,8,0
MKT-1840,Laikipia,Long Rains,Camels,17,4.9,3.7,3,1,8,1
MKT-1841,Mandera,Long Rains,Cattle,10,58.6,2.5,3,2,8,0
MKT-1842,Garissa,Long Rains,Cattle,20,28.7,6.0,1,0,7,0
MKT-1843,Garissa,Short Rains,Cattle,15,38.3,9.3,2,1,1,1
MKT-1844,Samburu,Short Rains,Goats,10,37.6,12.3,2,0,1,1
MKT-1845,Laikipia,Short Rains,Cattle,15,78.3,8.0,2,0,5,0
MKT-1846,Laikipia,Short Rains,Goats,10,25.8,6.0,2,0,5,1
MKT-1847,Wajir,Short Rains,Camels,10,7.7,12.0,2,1,5,1
MKT-1848,Samburu,Short Rains,Goats,26,45.4,5.8,3,0,1,0
MKT-1849,Kajiado,Short Rains,Camels,10,60.7,29.3,4,0,3,0
MKT-1850,Samburu,Dry Season,Camels,10,13.1,6.0,1,1,1,0
MKT-1851,Garissa,Dry Season,Camels,10,41.9,3.1,0,0,2,0
MKT-1852,Narok,Long Rains,Mixed,13,52.9,4.7,3,0,8,0
MKT-1853,West Pokot,Long Rains,Camels,14,27.0,5.4,2,0,4,1
MKT-1854,Baringo,Dry Season,Goats,20,64.1,2.7,6,1,4,0
MKT-1855,Baringo,Long Rains,Mixed,12,65.2,1.4,2,0,5,0
MKT-1856,Baringo,Short Rains,Cattle,10,33.0,4.5,5,0,2,0
MKT-1857,Marsabit,Dry Season,Cattle,10,50.8,18.2,1,0,9,0
MKT-1858,Isiolo,Long Rains,Sheep,10,20.8,2.4,0,1,10,1
MKT-1859,Wajir,Long Rains,Camels,10,10.3,3.6,0,0,9,0
MKT-1860,West Pokot,Dry Season,Sheep,10,33.4,11.3,2,1,3,0
MKT-1861,Turkana,Long Rains,Camels,10,27.5,0.7,1,0,1,1
MKT-1862,Garissa,Dry Season,Camels,15,56.2,13.9,1,1,2,0
MKT-1863,Samburu,Long Rains,Goats,17,15.9,10.2,3,2,8,0
MKT-1864,Wajir,Long Rains,Goats,10,49.0,6.4,0,1,8,1
MKT-1865,Baringo,Long Rains,Cattle,10,7.1,1.9,1,0,2,1
MKT-1866,Narok,Dry Season,Mixed,11,18.1,0.8,2,0,10,0
MKT-1867,Turkana,Short Rains,Cattle,10,32.1,2.1,3,0,5,0
MKT-1868,West Pokot,Long Rains,Camels,10,82.6,11.5,2,1,9,1
MKT-1869,Isiolo,Dry Season,Mixed,10,21.1,21.7,2,1,4,1
MKT-1870,Isiolo,Long Rains,Sheep,10,12.9,10.7,3,1,1,1
MKT-1871,Samburu,Short Rains,Camels,10,56.9,6.0,1,1,1,0
MKT-1872,Mandera,Short Rains,Goats,12,45.5,24.1,1,0,6,0
MKT-1873,Garissa,Dry Season,Cattle,11,61.6,14.1,0,0,7,0
MKT-1874,Garissa,Dry Season,Cattle,26,13.1,8.5,1,0,9,1
MKT-1875,Turkana,Long Rains,Sheep,10,32.6,0.5,0,1,6,1
MKT-1876,West Pokot,Long Rains,Cattle,10,43.6,2.7,0,0,10,0
MKT-1877,Laikipia,Short Rains,Cattle,10,68.6,2.9,2,1,5,0
MKT-1878,West Pokot,Long Rains,Mixed,18,20.2,3.4,1,0,5,0
MKT-1879,Samburu,Long Rains,Camels,10,26.5,3.9,1,2,3,1
MKT-1880,Garissa,Dry Season,Mixed,10,70.1,22.4,0,0,4,0
MKT-1881,Turkana,Dry Season,Mixed,18,20.9,10.8,3,3,3,0
MKT-1882,Wajir,Dry Season,Cattle,10,51.1,9.4,2,0,10,0
MKT-1883,Isiolo,Short Rains,Camels,20,42.1,4.4,0,0,10,0
MKT-1884,Laikipia,Long Rains,Cattle,14,22.3,3.3,2,1,9,1
MKT-1885,Wajir,Short Rains,Cattle,10,21.2,1.0,2,0,7,1
MKT-1886,Isiolo,Short Rains,Mixed,15,14.5,4.8,0,0,1,1
MKT-1887,Wajir,Short Rains,Goats,10,52.8,1.8,3,0,5,0
MKT-1888,Garissa,Long Rains,Goats,24,70.8,4.0,2,0,1,0
MKT-1889,Baringo,Dry Season,Mixed,10,15.2,1.4,0,3,4,1
MKT-1890,Mandera,Long Rains,Mixed,10,62.1,3.4,0,0,10,0
MKT-1891,West Pokot,Dry Season,Cattle,10,43.2,0.5,3,0,1,0
MKT-1892,Laikipia,Short Rains,Camels,13,84.0,0.5,1,0,9,0
MKT-1893,Marsabit,Long Rains,Cattle,16,34.6,16.3,2,0,9,1
MKT-1894,Turkana,Long Rains,Cattle,13,12.5,8.2,2,2,4,1
MKT-1895,Turkana,Short Rains,Sheep,10,49.1,7.1,2,0,1,1
MKT-1896,Turkana,Dry Season,Cattle,10,55.7,5.8,1,0,6,0
MKT-1897,Baringo,Long Rains,Camels,10,35.2,10.4,3,1,5,0
MKT-1898,Wajir,Dry Season,Cattle,10,22.5,10.7,3,1,4,0
MKT-1899,Garissa,Long Rains,Mixed,13,29.6,21.9,1,0,2,0
MKT-1900,Laikipia,Short Rains,Camels,10,27.5,2.2,1,0,6,0
MKT-1901,Wajir,Short Rains,Mixed,10,39.0,12.3,0,0,7,0
MKT-1902,Baringo,Dry Season,Sheep,20,71.2,37.8,0,0,1,0
MKT-1903,Isiolo,Short Rains,Sheep,17,42.5,0.5,4,1,3,0
MKT-1904,Isiolo,Dry Season,Camels,15,47.1,3.7,2,0,7,0
MKT-1905,West Pokot,Long Rains,Goats,29,44.1,4.6,2,1,10,0
MKT-1906,Marsabit,Short Rains,Goats,21,38.7,13.8,2,0,6,0
MKT-1907,Narok,Long Rains,Camels,19,32.2,0.5,1,0,2,1
MKT-1908,Kajiado,Short Rains,Camels,24,80.5,7.3,2,0,8,0
MKT-1909,Marsabit,Short Rains,Mixed,10,61.4,17.8,0,1,6,1
MKT-1910,Garissa,Dry Season,Sheep,10,55.5,1.3,1,0,1,0
MKT-1911,Kajiado,Long Rains,Camels,10,48.6,1.0,3,1,7,0
MKT-1912,Turkana,Long Rains,Cattle,10,32.0,50.0,3,0,9,0
MKT-1913,Turkana,Short Rains,Mixed,10,37.4,14.0,0,0,8,1
MKT-1914,Narok,Short Rains,Sheep,13,78.7,9.6,1,0,7,0
MKT-1915,Mandera,Long Rains,Mixed,10,39.3,4.1,1,1,8,0
MKT-1916,Marsabit,Long Rains,Sheep,10,39.5,15.4,1,0,8,0
MKT-1917,Laikipia,Dry Season,Cattle,19,47.1,20.5,2,0,4,0
MKT-1918,Laikipia,Long Rains,Sheep,18,25.1,10.5,0,0,5,0
MKT-1919,Turkana,Dry Season,Mixed,10,56.8,4.1,1,0,5,0
MKT-1920,Isiolo,Short Rains,Sheep,18,28.6,7.0,0,0,8,1
MKT-1921,West Pokot,Short Rains,Mixed,10,20.9,0.8,1,1,10,0
MKT-1922,Garissa,Short Rains,Camels,14,47.1,1.4,2,0,9,0
MKT-1923,Wajir,Dry Season,Cattle,10,20.8,12.2,0,1,8,1
MKT-1924,Samburu,Dry Season,Mixed,12,35.8,0.5,1,0,2,0
MKT-1925,Laikipia,Short Rains,Goats,10,70.9,0.5,2,2,7,0
MKT-1926,Isiolo,Short Rains,Goats,17,56.0,5.7,2,1,3,1
MKT-1927,Wajir,Dry Season,Sheep,11,74.3,1.5,2,1,2,0
MKT-1928,West Pokot,Dry Season,Camels,15,18.1,2.8,1,1,2,1
MKT-1929,Kajiado,Dry Season,Camels,24,34.3,4.1,2,0,10,1
MKT-1930,Samburu,Short Rains,Goats,22,92.6,5.9,2,1,2,1
MKT-1931,Baringo,Long Rains,Sheep,10,33.6,2.7,1,0,3,1
MKT-1932,Wajir,Dry Season,Camels,10,29.3,5.3,1,0,4,0
MKT-1933,Garissa,Short Rains,Camels,10,21.9,3.7,3,0,6,0
MKT-1934,Laikipia,Long Rains,Sheep,10,68.2,0.7,1,1,1,0
MKT-1935,Samburu,Long Rains,Mixed,14,21.6,16.1,1,0,10,0
MKT-1936,Baringo,Short Rains,Goats,27,24.5,2.6,3,1,8,0
MKT-1937,Narok,Dry Season,Camels,14,38.8,7.5,1,2,8,1
MKT-1938,Wajir,Dry Season,Mixed,10,62.7,6.7,2,1,4,0
MKT-1939,Baringo,Long Rains,Mixed,10,41.6,1.8,1,0,1,1
MKT-1940,Samburu,Short Rains,Mixed,32,42.1,0.5,2,1,6,1
MKT-1941,Baringo,Dry Season,Mixed,16,46.5,15.6,3,1,7,0
MKT-1942,Turkana,Short Rains,Cattle,29,56.2,5.5,2,0,1,0
MKT-1943,West Pokot,Short Rains,Cattle,10,19.6,4.3,1,0,8,0
MKT-1944,Mandera,Long Rains,Sheep,10,53.7,11.5,0,0,4,0
MKT-1945,Samburu,Long Rains,Goats,10,47.2,0.5,2,1,1,0
MKT-1946,Wajir,Short Rains,Sheep,11,89.1,11.6,0,0,9,0
MKT-1947,Mandera,Long Rains,Cattle,10,72.0,4.2,2,0,8,0
MKT-1948,Laikipia,Short Rains,Sheep,12,45.3,6.4,1,0,9,0
MKT-1949,Isiolo,Dry Season,Sheep,24,25.6,11.2,1,2,4,1
MKT-1950,Isiolo,Dry Season,Mixed,12,41.8,6.3,1,1,8,0
MKT-1951,Laikipia,Dry Season,Camels,10,46.1,0.5,2,0,8,0
MKT-1952,Wajir,Long Rains,Cattle,10,37.2,10.4,0,1,10,1
MKT-1953,Kajiado,Short Rains,Cattle,10,24.7,12.3,1,2,2,1
MKT-1954,Garissa,Dry Season,Sheep,10,10.4,5.0,0,0,10,0
MKT-1955,Mandera,Dry Season,Camels,10,68.7,4.6,2,0,8,0
MKT-1956,Wajir,Short Rains,Sheep,13,17.6,2.3,2,1,6,1
MKT-1957,Marsabit,Long Rains,Goats,12,54.1,8.3,0,0,3,1
MKT-1958,Samburu,Long Rains,Cattle,14,34.2,17.1,0,0,8,1
MKT-1959,West Pokot,Long Rains,Mixed,10,58.5,8.5,1,0,1,1
MKT-1960,Turkana,Long Rains,Mixed,10,10.5,11.8,3,1,2,1
MKT-1961,Mandera,Dry Season,Mixed,10,30.2,14.5,1,0,7,0
MKT-1962,Wajir,Short Rains,Cattle,10,14.9,2.1,1,1,8,1
MKT-1963,Baringo,Long Rains,Cattle,28,34.3,4.1,3,1,9,1
MKT-1964,West Pokot,Dry Season,Mixed,12,88.4,4.6,1,0,1,0
MKT-1965,Kajiado,Long Rains,Cattle,10,63.6,6.5,1,0,9,0
MKT-1966,Turkana,Dry Season,Mixed,10,52.4,0.5,2,0,2,0
MKT-1967,Laikipia,Short Rains,Goats,18,14.8,7.1,0,0,8,1
MKT-1968,Mandera,Dry Season,Goats,10,73.1,0.7,1,0,7,0
MKT-1969,Samburu,Short Rains,Goats,10,47.9,13.1,4,0,6,0
MKT-1970,Kajiado,Dry Season,Sheep,10,42.9,26.4,0,1,6,0
MKT-1971,Isiolo,Short Rains,Sheep,10,75.6,2.7,1,0,3,0
MKT-1972,Baringo,Long Rains,Camels,12,46.4,5.7,1,1,5,0
MKT-1973,Samburu,Long Rains,Camels,19,63.4,13.9,1,1,2,0
MKT-1974,Samburu,Long Rains,Camels,10,10.9,3.0,1,0,5,1
MKT-1975,Marsabit,Short Rains,Goats,16,19.9,1.4,5,0,3,0
MKT-1976,Turkana,Dry Season,Goats,12,19.1,10.7,2,0,9,0
MKT-1977,Laikipia,Long Rains,Goats,18,18.6,9.6,2,0,1,1
MKT-1978,Laikipia,Dry Season,Cattle,10,18.8,6.8,0,2,3,0
MKT-1979,West Pokot,Short Rains,Cattle,10,35.5,23.1,3,1,1,0
MKT-1980,Baringo,Dry Season,Goats,14,55.6,24.8,2,2,9,0
MKT-1981,Kajiado,Long Rains,Mixed,10,21.4,15.8,3,0,5,0
MKT-1982,Laikipia,Dry Season,Camels,15,47.8,2.8,0,0,7,0
MKT-1983,Samburu,Long Rains,Sheep,10,65.5,2.0,0,1,3,0
MKT-1984,Turkana,Short Rains,Camels,10,31.7,14.5,1,0,9,0
MKT-1985,Garissa,Long Rains,Mixed,16,21.4,8.4,0,1,1,1
MKT-1986,Laikipia,Dry Season,Cattle,17,45.3,4.0,0,0,10,0
MKT-1987,Isiolo,Dry Season,Goats,26,7.9,4.2,3,2,1,0
MKT-1988,Samburu,Dry Season,Cattle,10,50.0,15.4,3,1,4,0
MKT-1989,Kajiado,Short Rains,Cattle,10,47.5,1.4,1,0,6,0
MKT-1990,Wajir,Long Rains,Mixed,10,18.1,23.1,2,0,9,1
MKT-1991,Baringo,Dry Season,Cattle,10,45.1,8.0,2,0,9,0
MKT-1992,Samburu,Short Rains,Cattle,10,45.1,12.5,0,1,2,1
MKT-1993,Isiolo,Short Rains,Camels,10,32.3,3.7,2,0,5,0
MKT-1994,Samburu,Dry Season,Camels,10,47.6,7.1,1,0,5,0
MKT-1995,Mandera,Long Rains,Mixed,10,13.2,11.1,0,0,2,0
MKT-1996,Laikipia,Dry Season,Goats,10,48.7,4.6,0,2,9,0
MKT-1997,Marsabit,Long Rains,Camels,11,38.5,5.4,1,1,9,0
MKT-1998,Isiolo,Dry Season,Cattle,28,89.9,7.0,3,0,4,0
MKT-1999,Garissa,Dry Season,Sheep,10,22.3,0.5,2,0,3,0
MKT-2000,Mandera,Dry Season,Camels,25,30.5,15.9,3,2,5,0
MKT-2001,Samburu,Short Rains,Sheep,10,38.9,16.1,3,0,5,0
MKT-2002,Turkana,Short Rains,Goats,10,65.8,2.6,2,1,7,0
MKT-2003,Mandera,Dry Season,Cattle,19,4.9,17.0,0,0,8,1
MKT-2004,Garissa,Long Rains,Camels,12,38.2,10.9,3,0,5,0
MKT-2005,Narok,Dry Season,Goats,11,19.6,5.3,2,2,8,0
MKT-2006,Baringo,Long Rains,Mixed,10,60.9,3.4,2,0,1,0
MKT-2007,Narok,Short Rains,Goats,15,25.5,4.1,1,0,9,1
MKT-2008,Narok,Long Rains,Mixed,10,18.2,6.1,1,0,3,1
MKT-2009,Marsabit,Short Rains,Mixed,10,15.2,4.3,2,2,7,0
MKT-2010,Laikipia,Dry Season,Camels,10,31.6,4.4,1,0,2,0
MKT-2011,Marsabit,Dry Season,Sheep,11,13.7,1.8,0,1,2,0
MKT-2012,Mandera,Short Rains,Mixed,15,17.4,9.8,2,0,5,1
MKT-2013,Wajir,Long Rains,Cattle,10,24.0,7.5,2,0,7,0
MKT-2014,Mandera,Dry Season,Camels,10,55.1,38.5,1,1,9,0
MKT-2015,Baringo,Dry Season,Mixed,18,57.4,1.2,0,0,3,0
MKT-2016,West Pokot,Long Rains,Camels,10,41.7,1.0,2,0,3,0
MKT-2017,Laikipia,Long Rains,Cattle,10,68.5,5.8,4,0,4,0
MKT-2018,Kajiado,Dry Season,Camels,10,41.5,1.3,1,0,8,0
MKT-2019,Wajir,Long Rains,Camels,13,16.6,7.5,0,1,2,1
MKT-2020,Laikipia,Dry Season,Mixed,10,79.2,1.7,1,0,6,0
MKT-2021,Kajiado,Dry Season,Goats,24,39.1,5.3,1,1,8,1
MKT-2022,Narok,Dry Season,Camels,10,63.5,7.6,4,0,9,0
MKT-2023,Samburu,Dry Season,Mixed,10,46.2,4.9,2,0,2,0
MKT-2024,West Pokot,Dry Season,Cattle,15,45.5,3.1,0,1,7,0
MKT-2025,Turkana,Short Rains,Cattle,10,29.3,12.2,3,1,3,0
MKT-2026,Laikipia,Short Rains,Goats,13,75.8,15.4,0,1,3,0
MKT-2027,Samburu,Short Rains,Cattle,11,60.8,2.6,1,0,5,1
MKT-2028,Samburu,Short Rains,Mixed,10,8.5,13.4,3,2,10,0
MKT-2029,Kajiado,Short Rains,Goats,14,36.3,4.0,1,0,8,0
MKT-2030,Garissa,Long Rains,Mixed,18,61.5,5.3,1,0,5,0
MKT-2031,Wajir,Short Rains,Goats,20,24.4,2.1,1,0,8,1
MKT-2032,Marsabit,Long Rains,Goats,10,38.5,7.9,0,1,4,0
MKT-2033,Laikipia,Dry Season,Mixed,11,43.4,0.9,2,0,7,0
MKT-2034,Wajir,Dry Season,Goats,12,17.1,7.2,1,0,5,1
MKT-2035,Baringo,Dry Season,Mixed,22,31.9,36.6,3,0,10,0
MKT-2036,Turkana,Short Rains,Cattle,21,58.1,11.2,0,0,3,0
MKT-2037,Isiolo,Long Rains,Cattle,10,76.2,18.0,2,0,5,0
MKT-2038,Garissa,Long Rains,Camels,10,45.4,5.0,0,0,9,1
MKT-2039,Baringo,Long Rains,Sheep,10,45.5,1.2,0,1,7,0
MKT-2040,Marsabit,Long Rains,Sheep,10,11.2,2.7,2,0,8,0
MKT-2041,Kajiado,Short Rains,Cattle,10,21.3,0.5,3,2,9,0
MKT-2042,Baringo,Short Rains,Camels,10,24.7,5.6,1,0,1,0
MKT-2043,West Pokot,Dry Season,Sheep,10,57.2,8.4,2,0,7,0
MKT-2044,Laikipia,Dry Season,Mixed,16,90.1,4.4,2,1,10,0
MKT-2045,Garissa,Long Rains,Mixed,10,92.9,6.6,1,1,8,1
MKT-2046,Wajir,Short Rains,Goats,10,41.7,3.1,2,1,8,0
MKT-2047,West Pokot,Long Rains,Sheep,15,20.0,0.7,1,0,9,0
MKT-2048,West Pokot,Short Rains,Mixed,11,27.0,4.5,3,0,6,0
MKT-2049,West Pokot,Dry Season,Sheep,10,66.5,6.3,2,1,7,1
MKT-2050,Laikipia,Dry Season,Goats,19,42.0,32.4,0,3,8,0
MKT-2051,Garissa,Short Rains,Cattle,10,17.2,3.4,2,1,9,0
MKT-2052,West Pokot,Short Rains,Camels,21,71.0,9.1,0,1,2,0
MKT-2053,Kajiado,Long Rains,Goats,23,4.4,13.8,2,1,4,1
MKT-2054,Narok,Short Rains,Goats,23,21.0,3.3,2,0,4,0
MKT-2055,Narok,Dry Season,Goats,17,43.6,21.3,1,1,4,1
MKT-2056,Isiolo,Dry Season,Camels,10,35.7,3.3,0,0,1,0
MKT-2057,Marsabit,Short Rains,Mixed,19,37.4,28.0,4,0,2,0
MKT-2058,Mandera,Short Rains,Sheep,10,50.4,0.5,0,0,9,0
MKT-2059,West Pokot,Dry Season,Cattle,10,15.5,8.0,1,0,8,0
MKT-2060,Turkana,Long Rains,Cattle,10,54.9,12.5,2,1,10,1
MKT-2061,West Pokot,Long Rains,Camels,10,68.1,2.6,5,0,1,1
MKT-2062,Baringo,Short Rains,Cattle,10,36.7,1.0,2,0,8,0
MKT-2063,Kajiado,Short Rains,Camels,10,55.6,0.5,1,0,10,0
MKT-2064,Narok,Dry Season,Camels,10,61.0,0.6,3,1,3,0
MKT-2065,Kajiado,Long Rains,Sheep,14,5.5,6.3,1,1,4,0
MKT-2066,Wajir,Short Rains,Sheep,10,65.6,14.6,0,1,8,0
MKT-2067,Wajir,Short Rains,Camels,10,45.3,0.5,1,4,8,0
MKT-2068,Kajiado,Long Rains,Sheep,13,43.5,1.0,3,1,3,0
MKT-2069,Kajiado,Dry Season,Mixed,10,22.3,0.5,2,0,4,1
MKT-2070,Marsabit,Short Rains,Goats,14,14.9,2.7,0,0,3,0
MKT-2071,Marsabit,Dry Season,Cattle,12,85.2,20.3,2,1,8,0
MKT-2072,Kajiado,Short Rains,Cattle,11,31.7,2.6,2,0,8,0
MKT-2073,Wajir,Long Rains,Cattle,17,12.0,4.7,2,1,8,1
MKT-2074,Marsabit,Dry Season,Cattle,11,49.4,1.6,1,0,1,0
MKT-2075,Turkana,Dry Season,Mixed,14,29.8,1.0,2,0,5,1
MKT-2076,Baringo,Short Rains,Mixed,10,36.2,1.6,1,1,1,0
MKT-2077,Samburu,Short Rains,Goats,23,38.6,1.9,3,0,9,0
MKT-2078,Narok,Short Rains,Camels,10,29.4,1.1,1,0,7,1
MKT-2079,Marsabit,Dry Season,Sheep,10,39.2,12.5,0,0,1,0
MKT-2080,Marsabit,Short Rains,Goats,10,16.8,5.2,0,0,9,0
MKT-2081,Isiolo,Short Rains,Cattle,16,46.9,6.2,3,1,6,0
MKT-2082,Garissa,Short Rains,Sheep,10,19.2,3.8,3,1,9,0
MKT-2083,Baringo,Long Rains,Goats,10,22.0,1.9,5,0,7,1
MKT-2084,West Pokot,Dry Season,Cattle,10,22.8,0.8,2,2,7,1
MKT-2085,Mandera,Short Rains,Goats,10,18.8,0.6,1,0,7,0
MKT-2086,Isiolo,Long Rains,Cattle,10,57.2,1.6,0,0,8,0
MKT-2087,Narok,Short Rains,Cattle,10,55.7,15.2,2,1,1,0
MKT-2088,Mandera,Long Rains,Mixed,10,25.2,2.0,4,1,10,1
MKT-2089,Narok,Short Rains,Cattle,16,38.1,3.5,1,0,4,1
MKT-2090,Laikipia,Short Rains,Goats,10,37.4,6.8,1,0,7,0
MKT-2091,West Pokot,Long Rains,Sheep,10,48.1,5.7,3,1,9,0
MKT-2092,Marsabit,Dry Season,Mixed,14,32.9,8.8,2,2,2,1
MKT-2093,Narok,Dry Season,Sheep,10,39.3,1.7,2,0,6,1
MKT-2094,Samburu,Long Rains,Camels,16,34.4,5.9,1,1,2,1
MKT-2095,Wajir,Short Rains,Sheep,17,40.2,11.7,1,0,4,0
MKT-2096,Laikipia,Short Rains,Camels,17,17.4,3.9,3,1,7,0
MKT-2097,West Pokot,Long Rains,Camels,10,49.5,28.6,1,0,2,0
MKT-2098,Garissa,Dry Season,Mixed,10,11.9,6.9,1,0,9,1
MKT-2099,Isiolo,Dry Season,Sheep,10,32.4,9.0,1,1,6,0
MKT-2100,West Pokot,Long Rains,Cattle,10,58.3,4.9,0,1,8,1
MKT-2101,Baringo,Long Rains,Mixed,10,52.3,15.6,2,0,9,0
MKT-2102,Laikipia,Dry Season,Mixed,11,22.9,4.8,2,2,9,1
MKT-2103,Kajiado,Long Rains,Cattle,21,13.5,22.8,1,0,3,0
MKT-2104,Kajiado,Long Rains,Sheep,10,35.1,2.9,3,1,9,0
MKT-2105,Mandera,Short Rains,Mixed,10,70.1,16.1,1,0,4,0
MKT-2106,Baringo,Short Rains,Camels,16,9.4,8.2,1,2,8,1
MKT-2107,Isiolo,Short Rains,Cattle,10,28.9,12.8,2,0,6,0
MKT-2108,Turkana,Long Rains,Goats,10,19.5,0.5,3,0,1,0
MKT-2109,Kajiado,Long Rains,Mixed,17,56.1,2.6,2,0,8,0
MKT-2110,Baringo,Dry Season,Camels,10,39.9,15.0,0,1,4,0
MKT-2111,Mandera,Dry Season,Sheep,10,35.7,3.1,2,0,10,1
MKT-2112,Laikipia,Dry Season,Sheep,10,52.4,10.0,2,1,1,0
MKT-2113,Marsabit,Short Rains,Cattle,11,78.1,38.8,0,0,4,0
MKT-2114,Narok,Long Rains,Camels,10,32.7,1.6,0,1,3,1
MKT-2115,Baringo,Long Rains,Cattle,13,16.3,4.3,2,1,2,1
MKT-2116,Laikipia,Dry Season,Mixed,10,33.8,1.4,0,0,10,0
MKT-2117,Narok,Short Rains,Cattle,10,73.3,1.3,2,0,8,0
MKT-2118,Baringo,Short Rains,Goats,10,17.7,8.0,1,2,10,0
MKT-2119,Turkana,Long Rains,Cattle,10,31.9,1.7,1,1,6,0
MKT-2120,Isiolo,Dry Season,Cattle,11,22.6,5.3,0,0,8,1
MKT-2121,Isiolo,Dry Season,Mixed,10,12.1,30.5,2,0,8,0
MKT-2122,Baringo,Long Rains,Camels,10,14.8,3.2,1,1,5,1
MKT-2123,Isiolo,Dry Season,Goats,16,44.7,16.5,2,1,2,1
MKT-2124,Laikipia,Short Rains,Cattle,10,34.1,4.0,3,0,5,0
MKT-2125,Turkana,Long Rains,Mixed,10,49.5,2.4,0,1,6,0
MKT-2126,Isiolo,Dry Season,Mixed,10,51.3,3.3,0,0,8,0
MKT-2127,Marsabit,Short Rains,Mixed,13,19.6,1.1,2,0,10,1
MKT-2128,Baringo,Short Rains,Camels,10,52.7,9.1,3,1,2,0
MKT-2129,Turkana,Dry Season,Cattle,10,50.1,5.7,0,0,7,0
MKT-2130,Samburu,Long Rains,Sheep,10,67.7,7.6,0,0,9,0
MKT-2131,Marsabit,Dry Season,Goats,12,78.2,2.9,1,1,10,0
MKT-2132,Turkana,Short Rains,Sheep,10,5.0,8.5,0,0,9,1
MKT-2133,Baringo,Long Rains,Camels,10,62.2,1.4,1,0,10,0
MKT-2134,Kajiado,Long Rains,Cattle,10,62.1,8.5,3,0,4,0
MKT-2135,Turkana,Dry Season,Sheep,11,29.2,0.7,4,0,10,1
MKT-2136,Laikipia,Short Rains,Sheep,22,38.8,4.1,2,1,6,1
MKT-2137,West Pokot,Long Rains,Sheep,20,32.0,7.5,0,0,6,1
MKT-2138,Mandera,Short Rains,Goats,10,3.5,15.5,1,2,7,1
MKT-2139,Wajir,Dry Season,Cattle,10,45.0,13.4,2,1,10,0
MKT-2140,Laikipia,Short Rains,Mixed,17,32.9,6.0,0,2,7,1
MKT-2141,Samburu,Short Rains,Cattle,10,22.8,17.2,0,0,10,1
MKT-2142,Wajir,Long Rains,Sheep,18,29.6,5.6,0,1,2,1
MKT-2143,Garissa,Long Rains,Cattle,12,33.3,5.8,1,0,5,1
MKT-2144,Isiolo,Short Rains,Mixed,10,48.0,10.2,2,1,1,0
MKT-2145,Narok,Short Rains,Goats,17,64.4,16.8,1,0,2,0
MKT-2146,Kajiado,Dry Season,Cattle,10,73.1,7.4,1,1,6,0
MKT-2147,Wajir,Short Rains,Cattle,16,24.2,23.1,3,1,5,0
MKT-2148,West Pokot,Short Rains,Goats,18,23.3,2.1,2,2,8,1
MKT-2149,Baringo,Short Rains,Goats,11,40.1,20.6,2,1,1,0
MKT-2150,West Pokot,Dry Season,Sheep,10,44.3,2.0,3,0,9,0
MKT-2151,Kajiado,Short Rains,Sheep,13,42.1,6.0,4,0,4,0
MKT-2152,Laikipia,Dry Season,Goats,13,46.8,12.7,1,0,1,0
MKT-2153,Marsabit,Dry Season,Mixed,14,47.6,12.9,1,1,5,1
MKT-2154,Kajiado,Long Rains,Sheep,17,6.7,2.6,2,0,10,0
MKT-2155,Kajiado,Short Rains,Mixed,10,37.2,34.1,1,1,9,1
MKT-2156,Garissa,Dry Season,Goats,12,13.1,0.7,0,0,7,0
MKT-2157,West Pokot,Dry Season,Cattle,15,24.2,0.5,1,0,3,0
MKT-2158,West Pokot,Dry Season,Goats,20,27.3,14.7,0,0,8,1
MKT-2159,Narok,Dry Season,Goats,12,7.0,13.7,1,0,2,0
MKT-2160,Garissa,Short Rains,Camels,10,33.2,10.0,2,1,4,1
MKT-2161,Kajiado,Dry Season,Goats,11,47.6,15.2,1,0,7,0
MKT-2162,Garissa,Short Rains,Sheep,10,39.4,1.2,0,0,4,0
MKT-2163,Narok,Long Rains,Cattle,10,20.9,0.8,2,0,9,1
MKT-2164,Isiolo,Long Rains,Mixed,10,49.5,27.9,4,0,3,0
MKT-2165,Marsabit,Short Rains,Camels,14,66.6,7.8,1,1,1,0
MKT-2166,Laikipia,Short Rains,Sheep,10,56.8,20.2,0,2,10,0
MKT-2167,Mandera,Short Rains,Cattle,18,29.1,19.0,2,2,2,0
MKT-2168,Kajiado,Long Rains,Mixed,10,42.5,8.5,1,0,9,0
MKT-2169,Kajiado,Dry Season,Cattle,13,51.7,7.9,4,0,5,0
MKT-2170,Mandera,Long Rains,Sheep,10,30.0,3.6,3,0,5,1
MKT-2171,Samburu,Dry Season,Cattle,10,40.5,1.3,2,0,5,0
MKT-2172,Narok,Short Rains,Goats,10,64.5,9.3,1,0,10,0
MKT-2173,West Pokot,Short Rains,Cattle,14,40.4,13.6,2,0,1,0
MKT-2174,Mandera,Short Rains,Goats,11,59.3,6.3,1,0,3,0
MKT-2175,Mandera,Long Rains,Sheep,22,25.0,0.5,3,0,3,0
MKT-2176,Isiolo,Long Rains,Camels,11,34.5,1.3,0,0,2,1
MKT-2177,West Pokot,Dry Season,Goats,36,45.6,0.9,0,0,7,0
MKT-2178,Marsabit,Long Rains,Cattle,15,46.8,8.6,0,0,5,1
MKT-2179,Kajiado,Long Rains,Cattle,15,48.8,6.7,1,0,1,0
MKT-2180,Mandera,Short Rains,Cattle,10,17.8,5.0,0,0,1,0
MKT-2181,Turkana,Short Rains,Sheep,10,60.8,6.3,4,0,4,0
MKT-2182,Marsabit,Short Rains,Mixed,10,12.8,2.6,3,0,8,1
MKT-2183,Marsabit,Dry Season,Cattle,10,34.6,13.1,3,0,9,0
MKT-2184,Turkana,Long Rains,Cattle,15,60.4,3.2,2,0,3,0
MKT-2185,Isiolo,Short Rains,Goats,10,81.9,8.3,0,0,8,0
MKT-2186,Wajir,Long Rains,Camels,10,39.9,4.0,2,0,8,1
MKT-2187,Garissa,Long Rains,Cattle,18,39.4,0.6,3,0,7,0
MKT-2188,West Pokot,Short Rains,Sheep,19,17.2,2.4,4,1,1,0
MKT-2189,Marsabit,Long Rains,Mixed,11,46.2,26.8,3,0,7,0
MKT-2190,Narok,Dry Season,Mixed,14,58.5,1.7,3,0,4,0
MKT-2191,Baringo,Short Rains,Mixed,22,93.8,0.9,1,2,1,0
MKT-2192,Narok,Dry Season,Sheep,10,25.1,2.8,1,0,8,0
MKT-2193,Kajiado,Short Rains,Mixed,18,74.0,16.8,1,1,3,0
MKT-2194,Laikipia,Dry Season,Mixed,10,21.5,2.9,2,0,10,0
MKT-2195,Marsabit,Dry Season,Goats,15,42.1,4.3,0,0,4,0
MKT-2196,Mandera,Long Rains,Mixed,10,17.7,3.0,4,0,1,1
MKT-2197,Samburu,Short Rains,Goats,23,48.8,36.1,3,1,8,0
MKT-2198,Garissa,Long Rains,Goats,23,63.4,50.0,1,1,8,0
MKT-2199,Wajir,Short Rains,Goats,11,25.5,5.3,1,1,7,1
MKT-2200,Baringo,Short Rains,Sheep,13,62.1,12.3,1,1,3,1
MKT-2201,Baringo,Dry Season,Cattle,19,55.8,2.0,1,1,2,1
MKT-2202,Garissa,Short Rains,Camels,12,30.7,3.8,2,1,4,0
MKT-2203,Narok,Short Rains,Mixed,10,19.0,9.1,2,0,2,0
MKT-2204,Samburu,Dry Season,Camels,10,54.2,2.7,2,1,1,0
MKT-2205,Wajir,Dry Season,Cattle,23,71.1,2.0,0,0,9,0
MKT-2206,Baringo,Short Rains,Goats,18,5.7,20.4,0,0,5,0
MKT-2207,Marsabit,Dry Season,Goats,14,31.1,2.2,1,0,3,1
MKT-2208,Garissa,Dry Season,Goats,10,42.4,0.5,3,1,3,0
MKT-2209,Isiolo,Short Rains,Goats,23,32.3,11.1,0,1,9,0
MKT-2210,Kajiado,Long Rains,Mixed,20,73.7,2.2,2,0,1,0
MKT-2211,Marsabit,Dry Season,Cattle,10,37.2,4.8,4,0,1,0
MKT-2212,Isiolo,Dry Season,Cattle,10,70.8,0.9,0,0,3,1
MKT-2213,Baringo,Short Rains,Cattle,17,18.2,0.6,0,0,5,0
MKT-2214,Narok,Short Rains,Camels,11,43.1,4.9,0,1,1,0
MKT-2215,Marsabit,Dry Season,Goats,19,36.9,3.3,0,0,5,0
MKT-2216,Mandera,Dry Season,Sheep,10,5.4,5.6,0,1,5,1
MKT-2217,Isiolo,Dry Season,Cattle,19,35.2,27.0,0,1,6,1
MKT-2218,West Pokot,Dry Season,Camels,12,41.3,4.2,3,1,8,0
MKT-2219,Mandera,Long Rains,Mixed,10,61.1,7.4,2,0,1,0
MKT-2220,Wajir,Dry Season,Goats,25,52.7,0.8,1,2,9,1
MKT-2221,Laikipia,Dry Season,Camels,10,9.2,17.4,1,1,9,1
MKT-2222,Garissa,Dry Season,Sheep,10,81.4,13.1,0,1,1,0
MKT-2223,West Pokot,Short Rains,Sheep,12,61.2,5.9,1,0,6,0
MKT-2224,Kajiado,Dry Season,Mixed,10,27.7,1.6,1,0,10,1
MKT-2225,Samburu,Short Rains,Cattle,10,25.5,4.4,0,0,6,0
MKT-2226,Laikipia,Short Rains,Cattle,10,52.4,2.8,1,1,8,0
MKT-2227,Kajiado,Long Rains,Camels,12,63.8,41.6,0,0,8,0
MKT-2228,Garissa,Long Rains,Camels,10,42.4,5.4,2,0,2,1
MKT-2229,Isiolo,Short Rains,Cattle,14,25.4,4.4,0,0,9,0
MKT-2230,Garissa,Dry Season,Cattle,10,8.6,1.5,3,1,10,1
MKT-2231,Marsabit,Dry Season,Camels,15,35.1,2.2,3,1,1,1
MKT-2232,Garissa,Dry Season,Goats,17,22.9,9.9,2,0,5,0
MKT-2233,Garissa,Dry Season,Sheep,10,6.0,6.1,0,1,10,0
MKT-2234,West Pokot,Long Rains,Sheep,10,71.6,3.5,2,0,2,0
MKT-2235,Wajir,Short Rains,Mixed,11,52.4,2.8,0,0,10,0
MKT-2236,Turkana,Short Rains,Sheep,13,39.8,1.8,0,0,1,1
MKT-2237,Marsabit,Long Rains,Camels,10,26.2,0.5,1,0,7,0
MKT-2238,Narok,Long Rains,Goats,10,67.8,30.2,4,0,9,0
MKT-2239,Narok,Long Rains,Camels,10,10.2,11.2,1,0,2,1
MKT-2240,Narok,Long Rains,Cattle,10,17.1,21.0,0,0,8,0
MKT-2241,Wajir,Short Rains,Cattle,16,66.2,4.3,1,0,5,1
MKT-2242,Narok,Long Rains,Sheep,10,15.5,16.3,2,0,6,0
MKT-2243,Baringo,Short Rains,Goats,10,22.6,2.4,3,0,10,1
MKT-2244,Garissa,Dry Season,Mixed,11,6.1,5.7,1,1,7,0
MKT-2245,Garissa,Short Rains,Camels,12,62.3,1.8,0,2,4,0
MKT-2246,Kajiado,Long Rains,Mixed,10,29.0,11.8,2,0,3,0
MKT-2247,Wajir,Short Rains,Mixed,12,65.4,5.5,1,1,2,1
MKT-2248,Samburu,Dry Season,Mixed,12,43.5,6.1,1,0,1,0
MKT-2249,Laikipia,Long Rains,Mixed,13,60.7,15.7,0,1,4,0
MKT-2250,Turkana,Short Rains,Camels,10,36.4,10.8,2,0,6,1
MKT-2251,Narok,Long Rains,Cattle,10,23.6,27.1,2,1,3,0
MKT-2252,Garissa,Dry Season,Camels,10,25.7,4.2,2,0,3,0
MKT-2253,Narok,Dry Season,Cattle,10,47.3,5.0,2,2,10,0
MKT-2254,Marsabit,Short Rains,Cattle,15,38.4,7.6,1,0,8,0
MKT-2255,West Pokot,Dry Season,Camels,10,14.1,4.8,3,0,5,0
MKT-2256,West Pokot,Short Rains,Camels,10,56.6,4.4,1,1,2,0
MKT-2257,Garissa,Short Rains,Camels,10,36.3,3.3,1,3,10,0
MKT-2258,Marsabit,Long Rains,Cattle,10,7.3,14.3,1,1,9,0
MKT-2259,Wajir,Short Rains,Camels,15,5.9,6.1,2,0,1,0
MKT-2260,Laikipia,Dry Season,Goats,15,51.0,7.5,0,0,6,0
MKT-2261,Laikipia,Dry Season,Sheep,10,17.5,1.8,0,1,5,1
MKT-2262,Narok,Short Rains,Sheep,11,49.8,2.3,4,2,3,0
MKT-2263,Samburu,Short Rains,Goats,17,58.8,3.3,1,0,1,0
MKT-2264,Kajiado,Long Rains,Sheep,14,31.4,5.0,1,1,1,1
MKT-2265,Samburu,Long Rains,Cattle,22,66.2,0.5,2,0,5,0
MKT-2266,Wajir,Dry Season,Camels,18,50.0,17.5,1,1,7,0
MKT-2267,Samburu,Dry Season,Camels,10,11.6,18.7,0,1,8,1
MKT-2268,Kajiado,Long Rains,Camels,10,26.6,8.7,1,0,3,0
MKT-2269,Wajir,Short Rains,Goats,15,27.4,3.0,0,1,7,0
MKT-2270,Kajiado,Dry Season,Goats,10,50.8,3.9,2,1,8,0
MKT-2271,Garissa,Short Rains,Cattle,10,55.1,10.6,1,1,3,0
MKT-2272,Garissa,Dry Season,Goats,12,43.9,2.7,0,0,10,0
MKT-2273,Laikipia,Short Rains,Camels,17,24.5,7.5,1,1,8,1
MKT-2274,Garissa,Long Rains,Cattle,14,49.8,18.9,0,0,5,0
MKT-2275,Samburu,Short Rains,Cattle,12,55.1,4.2,0,1,5,0
MKT-2276,Narok,Long Rains,Camels,10,21.2,7.1,1,0,8,1
MKT-2277,Turkana,Long Rains,Mixed,10,40.3,21.1,1,0,6,0
MKT-2278,Laikipia,Dry Season,Camels,22,45.1,3.3,1,0,6,0
MKT-2279,Wajir,Dry Season,Cattle,16,35.9,11.4,1,0,6,0
MKT-2280,West Pokot,Long Rains,Mixed,21,65.1,11.3,1,1,10,0
MKT-2281,Laikipia,Short Rains,Camels,10,60.6,21.1,1,0,1,0
MKT-2282,Marsabit,Dry Season,Camels,14,39.5,15.6,4,1,1,1
MKT-2283,Laikipia,Dry Season,Mixed,10,60.3,11.1,1,1,3,0
MKT-2284,Garissa,Short Rains,Mixed,16,22.4,8.1,0,1,2,0
MKT-2285,Wajir,Dry Season,Sheep,13,35.8,2.2,2,2,9,0
MKT-2286,Narok,Dry Season,Mixed,14,19.1,8.9,3,0,2,0
MKT-2287,Marsabit,Long Rains,Goats,10,28.6,2.6,0,1,4,1
MKT-2288,Marsabit,Short Rains,Mixed,16,54.1,4.6,1,0,7,0
MKT-2289,Marsabit,Long Rains,Cattle,11,32.7,9.9,4,0,10,0
MKT-2290,Narok,Long Rains,Mixed,18,28.4,9.0,3,0,7,0
MKT-2291,West Pokot,Dry Season,Camels,10,36.2,4.1,1,0,6,1
MKT-2292,Isiolo,Long Rains,Goats,21,44.8,1.6,1,0,5,0
MKT-2293,Wajir,Dry Season,Mixed,21,30.8,5.3,0,0,6,1
MKT-2294,Marsabit,Long Rains,Goats,15,13.2,2.5,2,2,3,1
MKT-2295,Mandera,Short Rains,Sheep,18,44.8,2.4,1,0,7,0
MKT-2296,Laikipia,Dry Season,Goats,17,86.6,3.2,1,4,6,0
MKT-2297,Mandera,Long Rains,Camels,10,22.1,9.8,2,0,4,1
MKT-2298,Marsabit,Short Rains,Sheep,25,21.1,5.5,3,2,2,0
MKT-2299,Garissa,Long Rains,Mixed,15,23.7,3.7,1,1,1,1
MKT-2300,Samburu,Short Rains,Goats,15,53.4,18.5,0,0,9,0
MKT-2301,Marsabit,Dry Season,Sheep,10,46.7,9.8,2,0,8,0
MKT-2302,Laikipia,Long Rains,Mixed,16,40.6,5.5,1,0,4,0
MKT-2303,Garissa,Dry Season,Mixed,10,53.8,4.4,0,0,10,0
MKT-2304,Samburu,Short Rains,Goats,10,64.4,13.7,2,0,1,0
MKT-2305,Kajiado,Dry Season,Goats,10,19.1,1.5,1,1,4,1
MKT-2306,Wajir,Long Rains,Sheep,19,46.6,8.7,1,1,5,0
MKT-2307,Laikipia,Long Rains,Goats,10,19.5,0.5,1,1,1,0
MKT-2308,Garissa,Dry Season,Mixed,18,33.0,0.5,1,0,9,0
MKT-2309,Laikipia,Long Rains,Camels,15,51.7,21.5,0,0,7,0
MKT-2310,Laikipia,Dry Season,Sheep,12,72.5,5.8,2,0,7,0
MKT-2311,Isiolo,Short Rains,Camels,10,56.9,3.0,4,0,1,0
MKT-2312,Mandera,Long Rains,Camels,18,35.2,12.7,0,1,9,0
MKT-2313,Marsabit,Dry Season,Mixed,10,0.7,33.5,1,2,10,1
MKT-2314,Garissa,Dry Season,Camels,10,63.7,0.5,1,1,8,1
MKT-2315,West Pokot,Long Rains,Cattle,10,29.5,0.5,3,0,6,1
MKT-2316,Narok,Dry Season,Sheep,13,35.9,15.4,3,1,4,0
MKT-2317,Marsabit,Long Rains,Mixed,10,49.3,6.5,1,1,6,1
MKT-2318,Baringo,Long Rains,Goats,19,22.3,17.1,0,0,4,0
MKT-2319,Marsabit,Long Rains,Mixed,10,57.7,9.5,0,1,2,1
MKT-2320,Narok,Long Rains,Goats,10,48.2,5.1,3,0,9,0
MKT-2321,Narok,Long Rains,Mixed,10,39.6,1.4,2,0,10,0
MKT-2322,Kajiado,Long Rains,Cattle,10,58.4,4.0,1,1,2,1
MKT-2323,Laikipia,Dry Season,Sheep,18,16.3,12.4,2,1,7,1
MKT-2324,Mandera,Short Rains,Camels,13,8.3,2.1,1,1,3,0
MKT-2325,Turkana,Short Rains,Mixed,10,28.7,10.0,5,0,4,0
MKT-2326,Marsabit,Short Rains,Sheep,14,66.5,2.3,4,1,3,0
MKT-2327,Kajiado,Long Rains,Sheep,10,63.1,5.0,1,0,3,0
MKT-2328,Samburu,Long Rains,Sheep,10,58.2,0.7,0,0,6,0
MKT-2329,Garissa,Short Rains,Sheep,10,58.9,4.9,2,0,6,0
MKT-2330,Baringo,Long Rains,Sheep,10,29.1,7.6,1,0,2,1
MKT-2331,Isiolo,Long Rains,Camels,10,19.4,6.6,2,1,1,1
MKT-2332,Garissa,Dry Season,Camels,21,39.1,4.2,0,1,6,0
MKT-2333,Isiolo,Dry Season,Mixed,10,59.5,3.7,4,2,1,0
MKT-2334,Kajiado,Long Rains,Goats,16,15.7,2.6,2,1,6,1
MKT-2335,Marsabit,Short Rains,Mixed,18,20.1,11.7,4,2,10,0
MKT-2336,Laikipia,Short Rains,Sheep,14,10.3,12.2,4,0,6,0
MKT-2337,West Pokot,Dry Season,Goats,10,24.8,5.3,0,0,1,0
MKT-2338,West Pokot,Dry Season,Mixed,22,32.0,3.9,2,0,5,0
MKT-2339,Marsabit,Short Rains,Goats,10,16.7,8.1,2,0,4,0
MKT-2340,Marsabit,Short Rains,Camels,20,37.7,6.5,1,0,6,0
MKT-2341,West Pokot,Dry Season,Sheep,15,39.9,8.8,0,1,8,1
MKT-2342,Garissa,Long Rains,Goats,10,85.5,2.9,3,0,1,0
MKT-2343,Narok,Long Rains,Cattle,10,57.4,12.4,4,0,2,0
MKT-2344,Narok,Short Rains,Sheep,11,55.9,3.0,2,0,2,0
MKT-2345,Narok,Long Rains,Camels,11,32.7,4.3,3,1,9,0
MKT-2346,Narok,Dry Season,Camels,20,42.9,1.1,3,0,6,0
MKT-2347,Kajiado,Dry Season,Mixed,10,18.8,15.5,5,1,10,1
MKT-2348,Mandera,Dry Season,Cattle,10,47.7,8.3,1,0,9,0
MKT-2349,West Pokot,Long Rains,Goats,10,25.6,2.1,2,0,4,0
MKT-2350,Kajiado,Dry Season,Mixed,10,46.1,15.3,3,0,9,0
MKT-2351,Wajir,Long Rains,Camels,10,17.0,9.8,2,1,9,1
MKT-2352,Narok,Short Rains,Goats,25,37.7,4.7,4,0,1,0
MKT-2353,Marsabit,Dry Season,Camels,10,20.2,36.7,1,0,9,1
MKT-2354,Wajir,Long Rains,Camels,10,13.5,3.3,2,1,5,0
MKT-2355,Kajiado,Long Rains,Cattle,23,62.9,0.8,2,0,10,0
MKT-2356,Baringo,Dry Season,Sheep,14,13.8,10.6,2,1,10,1
MKT-2357,Laikipia,Dry Season,Goats,10,69.8,11.3,1,0,7,0
MKT-2358,Turkana,Long Rains,Cattle,13,68.6,0.5,1,1,5,1
MKT-2359,Samburu,Short Rains,Camels,16,21.3,13.7,3,1,2,0
MKT-2360,Baringo,Long Rains,Camels,10,37.5,12.0,0,1,5,0
MKT-2361,Isiolo,Dry Season,Cattle,11,50.7,21.2,4,1,1,0
MKT-2362,Turkana,Short Rains,Goats,11,39.2,1.0,4,1,1,1
MKT-2363,Kajiado,Dry Season,Camels,15,17.7,7.3,2,0,2,0
MKT-2364,Isiolo,Short Rains,Goats,16,25.0,2.0,0,0,4,1
MKT-2365,Narok,Long Rains,Cattle,16,8.9,4.1,1,2,10,1
MKT-2366,Samburu,Long Rains,Camels,10,35.5,2.5,2,0,9,0
MKT-2367,Marsabit,Short Rains,Mixed,10,17.8,4.8,2,1,6,1
MKT-2368,Garissa,Dry Season,Mixed,10,16.0,1.0,2,0,9,0
MKT-2369,West Pokot,Long Rains,Camels,26,63.2,2.9,1,0,5,1
MKT-2370,Marsabit,Short Rains,Sheep,19,72.2,0.6,1,1,9,0
MKT-2371,Samburu,Long Rains,Camels,10,28.0,5.4,3,0,1,0
MKT-2372,Garissa,Dry Season,Camels,23,48.5,2.8,3,1,1,0
MKT-2373,West Pokot,Short Rains,Camels,15,13.6,7.1,1,1,6,1
MKT-2374,Turkana,Dry Season,Cattle,10,29.0,4.9,1,0,2,0
MKT-2375,Laikipia,Short Rains,Camels,10,24.1,2.2,0,0,7,1
MKT-2376,Wajir,Short Rains,Camels,10,47.9,0.9,0,0,9,0
MKT-2377,Isiolo,Short Rains,Cattle,23,50.9,11.2,1,3,7,0
MKT-2378,Baringo,Short Rains,Camels,14,33.0,8.0,2,0,9,1
MKT-2379,Garissa,Long Rains,Mixed,10,21.2,0.5,3,0,4,0
MKT-2380,Mandera,Dry Season,Mixed,16,24.5,36.3,2,1,7,1
MKT-2381,Baringo,Short Rains,Camels,11,43.1,8.2,0,1,10,1
MKT-2382,Marsabit,Short Rains,Cattle,10,10.3,1.9,0,0,1,1
MKT-2383,Kajiado,Short Rains,Camels,12,43.0,14.7,2,2,10,0
MKT-2384,Isiolo,Long Rains,Camels,10,11.7,17.1,2,4,6,0
MKT-2385,Turkana,Dry Season,Goats,10,72.7,6.8,0,0,9,0
MKT-2386,Baringo,Dry Season,Sheep,14,29.7,17.3,2,1,6,1
MKT-2387,Baringo,Short Rains,Cattle,11,28.4,0.5,1,1,7,0
MKT-2388,West Pokot,Dry Season,Sheep,10,55.8,23.2,1,0,10,0
MKT-2389,Samburu,Long Rains,Goats,15,66.5,0.5,2,0,1,1
MKT-2390,Garissa,Long Rains,Sheep,11,11.8,8.2,2,0,4,0
MKT-2391,Baringo,Long Rains,Camels,10,19.6,3.4,2,0,7,1
MKT-2392,Kajiado,Dry Season,Mixed,13,26.3,0.5,0,0,6,0
MKT-2393,Garissa,Long Rains,Cattle,12,10.2,21.2,3,2,9,0
MKT-2394,West Pokot,Short Rains,Cattle,31,31.8,1.2,2,0,4,0
MKT-2395,Marsabit,Long Rains,Camels,10,2.3,15.4,1,2,3,0
MKT-2396,Wajir,Long Rains,Sheep,34,66.5,3.2,5,1,1,1
MKT-2397,Narok,Short Rains,Cattle,19,35.0,10.8,1,1,8,1
MKT-2398,Laikipia,Long Rains,Goats,10,27.7,2.3,0,1,1,1
MKT-2399,Laikipia,Dry Season,Goats,10,15.1,7.0,2,0,5,0
MKT-2400,Mandera,Long Rains,Sheep,11,25.9,12.9,1,0,2,1
MKT-2401,West Pokot,Long Rains,Goats,10,47.4,6.7,0,1,6,1
MKT-2402,West Pokot,Dry Season,Mixed,10,15.1,2.9,2,0,8,0
MKT-2403,Samburu,Dry Season,Camels,10,36.3,2.1,3,0,4,0
MKT-2404,Wajir,Long Rains,Cattle,10,60.0,1.5,1,0,1,1
MKT-2405,Garissa,Long Rains,Camels,16,38.9,14.6,2,2,7,0
MKT-2406,Samburu,Dry Season,Sheep,10,76.2,7.6,2,0,5,0
MKT-2407,Mandera,Short Rains,Camels,11,39.1,5.7,1,0,2,0
MKT-2408,Samburu,Long Rains,Cattle,10,17.0,2.3,1,0,6,1
MKT-2409,Isiolo,Short Rains,Cattle,17,11.0,4.5,1,1,6,1
MKT-2410,Marsabit,Dry Season,Sheep,10,45.9,7.7,0,0,5,0
MKT-2411,Turkana,Short Rains,Cattle,11,67.2,0.6,4,3,6,0
MKT-2412,Baringo,Short Rains,Goats,16,13.9,3.6,0,0,9,1
MKT-2413,Turkana,Long Rains,Camels,14,19.7,2.2,3,1,9,0
MKT-2414,Samburu,Dry Season,Mixed,10,26.1,8.3,1,1,7,1
MKT-2415,Garissa,Long Rains,Mixed,10,23.1,7.5,2,1,3,1
MKT-2416,Mandera,Dry Season,Mixed,12,74.9,2.8,1,0,9,0
MKT-2417,Baringo,Dry Season,Sheep,10,48.3,0.5,0,0,10,0
MKT-2418,Garissa,Long Rains,Mixed,10,7.5,1.6,1,1,7,1
MKT-2419,Kajiado,Dry Season,Camels,14,84.6,1.4,2,0,4,0
MKT-2420,Kajiado,Short Rains,Cattle,10,11.3,6.7,0,0,1,1
MKT-2421,Mandera,Dry Season,Goats,30,11.0,1.5,0,0,10,0
MKT-2422,Baringo,Dry Season,Mixed,11,68.0,5.3,2,1,6,0
MKT-2423,Samburu,Dry Season,Mixed,10,45.1,7.6,1,1,6,0
MKT-2424,Laikipia,Dry Season,Mixed,21,58.6,16.9,3,0,6,0
MKT-2425,Kajiado,Dry Season,Goats,20,24.0,2.2,2,2,4,0
MKT-2426,Isiolo,Short Rains,Camels,10,85.5,1.6,1,0,9,0
MKT-2427,Mandera,Long Rains,Mixed,12,52.9,1.5,3,0,5,0
MKT-2428,Kajiado,Long Rains,Cattle,17,58.4,3.6,2,2,1,1
MKT-2429,West Pokot,Short Rains,Sheep,19,45.0,8.4,1,0,4,0
MKT-2430,Kajiado,Dry Season,Goats,10,28.4,8.9,2,1,10,0
MKT-2431,Mandera,Short Rains,Camels,24,34.0,1.9,3,0,3,1
MKT-2432,Isiolo,Short Rains,Cattle,10,16.9,1.1,0,0,8,1
MKT-2433,Mandera,Dry Season,Goats,11,40.3,4.8,1,1,6,0
MKT-2434,Marsabit,Dry Season,Goats,10,7.7,1.2,3,0,10,0
MKT-2435,Laikipia,Dry Season,Sheep,11,77.6,13.4,2,0,10,0
MKT-2436,Turkana,Dry Season,Sheep,10,17.8,0.7,1,0,7,1
MKT-2437,Narok,Long Rains,Camels,18,9.7,11.2,4,0,10,0
MKT-2438,Isiolo,Dry Season,Mixed,10,17.5,0.5,4,0,2,0
MKT-2439,Narok,Long Rains,Sheep,19,35.7,13.2,3,0,1,0
MKT-2440,Isiolo,Dry Season,Camels,10,11.9,7.9,2,0,2,1
MKT-2441,Marsabit,Short Rains,Goats,10,37.9,3.1,2,1,6,1
MKT-2442,West Pokot,Dry Season,Mixed,12,18.7,4.2,1,1,5,1
MKT-2443,Narok,Long Rains,Cattle,13,27.8,9.0,2,2,8,1
MKT-2444,Isiolo,Long Rains,Goats,10,57.2,1.6,0,1,4,1
MKT-2445,Narok,Dry Season,Camels,11,32.8,17.7,3,1,3,1
MKT-2446,Marsabit,Dry Season,Cattle,11,27.2,5.3,1,0,4,1
MKT-2447,Garissa,Dry Season,Goats,16,29.5,11.4,1,1,9,0
MKT-2448,Baringo,Short Rains,Sheep,10,29.1,5.7,0,2,8,0
MKT-2449,Turkana,Short Rains,Camels,10,23.0,4.8,1,0,8,1
MKT-2450,Marsabit,Short Rains,Cattle,10,60.7,5.1,0,0,6,0
MKT-2451,Marsabit,Short Rains,Sheep,13,10.0,3.6,1,0,5,0
MKT-2452,Baringo,Short Rains,Cattle,10,29.4,10.6,3,0,8,0
MKT-2453,Laikipia,Dry Season,Mixed,10,34.2,15.0,1,1,4,0
MKT-2454,Wajir,Long Rains,Mixed,15,29.8,15.4,1,0,10,0
MKT-2455,Samburu,Dry Season,Camels,10,29.4,1.0,1,0,6,1
MKT-2456,Garissa,Long Rains,Cattle,10,29.1,11.5,0,1,9,1
MKT-2457,Laikipia,Long Rains,Mixed,10,38.8,1.8,3,1,3,0
MKT-2458,Laikipia,Short Rains,Goats,10,35.8,0.5,1,2,9,1
MKT-2459,Garissa,Dry Season,Goats,12,51.6,2.6,1,0,8,0
MKT-2460,Kajiado,Dry Season,Mixed,10,21.1,2.8,1,0,3,0
MKT-2461,Isiolo,Long Rains,Mixed,11,26.1,13.3,1,0,7,0
MKT-2462,Baringo,Long Rains,Camels,12,2.1,10.9,3,0,5,0
MKT-2463,Wajir,Short Rains,Camels,10,16.6,0.7,0,0,7,0
MKT-2464,Samburu,Dry Season,Goats,15,30.3,3.2,0,0,4,0
MKT-2465,Baringo,Dry Season,Sheep,10,66.1,2.3,2,0,3,0
MKT-2466,Turkana,Long Rains,Cattle,10,50.3,7.2,0,0,7,0
MKT-2467,Laikipia,Short Rains,Sheep,10,35.7,6.2,2,0,6,1
MKT-2468,West Pokot,Short Rains,Camels,10,17.8,9.1,2,2,5,1
MKT-2469,Narok,Short Rains,Sheep,15,48.3,19.3,2,1,4,0
MKT-2470,Marsabit,Short Rains,Camels,10,75.9,4.4,3,0,6,0
MKT-2471,Narok,Short Rains,Sheep,16,7.9,8.5,1,2,1,1
MKT-2472,Garissa,Short Rains,Goats,10,51.3,20.0,0,0,8,0
MKT-2473,Marsabit,Long Rains,Camels,16,5.1,6.2,3,0,6,1
MKT-2474,Marsabit,Long Rains,Goats,18,47.5,2.9,4,1,5,0
MKT-2475,Mandera,Long Rains,Sheep,10,61.8,4.1,2,0,8,0
MKT-2476,Isiolo,Long Rains,Mixed,12,14.5,11.2,1,0,4,1
MKT-2477,Samburu,Dry Season,Mixed,10,7.4,10.2,4,0,2,0
MKT-2478,Laikipia,Long Rains,Cattle,11,10.7,11.0,3,0,5,0
MKT-2479,Isiolo,Short Rains,Mixed,28,46.0,10.9,1,0,7,0
MKT-2480,Baringo,Dry Season,Cattle,15,70.4,20.3,1,0,5,0
MKT-2481,Wajir,Dry Season,Sheep,14,12.0,11.6,1,1,7,0
MKT-2482,Kajiado,Long Rains,Cattle,10,58.1,15.5,1,1,2,0
MKT-2483,West Pokot,Short Rains,Cattle,19,15.3,6.8,1,1,1,1
MKT-2484,Wajir,Dry Season,Cattle,26,59.4,8.3,3,0,3,0
MKT-2485,Marsabit,Dry Season,Goats,15,39.2,27.5,1,0,1,0
MKT-2486,Samburu,Short Rains,Cattle,10,59.2,16.3,1,0,3,0
MKT-2487,Samburu,Short Rains,Camels,10,27.6,12.0,3,0,3,1
MKT-2488,Narok,Dry Season,Sheep,10,29.2,9.3,5,1,8,0
MKT-2489,Baringo,Long Rains,Goats,12,53.5,3.6,2,0,5,1
MKT-2490,Samburu,Dry Season,Camels,10,43.7,6.4,3,0,3,0
MKT-2491,Marsabit,Short Rains,Sheep,12,69.4,0.5,1,0,5,0
MKT-2492,Marsabit,Dry Season,Goats,32,58.0,4.3,1,0,8,0
MKT-2493,Garissa,Short Rains,Sheep,14,47.9,0.9,3,0,10,0
MKT-2494,Narok,Short Rains,Mixed,16,54.4,10.4,2,1,10,0
MKT-2495,Wajir,Dry Season,Sheep,21,40.3,17.8,3,0,1,0
MKT-2496,Wajir,Short Rains,Mixed,14,28.9,1.5,0,1,7,1
MKT-2497,Kajiado,Short Rains,Mixed,17,19.4,2.3,1,0,5,0
MKT-2498,West Pokot,Dry Season,Sheep,10,51.6,15.6,1,0,4,1
MKT-2499,Garissa,Short Rains,Mixed,18,78.9,7.1,0,1,3,0
MKT-2500,West Pokot,Short Rains,Goats,10,6.0,7.1,1,0,7,0
